amfi_code,date,rolling_sharpe,scheme_name
100016,2022-01-03,,HDFC Top 100 Fund - Regular Plan - Growth
100016,2022-01-04,,HDFC Top 100 Fund - Regular Plan - Growth
100016,2022-01-05,,HDFC Top 100 Fund - Regular Plan - Growth
100016,2022-01-06,,HDFC Top 100 Fund - Regular Plan - Growth
100016,2022-01-07,,HDFC Top 100 Fund - Regular Plan - Growth
100016,2022-01-08,,HDFC Top 100 Fund - Regular Plan - Growth
100016,2022-01-09,,HDFC Top 100 Fund - Regular Plan - Growth
100016,2022-01-10,,HDFC Top 100 Fund - Regular Plan - Growth
100016,2022-01-11,,HDFC Top 100 Fund - Regular Plan - Growth
100016,2022-01-12,,HDFC Top 100 Fund - Regular Plan - Growth
100016,2022-01-13,,HDFC Top 100 Fund - Regular Plan - Growth
100016,2022-01-14,,HDFC Top 100 Fund - Regular Plan - Growth
100016,2022-01-15,,HDFC Top 100 Fund - Regular Plan - Growth
100016,2022-01-16,,HDFC Top 100 Fund - Regular Plan - Growth
100016,2022-01-17,,HDFC Top 100 Fund - Regular Plan - Growth
100016,2022-01-18,,HDFC Top 100 Fund - Regular Plan - Growth
100016,2022-01-19,,HDFC Top 100 Fund - Regular Plan - Growth
100016,2022-01-20,,HDFC Top 100 Fund - Regular Plan - Growth
100016,2022-01-21,,HDFC Top 100 Fund - Regular Plan - Growth
100016,2022-01-22,,HDFC Top 100 Fund - Regular Plan - Growth
100016,2022-01-23,,HDFC Top 100 Fund - Regular Plan - Growth
100016,2022-01-24,,HDFC Top 100 Fund - Regular Plan - Growth
100016,2022-01-25,,HDFC Top 100 Fund - Regular Plan - Growth
100016,2022-01-26,,HDFC Top 100 Fund - Regular Plan - Growth
100016,2022-01-27,,HDFC Top 100 Fund - Regular Plan - Growth
100016,2022-01-28,,HDFC Top 100 Fund - Regular Plan - Growth
100016,2022-01-29,,HDFC Top 100 Fund - Regular Plan - Growth
100016,2022-01-30,,HDFC Top 100 Fund - Regular Plan - Growth
100016,2022-01-31,,HDFC Top 100 Fund - Regular Plan - Growth
100016,2022-02-01,,HDFC Top 100 Fund - Regular Plan - Growth
100016,2022-02-02,,HDFC Top 100 Fund - Regular Plan - Growth
100016,2022-02-03,,HDFC Top 100 Fund - Regular Plan - Growth
100016,2022-02-04,,HDFC Top 100 Fund - Regular Plan - Growth
100016,2022-02-05,,HDFC Top 100 Fund - Regular Plan - Growth
100016,2022-02-06,,HDFC Top 100 Fund - Regular Plan - Growth
100016,2022-02-07,,HDFC Top 100 Fund - Regular Plan - Growth
100016,2022-02-08,,HDFC Top 100 Fund - Regular Plan - Growth
100016,2022-02-09,,HDFC Top 100 Fund - Regular Plan - Growth
100016,2022-02-10,,HDFC Top 100 Fund - Regular Plan - Growth
100016,2022-02-11,,HDFC Top 100 Fund - Regular Plan - Growth
100016,2022-02-12,,HDFC Top 100 Fund - Regular Plan - Growth
100016,2022-02-13,,HDFC Top 100 Fund - Regular Plan - Growth
100016,2022-02-14,,HDFC Top 100 Fund - Regular Plan - Growth
100016,2022-02-15,,HDFC Top 100 Fund - Regular Plan - Growth
100016,2022-02-16,,HDFC Top 100 Fund - Regular Plan - Growth
100016,2022-02-17,,HDFC Top 100 Fund - Regular Plan - Growth
100016,2022-02-18,,HDFC Top 100 Fund - Regular Plan - Growth
100016,2022-02-19,,HDFC Top 100 Fund - Regular Plan - Growth
100016,2022-02-20,,HDFC Top 100 Fund - Regular Plan - Growth
100016,2022-02-21,,HDFC Top 100 Fund - Regular Plan - Growth
100016,2022-02-22,,HDFC Top 100 Fund - Regular Plan - Growth
100016,2022-02-23,,HDFC Top 100 Fund - Regular Plan - Growth
100016,2022-02-24,,HDFC Top 100 Fund - Regular Plan - Growth
100016,2022-02-25,,HDFC Top 100 Fund - Regular Plan - Growth
100016,2022-02-26,,HDFC Top 100 Fund - Regular Plan - Growth
100016,2022-02-27,,HDFC Top 100 Fund - Regular Plan - Growth
100016,2022-02-28,,HDFC Top 100 Fund - Regular Plan - Growth
100016,2022-03-01,,HDFC Top 100 Fund - Regular Plan - Growth
100016,2022-03-02,,HDFC Top 100 Fund - Regular Plan - Growth
100016,2022-03-03,,HDFC Top 100 Fund - Regular Plan - Growth
100016,2022-03-04,,HDFC Top 100 Fund - Regular Plan - Growth
100016,2022-03-05,,HDFC Top 100 Fund - Regular Plan - Growth
100016,2022-03-06,,HDFC Top 100 Fund - Regular Plan - Growth
100016,2022-03-07,,HDFC Top 100 Fund - Regular Plan - Growth
100016,2022-03-08,,HDFC Top 100 Fund - Regular Plan - Growth
100016,2022-03-09,,HDFC Top 100 Fund - Regular Plan - Growth
100016,2022-03-10,,HDFC Top 100 Fund - Regular Plan - Growth
100016,2022-03-11,,HDFC Top 100 Fund - Regular Plan - Growth
100016,2022-03-12,,HDFC Top 100 Fund - Regular Plan - Growth
100016,2022-03-13,,HDFC Top 100 Fund - Regular Plan - Growth
100016,2022-03-14,,HDFC Top 100 Fund - Regular Plan - Growth
100016,2022-03-15,,HDFC Top 100 Fund - Regular Plan - Growth
100016,2022-03-16,,HDFC Top 100 Fund - Regular Plan - Growth
100016,2022-03-17,,HDFC Top 100 Fund - Regular Plan - Growth
100016,2022-03-18,,HDFC Top 100 Fund - Regular Plan - Growth
100016,2022-03-19,,HDFC Top 100 Fund - Regular Plan - Growth
100016,2022-03-20,,HDFC Top 100 Fund - Regular Plan - Growth
100016,2022-03-21,,HDFC Top 100 Fund - Regular Plan - Growth
100016,2022-03-22,,HDFC Top 100 Fund - Regular Plan - Growth
100016,2022-03-23,,HDFC Top 100 Fund - Regular Plan - Growth
100016,2022-03-24,,HDFC Top 100 Fund - Regular Plan - Growth
100016,2022-03-25,,HDFC Top 100 Fund - Regular Plan - Growth
100016,2022-03-26,,HDFC Top 100 Fund - Regular Plan - Growth
100016,2022-03-27,,HDFC Top 100 Fund - Regular Plan - Growth
100016,2022-03-28,,HDFC Top 100 Fund - Regular Plan - Growth
100016,2022-03-29,,HDFC Top 100 Fund - Regular Plan - Growth
100016,2022-03-30,,HDFC Top 100 Fund - Regular Plan - Growth
100016,2022-03-31,,HDFC Top 100 Fund - Regular Plan - Growth
100016,2022-04-01,,HDFC Top 100 Fund - Regular Plan - Growth
100016,2022-04-02,,HDFC Top 100 Fund - Regular Plan - Growth
100016,2022-04-03,0.4930314161818153,HDFC Top 100 Fund - Regular Plan - Growth
100016,2022-04-04,0.8474853484716953,HDFC Top 100 Fund - Regular Plan - Growth
100016,2022-04-05,0.44479849179927883,HDFC Top 100 Fund - Regular Plan - Growth
100016,2022-04-06,0.7352151949700468,HDFC Top 100 Fund - Regular Plan - Growth
100016,2022-04-07,0.5340290435296849,HDFC Top 100 Fund - Regular Plan - Growth
100016,2022-04-08,0.49552578606969616,HDFC Top 100 Fund - Regular Plan - Growth
100016,2022-04-09,0.49552578606969616,HDFC Top 100 Fund - Regular Plan - Growth
100016,2022-04-10,0.6816071595859037,HDFC Top 100 Fund - Regular Plan - Growth
100016,2022-04-11,0.5823608078045936,HDFC Top 100 Fund - Regular Plan - Growth
100016,2022-04-12,0.6947205007491335,HDFC Top 100 Fund - Regular Plan - Growth
100016,2022-04-13,0.5804638547440407,HDFC Top 100 Fund - Regular Plan - Growth
100016,2022-04-14,0.6420948938453188,HDFC Top 100 Fund - Regular Plan - Growth
100016,2022-04-15,0.5415326221195366,HDFC Top 100 Fund - Regular Plan - Growth
100016,2022-04-16,0.5415326221195366,HDFC Top 100 Fund - Regular Plan - Growth
100016,2022-04-17,0.5252794823636692,HDFC Top 100 Fund - Regular Plan - Growth
100016,2022-04-18,0.12046068452536864,HDFC Top 100 Fund - Regular Plan - Growth
100016,2022-04-19,0.2801866483207609,HDFC Top 100 Fund - Regular Plan - Growth
100016,2022-04-20,0.5485451882300589,HDFC Top 100 Fund - Regular Plan - Growth
100016,2022-04-21,0.5583946391689788,HDFC Top 100 Fund - Regular Plan - Growth
100016,2022-04-22,0.8135623040245975,HDFC Top 100 Fund - Regular Plan - Growth
100016,2022-04-23,0.8135623040245975,HDFC Top 100 Fund - Regular Plan - Growth
100016,2022-04-24,0.8616624461605005,HDFC Top 100 Fund - Regular Plan - Growth
100016,2022-04-25,0.7047809803106019,HDFC Top 100 Fund - Regular Plan - Growth
100016,2022-04-26,0.6974623178732934,HDFC Top 100 Fund - Regular Plan - Growth
100016,2022-04-27,0.4550896579038545,HDFC Top 100 Fund - Regular Plan - Growth
100016,2022-04-28,0.9094895156081316,HDFC Top 100 Fund - Regular Plan - Growth
100016,2022-04-29,0.954125176277209,HDFC Top 100 Fund - Regular Plan - Growth
100016,2022-04-30,0.954125176277209,HDFC Top 100 Fund - Regular Plan - Growth
100016,2022-05-01,0.6059103999629688,HDFC Top 100 Fund - Regular Plan - Growth
100016,2022-05-02,0.5572656742928395,HDFC Top 100 Fund - Regular Plan - Growth
100016,2022-05-03,0.06785213302423157,HDFC Top 100 Fund - Regular Plan - Growth
100016,2022-05-04,0.48653416215847284,HDFC Top 100 Fund - Regular Plan - Growth
100016,2022-05-05,0.2044603634273117,HDFC Top 100 Fund - Regular Plan - Growth
100016,2022-05-06,0.10759197605966052,HDFC Top 100 Fund - Regular Plan - Growth
100016,2022-05-07,0.1075919760596605,HDFC Top 100 Fund - Regular Plan - Growth
100016,2022-05-08,0.3354302322577495,HDFC Top 100 Fund - Regular Plan - Growth
100016,2022-05-09,0.3183435908811873,HDFC Top 100 Fund - Regular Plan - Growth
100016,2022-05-10,0.16396287301114779,HDFC Top 100 Fund - Regular Plan - Growth
100016,2022-05-11,-0.11024754917789381,HDFC Top 100 Fund - Regular Plan - Growth
100016,2022-05-12,-0.6027401527357185,HDFC Top 100 Fund - Regular Plan - Growth
100016,2022-05-13,-0.4631139381017149,HDFC Top 100 Fund - Regular Plan - Growth
100016,2022-05-14,-0.4631139381017149,HDFC Top 100 Fund - Regular Plan - Growth
100016,2022-05-15,-0.2598574231728323,HDFC Top 100 Fund - Regular Plan - Growth
100016,2022-05-16,-0.23552835190821117,HDFC Top 100 Fund - Regular Plan - Growth
100016,2022-05-17,0.198937072293785,HDFC Top 100 Fund - Regular Plan - Growth
100016,2022-05-18,-0.33267850984763997,HDFC Top 100 Fund - Regular Plan - Growth
100016,2022-05-19,-0.4653641693643759,HDFC Top 100 Fund - Regular Plan - Growth
100016,2022-05-20,-0.55153222330474,HDFC Top 100 Fund - Regular Plan - Growth
100016,2022-05-21,-0.55153222330474,HDFC Top 100 Fund - Regular Plan - Growth
100016,2022-05-22,-0.6649166666827656,HDFC Top 100 Fund - Regular Plan - Growth
100016,2022-05-23,-0.6042872998355133,HDFC Top 100 Fund - Regular Plan - Growth
100016,2022-05-24,-1.0450649038552435,HDFC Top 100 Fund - Regular Plan - Growth
100016,2022-05-25,-0.6398521555766086,HDFC Top 100 Fund - Regular Plan - Growth
100016,2022-05-26,-0.8266664597603703,HDFC Top 100 Fund - Regular Plan - Growth
100016,2022-05-27,-1.0502998434297708,HDFC Top 100 Fund - Regular Plan - Growth
100016,2022-05-28,-1.0502998434297708,HDFC Top 100 Fund - Regular Plan - Growth
100016,2022-05-29,-0.786988123765045,HDFC Top 100 Fund - Regular Plan - Growth
100016,2022-05-30,-0.6743132532035528,HDFC Top 100 Fund - Regular Plan - Growth
100016,2022-05-31,-1.0994094820883402,HDFC Top 100 Fund - Regular Plan - Growth
100016,2022-06-01,-1.214751589460061,HDFC Top 100 Fund - Regular Plan - Growth
100016,2022-06-02,-1.217560093317405,HDFC Top 100 Fund - Regular Plan - Growth
100016,2022-06-03,-1.3165877472986713,HDFC Top 100 Fund - Regular Plan - Growth
100016,2022-06-04,-1.3165877472986713,HDFC Top 100 Fund - Regular Plan - Growth
100016,2022-06-05,-1.3081465729078638,HDFC Top 100 Fund - Regular Plan - Growth
100016,2022-06-06,-1.7295295862338331,HDFC Top 100 Fund - Regular Plan - Growth
100016,2022-06-07,-1.4354109098368235,HDFC Top 100 Fund - Regular Plan - Growth
100016,2022-06-08,-1.5944708633444504,HDFC Top 100 Fund - Regular Plan - Growth
100016,2022-06-09,-1.7770364635965181,HDFC Top 100 Fund - Regular Plan - Growth
100016,2022-06-10,-1.8673344462115062,HDFC Top 100 Fund - Regular Plan - Growth
100016,2022-06-11,-1.8673344462115062,HDFC Top 100 Fund - Regular Plan - Growth
100016,2022-06-12,-1.9338607017852063,HDFC Top 100 Fund - Regular Plan - Growth
100016,2022-06-13,-1.9971548489110063,HDFC Top 100 Fund - Regular Plan - Growth
100016,2022-06-14,-2.0395512723391356,HDFC Top 100 Fund - Regular Plan - Growth
100016,2022-06-15,-2.556683598619452,HDFC Top 100 Fund - Regular Plan - Growth
100016,2022-06-16,-2.929393698405156,HDFC Top 100 Fund - Regular Plan - Growth
100016,2022-06-17,-2.9908961683237374,HDFC Top 100 Fund - Regular Plan - Growth
100016,2022-06-18,-2.9908961683237374,HDFC Top 100 Fund - Regular Plan - Growth
100016,2022-06-19,-3.0295721313451147,HDFC Top 100 Fund - Regular Plan - Growth
100016,2022-06-20,-2.7934165221723983,HDFC Top 100 Fund - Regular Plan - Growth
100016,2022-06-21,-2.6809932018955367,HDFC Top 100 Fund - Regular Plan - Growth
100016,2022-06-22,-3.3308760704764384,HDFC Top 100 Fund - Regular Plan - Growth
100016,2022-06-23,-3.4575816970179263,HDFC Top 100 Fund - Regular Plan - Growth
100016,2022-06-24,-3.1327749350945235,HDFC Top 100 Fund - Regular Plan - Growth
100016,2022-06-25,-3.1327749350945235,HDFC Top 100 Fund - Regular Plan - Growth
100016,2022-06-26,-3.4106259059637525,HDFC Top 100 Fund - Regular Plan - Growth
100016,2022-06-27,-3.9745086895880677,HDFC Top 100 Fund - Regular Plan - Growth
100016,2022-06-28,-4.30203959894745,HDFC Top 100 Fund - Regular Plan - Growth
100016,2022-06-29,-4.048697873832664,HDFC Top 100 Fund - Regular Plan - Growth
100016,2022-06-30,-3.8492158343704714,HDFC Top 100 Fund - Regular Plan - Growth
100016,2022-07-01,-3.7600971982338627,HDFC Top 100 Fund - Regular Plan - Growth
100016,2022-07-02,-3.7600971982338627,HDFC Top 100 Fund - Regular Plan - Growth
100016,2022-07-03,-3.943812029544327,HDFC Top 100 Fund - Regular Plan - Growth
100016,2022-07-04,-4.139078076126835,HDFC Top 100 Fund - Regular Plan - Growth
100016,2022-07-05,-3.81322708164077,HDFC Top 100 Fund - Regular Plan - Growth
100016,2022-07-06,-3.43019296333652,HDFC Top 100 Fund - Regular Plan - Growth
100016,2022-07-07,-3.636438565241117,HDFC Top 100 Fund - Regular Plan - Growth
100016,2022-07-08,-3.8786752531487534,HDFC Top 100 Fund - Regular Plan - Growth
100016,2022-07-09,-3.8786752531487534,HDFC Top 100 Fund - Regular Plan - Growth
100016,2022-07-10,-3.898183077628848,HDFC Top 100 Fund - Regular Plan - Growth
100016,2022-07-11,-3.532633013607887,HDFC Top 100 Fund - Regular Plan - Growth
100016,2022-07-12,-3.4721156466315444,HDFC Top 100 Fund - Regular Plan - Growth
100016,2022-07-13,-3.914007736014794,HDFC Top 100 Fund - Regular Plan - Growth
100016,2022-07-14,-4.13141790540071,HDFC Top 100 Fund - Regular Plan - Growth
100016,2022-07-15,-4.188596756886783,HDFC Top 100 Fund - Regular Plan - Growth
100016,2022-07-16,-4.188596756886783,HDFC Top 100 Fund - Regular Plan - Growth
100016,2022-07-17,-3.92992622521777,HDFC Top 100 Fund - Regular Plan - Growth
100016,2022-07-18,-3.9535460693245934,HDFC Top 100 Fund - Regular Plan - Growth
100016,2022-07-19,-3.798647322196789,HDFC Top 100 Fund - Regular Plan - Growth
100016,2022-07-20,-4.068938309138644,HDFC Top 100 Fund - Regular Plan - Growth
100016,2022-07-21,-4.660904049358036,HDFC Top 100 Fund - Regular Plan - Growth
100016,2022-07-22,-4.546553008920888,HDFC Top 100 Fund - Regular Plan - Growth
100016,2022-07-23,-4.546553008920888,HDFC Top 100 Fund - Regular Plan - Growth
100016,2022-07-24,-4.510629598557501,HDFC Top 100 Fund - Regular Plan - Growth
100016,2022-07-25,-4.245800965969802,HDFC Top 100 Fund - Regular Plan - Growth
100016,2022-07-26,-4.307198196252241,HDFC Top 100 Fund - Regular Plan - Growth
100016,2022-07-27,-4.239559381024895,HDFC Top 100 Fund - Regular Plan - Growth
100016,2022-07-28,-4.270479892316319,HDFC Top 100 Fund - Regular Plan - Growth
100016,2022-07-29,-4.005317532547572,HDFC Top 100 Fund - Regular Plan - Growth
100016,2022-07-30,-4.005317532547572,HDFC Top 100 Fund - Regular Plan - Growth
100016,2022-07-31,-3.9373854398084864,HDFC Top 100 Fund - Regular Plan - Growth
100016,2022-08-01,-3.6580557492093693,HDFC Top 100 Fund - Regular Plan - Growth
100016,2022-08-02,-4.352789584905292,HDFC Top 100 Fund - Regular Plan - Growth
100016,2022-08-03,-4.174585569600318,HDFC Top 100 Fund - Regular Plan - Growth
100016,2022-08-04,-3.8221260100866874,HDFC Top 100 Fund - Regular Plan - Growth
100016,2022-08-05,-3.9687230572241603,HDFC Top 100 Fund - Regular Plan - Growth
100016,2022-08-06,-3.9687230572241603,HDFC Top 100 Fund - Regular Plan - Growth
100016,2022-08-07,-4.055277367262352,HDFC Top 100 Fund - Regular Plan - Growth
100016,2022-08-08,-3.92576943178198,HDFC Top 100 Fund - Regular Plan - Growth
100016,2022-08-09,-3.715555906417134,HDFC Top 100 Fund - Regular Plan - Growth
100016,2022-08-10,-3.7784906104723954,HDFC Top 100 Fund - Regular Plan - Growth
100016,2022-08-11,-3.540574939643184,HDFC Top 100 Fund - Regular Plan - Growth
100016,2022-08-12,-3.685170653778079,HDFC Top 100 Fund - Regular Plan - Growth
100016,2022-08-13,-3.685170653778079,HDFC Top 100 Fund - Regular Plan - Growth
100016,2022-08-14,-3.5979317583745147,HDFC Top 100 Fund - Regular Plan - Growth
100016,2022-08-15,-4.302362360172269,HDFC Top 100 Fund - Regular Plan - Growth
100016,2022-08-16,-4.140562318250247,HDFC Top 100 Fund - Regular Plan - Growth
100016,2022-08-17,-3.671034890758387,HDFC Top 100 Fund - Regular Plan - Growth
100016,2022-08-18,-3.478084993746518,HDFC Top 100 Fund - Regular Plan - Growth
100016,2022-08-19,-3.5124544528629933,HDFC Top 100 Fund - Regular Plan - Growth
100016,2022-08-20,-3.5124544528629933,HDFC Top 100 Fund - Regular Plan - Growth
100016,2022-08-21,-3.574780540554159,HDFC Top 100 Fund - Regular Plan - Growth
100016,2022-08-22,-3.646551926172274,HDFC Top 100 Fund - Regular Plan - Growth
100016,2022-08-23,-3.602620991670166,HDFC Top 100 Fund - Regular Plan - Growth
100016,2022-08-24,-3.721592438451815,HDFC Top 100 Fund - Regular Plan - Growth
100016,2022-08-25,-3.3522082820470236,HDFC Top 100 Fund - Regular Plan - Growth
100016,2022-08-26,-3.5315641315441586,HDFC Top 100 Fund - Regular Plan - Growth
100016,2022-08-27,-3.5315641315441586,HDFC Top 100 Fund - Regular Plan - Growth
100016,2022-08-28,-3.2568874017148235,HDFC Top 100 Fund - Regular Plan - Growth
100016,2022-08-29,-2.6306202449814524,HDFC Top 100 Fund - Regular Plan - Growth
100016,2022-08-30,-2.500238959866196,HDFC Top 100 Fund - Regular Plan - Growth
100016,2022-08-31,-2.3085796474128775,HDFC Top 100 Fund - Regular Plan - Growth
100016,2022-09-01,-2.1748423622811472,HDFC Top 100 Fund - Regular Plan - Growth
100016,2022-09-02,-2.4571096765822857,HDFC Top 100 Fund - Regular Plan - Growth
100016,2022-09-03,-2.4571096765822857,HDFC Top 100 Fund - Regular Plan - Growth
100016,2022-09-04,-2.7396266061203947,HDFC Top 100 Fund - Regular Plan - Growth
100016,2022-09-05,-3.1739718370182524,HDFC Top 100 Fund - Regular Plan - Growth
100016,2022-09-06,-2.963751735030199,HDFC Top 100 Fund - Regular Plan - Growth
100016,2022-09-07,-2.6313693952671504,HDFC Top 100 Fund - Regular Plan - Growth
100016,2022-09-08,-2.263497184353452,HDFC Top 100 Fund - Regular Plan - Growth
100016,2022-09-09,-2.1699304289786077,HDFC Top 100 Fund - Regular Plan - Growth
100016,2022-09-10,-2.1699304289786077,HDFC Top 100 Fund - Regular Plan - Growth
100016,2022-09-11,-2.0687301833625575,HDFC Top 100 Fund - Regular Plan - Growth
100016,2022-09-12,-2.122219389731302,HDFC Top 100 Fund - Regular Plan - Growth
100016,2022-09-13,-2.139355104170147,HDFC Top 100 Fund - Regular Plan - Growth
100016,2022-09-14,-1.9970656502385398,HDFC Top 100 Fund - Regular Plan - Growth
100016,2022-09-15,-2.295705424625039,HDFC Top 100 Fund - Regular Plan - Growth
100016,2022-09-16,-1.9297536465489367,HDFC Top 100 Fund - Regular Plan - Growth
100016,2022-09-17,-1.9297536465489367,HDFC Top 100 Fund - Regular Plan - Growth
100016,2022-09-18,-1.8272083667690415,HDFC Top 100 Fund - Regular Plan - Growth
100016,2022-09-19,-1.782080834081745,HDFC Top 100 Fund - Regular Plan - Growth
100016,2022-09-20,-1.607211034613277,HDFC Top 100 Fund - Regular Plan - Growth
100016,2022-09-21,-1.712348351317295,HDFC Top 100 Fund - Regular Plan - Growth
100016,2022-09-22,-1.7178993763774333,HDFC Top 100 Fund - Regular Plan - Growth
100016,2022-09-23,-1.2630547652662054,HDFC Top 100 Fund - Regular Plan - Growth
100016,2022-09-24,-1.2630547652662054,HDFC Top 100 Fund - Regular Plan - Growth
100016,2022-09-25,-1.1084708456327605,HDFC Top 100 Fund - Regular Plan - Growth
100016,2022-09-26,-1.0620667185383368,HDFC Top 100 Fund - Regular Plan - Growth
100016,2022-09-27,-0.9905531979704535,HDFC Top 100 Fund - Regular Plan - Growth
100016,2022-09-28,-0.8508493784749027,HDFC Top 100 Fund - Regular Plan - Growth
100016,2022-09-29,-1.1631539008719942,HDFC Top 100 Fund - Regular Plan - Growth
100016,2022-09-30,-1.0655181767266961,HDFC Top 100 Fund - Regular Plan - Growth
100016,2022-10-01,-1.0655181767266961,HDFC Top 100 Fund - Regular Plan - Growth
100016,2022-10-02,-0.6846832108510063,HDFC Top 100 Fund - Regular Plan - Growth
100016,2022-10-03,-0.7909932184855768,HDFC Top 100 Fund - Regular Plan - Growth
100016,2022-10-04,-1.020965800520657,HDFC Top 100 Fund - Regular Plan - Growth
100016,2022-10-05,-0.5448710372359727,HDFC Top 100 Fund - Regular Plan - Growth
100016,2022-10-06,-0.5763162708395426,HDFC Top 100 Fund - Regular Plan - Growth
100016,2022-10-07,-0.8224387876045135,HDFC Top 100 Fund - Regular Plan - Growth
100016,2022-10-08,-0.8224387876045135,HDFC Top 100 Fund - Regular Plan - Growth
100016,2022-10-09,-1.152225585772143,HDFC Top 100 Fund - Regular Plan - Growth
100016,2022-10-10,-0.996874223745881,HDFC Top 100 Fund - Regular Plan - Growth
100016,2022-10-11,-0.8446476154640911,HDFC Top 100 Fund - Regular Plan - Growth
100016,2022-10-12,-0.5823908022290472,HDFC Top 100 Fund - Regular Plan - Growth
100016,2022-10-13,-0.364658535477446,HDFC Top 100 Fund - Regular Plan - Growth
100016,2022-10-14,-0.25483179533297107,HDFC Top 100 Fund - Regular Plan - Growth
100016,2022-10-15,-0.25483179533297107,HDFC Top 100 Fund - Regular Plan - Growth
100016,2022-10-16,-0.22367511190618983,HDFC Top 100 Fund - Regular Plan - Growth
100016,2022-10-17,-0.19686565041696902,HDFC Top 100 Fund - Regular Plan - Growth
100016,2022-10-18,0.03711381765403237,HDFC Top 100 Fund - Regular Plan - Growth
100016,2022-10-19,0.4357700570745117,HDFC Top 100 Fund - Regular Plan - Growth
100016,2022-10-20,0.2670070006229172,HDFC Top 100 Fund - Regular Plan - Growth
100016,2022-10-21,0.650394408504412,HDFC Top 100 Fund - Regular Plan - Growth
100016,2022-10-22,0.650394408504412,HDFC Top 100 Fund - Regular Plan - Growth
100016,2022-10-23,0.45728350420892677,HDFC Top 100 Fund - Regular Plan - Growth
100016,2022-10-24,0.6022826273818422,HDFC Top 100 Fund - Regular Plan - Growth
100016,2022-10-25,0.7796132676135494,HDFC Top 100 Fund - Regular Plan - Growth
100016,2022-10-26,0.7791331334186102,HDFC Top 100 Fund - Regular Plan - Growth
100016,2022-10-27,0.3278306926465127,HDFC Top 100 Fund - Regular Plan - Growth
100016,2022-10-28,0.5822678299093914,HDFC Top 100 Fund - Regular Plan - Growth
100016,2022-10-29,0.5822678299093914,HDFC Top 100 Fund - Regular Plan - Growth
100016,2022-10-30,0.5843813321327035,HDFC Top 100 Fund - Regular Plan - Growth
100016,2022-10-31,1.096297750978362,HDFC Top 100 Fund - Regular Plan - Growth
100016,2022-11-01,1.2788163846658325,HDFC Top 100 Fund - Regular Plan - Growth
100016,2022-11-02,1.306541734531507,HDFC Top 100 Fund - Regular Plan - Growth
100016,2022-11-03,1.5417583572928961,HDFC Top 100 Fund - Regular Plan - Growth
100016,2022-11-04,1.4390956844151668,HDFC Top 100 Fund - Regular Plan - Growth
100016,2022-11-05,1.4390956844151668,HDFC Top 100 Fund - Regular Plan - Growth
100016,2022-11-06,1.5018321591726258,HDFC Top 100 Fund - Regular Plan - Growth
100016,2022-11-07,1.708115367485896,HDFC Top 100 Fund - Regular Plan - Growth
100016,2022-11-08,2.3674067496880116,HDFC Top 100 Fund - Regular Plan - Growth
100016,2022-11-09,2.206556413008789,HDFC Top 100 Fund - Regular Plan - Growth
100016,2022-11-10,1.9083132463622778,HDFC Top 100 Fund - Regular Plan - Growth
100016,2022-11-11,2.0044513533140926,HDFC Top 100 Fund - Regular Plan - Growth
100016,2022-11-12,2.0044513533140926,HDFC Top 100 Fund - Regular Plan - Growth
100016,2022-11-13,1.897527835879755,HDFC Top 100 Fund - Regular Plan - Growth
100016,2022-11-14,1.785499912102973,HDFC Top 100 Fund - Regular Plan - Growth
100016,2022-11-15,1.8488094814047047,HDFC Top 100 Fund - Regular Plan - Growth
100016,2022-11-16,1.888062337700714,HDFC Top 100 Fund - Regular Plan - Growth
100016,2022-11-17,1.9795960761008662,HDFC Top 100 Fund - Regular Plan - Growth
100016,2022-11-18,2.0818007164400223,HDFC Top 100 Fund - Regular Plan - Growth
100016,2022-11-19,2.0818007164400223,HDFC Top 100 Fund - Regular Plan - Growth
100016,2022-11-20,2.254321928990512,HDFC Top 100 Fund - Regular Plan - Growth
100016,2022-11-21,1.9017152307820315,HDFC Top 100 Fund - Regular Plan - Growth
100016,2022-11-22,2.5934513976637077,HDFC Top 100 Fund - Regular Plan - Growth
100016,2022-11-23,2.7941756518779073,HDFC Top 100 Fund - Regular Plan - Growth
100016,2022-11-24,3.1032792719489937,HDFC Top 100 Fund - Regular Plan - Growth
100016,2022-11-25,3.373270419644998,HDFC Top 100 Fund - Regular Plan - Growth
100016,2022-11-26,3.373270419644998,HDFC Top 100 Fund - Regular Plan - Growth
100016,2022-11-27,3.1501409740201143,HDFC Top 100 Fund - Regular Plan - Growth
100016,2022-11-28,3.002566198630773,HDFC Top 100 Fund - Regular Plan - Growth
100016,2022-11-29,2.7208324318557353,HDFC Top 100 Fund - Regular Plan - Growth
100016,2022-11-30,2.713023795572772,HDFC Top 100 Fund - Regular Plan - Growth
100016,2022-12-01,3.191852880217754,HDFC Top 100 Fund - Regular Plan - Growth
100016,2022-12-02,3.1224524804588927,HDFC Top 100 Fund - Regular Plan - Growth
100016,2022-12-03,3.1224524804588927,HDFC Top 100 Fund - Regular Plan - Growth
100016,2022-12-04,3.2967762926408968,HDFC Top 100 Fund - Regular Plan - Growth
100016,2022-12-05,3.2734387874194835,HDFC Top 100 Fund - Regular Plan - Growth
100016,2022-12-06,3.299895253617073,HDFC Top 100 Fund - Regular Plan - Growth
100016,2022-12-07,2.8755432468948037,HDFC Top 100 Fund - Regular Plan - Growth
100016,2022-12-08,2.8963818973476263,HDFC Top 100 Fund - Regular Plan - Growth
100016,2022-12-09,3.064259609109516,HDFC Top 100 Fund - Regular Plan - Growth
100016,2022-12-10,3.064259609109516,HDFC Top 100 Fund - Regular Plan - Growth
100016,2022-12-11,3.263731704856203,HDFC Top 100 Fund - Regular Plan - Growth
100016,2022-12-12,3.471520989933287,HDFC Top 100 Fund - Regular Plan - Growth
100016,2022-12-13,3.6520430679134988,HDFC Top 100 Fund - Regular Plan - Growth
100016,2022-12-14,3.9744593727684845,HDFC Top 100 Fund - Regular Plan - Growth
100016,2022-12-15,3.7931934761691313,HDFC Top 100 Fund - Regular Plan - Growth
100016,2022-12-16,3.5251927774045497,HDFC Top 100 Fund - Regular Plan - Growth
100016,2022-12-17,3.5251927774045497,HDFC Top 100 Fund - Regular Plan - Growth
100016,2022-12-18,3.4261521711642486,HDFC Top 100 Fund - Regular Plan - Growth
100016,2022-12-19,2.950613634435351,HDFC Top 100 Fund - Regular Plan - Growth
100016,2022-12-20,3.1919846162058985,HDFC Top 100 Fund - Regular Plan - Growth
100016,2022-12-21,2.7509040654856456,HDFC Top 100 Fund - Regular Plan - Growth
100016,2022-12-22,2.2547080690108743,HDFC Top 100 Fund - Regular Plan - Growth
100016,2022-12-23,2.220818125679677,HDFC Top 100 Fund - Regular Plan - Growth
100016,2022-12-24,2.220818125679677,HDFC Top 100 Fund - Regular Plan - Growth
100016,2022-12-25,2.52397670381937,HDFC Top 100 Fund - Regular Plan - Growth
100016,2022-12-26,2.5361183683400803,HDFC Top 100 Fund - Regular Plan - Growth
100016,2022-12-27,2.464210291045888,HDFC Top 100 Fund - Regular Plan - Growth
100016,2022-12-28,2.4528597219748067,HDFC Top 100 Fund - Regular Plan - Growth
100016,2022-12-29,2.571504744685456,HDFC Top 100 Fund - Regular Plan - Growth
100016,2022-12-30,2.3917055411096935,HDFC Top 100 Fund - Regular Plan - Growth
100016,2022-12-31,2.3917055411096935,HDFC Top 100 Fund - Regular Plan - Growth
100016,2023-01-01,2.213681600931154,HDFC Top 100 Fund - Regular Plan - Growth
100016,2023-01-02,2.336006637208212,HDFC Top 100 Fund - Regular Plan - Growth
100016,2023-01-03,2.2018189478559824,HDFC Top 100 Fund - Regular Plan - Growth
100016,2023-01-04,2.664474732994773,HDFC Top 100 Fund - Regular Plan - Growth
100016,2023-01-05,3.2737053019839024,HDFC Top 100 Fund - Regular Plan - Growth
100016,2023-01-06,3.3900836861879897,HDFC Top 100 Fund - Regular Plan - Growth
100016,2023-01-07,3.3900836861879897,HDFC Top 100 Fund - Regular Plan - Growth
100016,2023-01-08,3.3459129180768983,HDFC Top 100 Fund - Regular Plan - Growth
100016,2023-01-09,3.124261879101385,HDFC Top 100 Fund - Regular Plan - Growth
100016,2023-01-10,3.6509692963857137,HDFC Top 100 Fund - Regular Plan - Growth
100016,2023-01-11,3.532533634416701,HDFC Top 100 Fund - Regular Plan - Growth
100016,2023-01-12,3.3896400723135445,HDFC Top 100 Fund - Regular Plan - Growth
100016,2023-01-13,3.5895766964741527,HDFC Top 100 Fund - Regular Plan - Growth
100016,2023-01-14,3.5895766964741527,HDFC Top 100 Fund - Regular Plan - Growth
100016,2023-01-15,3.4077089639340192,HDFC Top 100 Fund - Regular Plan - Growth
100016,2023-01-16,3.488792020719026,HDFC Top 100 Fund - Regular Plan - Growth
100016,2023-01-17,3.449478397015382,HDFC Top 100 Fund - Regular Plan - Growth
100016,2023-01-18,3.915407608490249,HDFC Top 100 Fund - Regular Plan - Growth
100016,2023-01-19,3.530089220542624,HDFC Top 100 Fund - Regular Plan - Growth
100016,2023-01-20,3.4708082383675785,HDFC Top 100 Fund - Regular Plan - Growth
100016,2023-01-21,3.4708082383675785,HDFC Top 100 Fund - Regular Plan - Growth
100016,2023-01-22,3.65439178721061,HDFC Top 100 Fund - Regular Plan - Growth
100016,2023-01-23,3.3386335678977352,HDFC Top 100 Fund - Regular Plan - Growth
100016,2023-01-24,3.539552224278898,HDFC Top 100 Fund - Regular Plan - Growth
100016,2023-01-25,3.49924696805706,HDFC Top 100 Fund - Regular Plan - Growth
100016,2023-01-26,2.716891737217432,HDFC Top 100 Fund - Regular Plan - Growth
100016,2023-01-27,2.5957033101872033,HDFC Top 100 Fund - Regular Plan - Growth
100016,2023-01-28,2.5957033101872033,HDFC Top 100 Fund - Regular Plan - Growth
100016,2023-01-29,2.5562535526505057,HDFC Top 100 Fund - Regular Plan - Growth
100016,2023-01-30,1.9955616155984304,HDFC Top 100 Fund - Regular Plan - Growth
100016,2023-01-31,1.6666287865642082,HDFC Top 100 Fund - Regular Plan - Growth
100016,2023-02-01,1.699624045848402,HDFC Top 100 Fund - Regular Plan - Growth
100016,2023-02-02,1.6313720808253036,HDFC Top 100 Fund - Regular Plan - Growth
100016,2023-02-03,1.3252385803337206,HDFC Top 100 Fund - Regular Plan - Growth
100016,2023-02-04,1.3252385803337206,HDFC Top 100 Fund - Regular Plan - Growth
100016,2023-02-05,1.1193772378004025,HDFC Top 100 Fund - Regular Plan - Growth
100016,2023-02-06,1.1335722150595933,HDFC Top 100 Fund - Regular Plan - Growth
100016,2023-02-07,1.1679985965686583,HDFC Top 100 Fund - Regular Plan - Growth
100016,2023-02-08,1.2786367718296043,HDFC Top 100 Fund - Regular Plan - Growth
100016,2023-02-09,1.3524057661309976,HDFC Top 100 Fund - Regular Plan - Growth
100016,2023-02-10,1.5285306245366157,HDFC Top 100 Fund - Regular Plan - Growth
100016,2023-02-11,1.5285306245366157,HDFC Top 100 Fund - Regular Plan - Growth
100016,2023-02-12,1.6544940202973617,HDFC Top 100 Fund - Regular Plan - Growth
100016,2023-02-13,1.5288544989812591,HDFC Top 100 Fund - Regular Plan - Growth
100016,2023-02-14,1.641720503949122,HDFC Top 100 Fund - Regular Plan - Growth
100016,2023-02-15,1.98490382021108,HDFC Top 100 Fund - Regular Plan - Growth
100016,2023-02-16,1.814622015173037,HDFC Top 100 Fund - Regular Plan - Growth
100016,2023-02-17,1.848759541721352,HDFC Top 100 Fund - Regular Plan - Growth
100016,2023-02-18,1.848759541721352,HDFC Top 100 Fund - Regular Plan - Growth
100016,2023-02-19,2.0547632187141085,HDFC Top 100 Fund - Regular Plan - Growth
100016,2023-02-20,1.6653900858914799,HDFC Top 100 Fund - Regular Plan - Growth
100016,2023-02-21,1.2885311131260895,HDFC Top 100 Fund - Regular Plan - Growth
100016,2023-02-22,1.5080598988520264,HDFC Top 100 Fund - Regular Plan - Growth
100016,2023-02-23,0.8938079329765386,HDFC Top 100 Fund - Regular Plan - Growth
100016,2023-02-24,0.7201199564882371,HDFC Top 100 Fund - Regular Plan - Growth
100016,2023-02-25,0.7201199564882371,HDFC Top 100 Fund - Regular Plan - Growth
100016,2023-02-26,0.8295432827455628,HDFC Top 100 Fund - Regular Plan - Growth
100016,2023-02-27,1.2771234664154465,HDFC Top 100 Fund - Regular Plan - Growth
100016,2023-02-28,1.4711699691502795,HDFC Top 100 Fund - Regular Plan - Growth
100016,2023-03-01,1.3057779046536755,HDFC Top 100 Fund - Regular Plan - Growth
100016,2023-03-02,1.5590448315352197,HDFC Top 100 Fund - Regular Plan - Growth
100016,2023-03-03,1.6406459952616472,HDFC Top 100 Fund - Regular Plan - Growth
100016,2023-03-04,1.6406459952616472,HDFC Top 100 Fund - Regular Plan - Growth
100016,2023-03-05,1.5201719781673042,HDFC Top 100 Fund - Regular Plan - Growth
100016,2023-03-06,1.741068038961753,HDFC Top 100 Fund - Regular Plan - Growth
100016,2023-03-07,1.9747013640721867,HDFC Top 100 Fund - Regular Plan - Growth
100016,2023-03-08,2.067909319143636,HDFC Top 100 Fund - Regular Plan - Growth
100016,2023-03-09,2.3310149103682787,HDFC Top 100 Fund - Regular Plan - Growth
100016,2023-03-10,2.4553142050532633,HDFC Top 100 Fund - Regular Plan - Growth
100016,2023-03-11,2.4553142050532633,HDFC Top 100 Fund - Regular Plan - Growth
100016,2023-03-12,2.4102632574695897,HDFC Top 100 Fund - Regular Plan - Growth
100016,2023-03-13,2.2119183932748996,HDFC Top 100 Fund - Regular Plan - Growth
100016,2023-03-14,2.6152551615222666,HDFC Top 100 Fund - Regular Plan - Growth
100016,2023-03-15,2.449003636351254,HDFC Top 100 Fund - Regular Plan - Growth
100016,2023-03-16,3.0772158570612222,HDFC Top 100 Fund - Regular Plan - Growth
100016,2023-03-17,3.123919625638139,HDFC Top 100 Fund - Regular Plan - Growth
100016,2023-03-18,3.123919625638139,HDFC Top 100 Fund - Regular Plan - Growth
100016,2023-03-19,3.3608131835995767,HDFC Top 100 Fund - Regular Plan - Growth
100016,2023-03-20,3.440318893245076,HDFC Top 100 Fund - Regular Plan - Growth
100016,2023-03-21,3.4661581592912922,HDFC Top 100 Fund - Regular Plan - Growth
100016,2023-03-22,3.778191459361549,HDFC Top 100 Fund - Regular Plan - Growth
100016,2023-03-23,3.9802912502061547,HDFC Top 100 Fund - Regular Plan - Growth
100016,2023-03-24,3.8845975009047016,HDFC Top 100 Fund - Regular Plan - Growth
100016,2023-03-25,3.8845975009047016,HDFC Top 100 Fund - Regular Plan - Growth
100016,2023-03-26,3.7204538695870366,HDFC Top 100 Fund - Regular Plan - Growth
100016,2023-03-27,3.89714380190849,HDFC Top 100 Fund - Regular Plan - Growth
100016,2023-03-28,3.9189469191240476,HDFC Top 100 Fund - Regular Plan - Growth
100016,2023-03-29,3.7564854165099213,HDFC Top 100 Fund - Regular Plan - Growth
100016,2023-03-30,4.0354353012517965,HDFC Top 100 Fund - Regular Plan - Growth
100016,2023-03-31,4.31721745887301,HDFC Top 100 Fund - Regular Plan - Growth
100016,2023-04-01,4.31721745887301,HDFC Top 100 Fund - Regular Plan - Growth
100016,2023-04-02,4.317267864056323,HDFC Top 100 Fund - Regular Plan - Growth
100016,2023-04-03,4.057394647895974,HDFC Top 100 Fund - Regular Plan - Growth
100016,2023-04-04,3.72069865280418,HDFC Top 100 Fund - Regular Plan - Growth
100016,2023-04-05,3.3364022338973713,HDFC Top 100 Fund - Regular Plan - Growth
100016,2023-04-06,2.9527628463357014,HDFC Top 100 Fund - Regular Plan - Growth
100016,2023-04-07,3.1874684843514367,HDFC Top 100 Fund - Regular Plan - Growth
100016,2023-04-08,3.1874684843514367,HDFC Top 100 Fund - Regular Plan - Growth
100016,2023-04-09,3.3568621070447255,HDFC Top 100 Fund - Regular Plan - Growth
100016,2023-04-10,3.283619002290782,HDFC Top 100 Fund - Regular Plan - Growth
100016,2023-04-11,3.3069780222106515,HDFC Top 100 Fund - Regular Plan - Growth
100016,2023-04-12,3.5435989128527448,HDFC Top 100 Fund - Regular Plan - Growth
100016,2023-04-13,3.4007606097448226,HDFC Top 100 Fund - Regular Plan - Growth
100016,2023-04-14,3.393458250171943,HDFC Top 100 Fund - Regular Plan - Growth
100016,2023-04-15,3.393458250171943,HDFC Top 100 Fund - Regular Plan - Growth
100016,2023-04-16,3.3343409405468107,HDFC Top 100 Fund - Regular Plan - Growth
100016,2023-04-17,3.1922115616366487,HDFC Top 100 Fund - Regular Plan - Growth
100016,2023-04-18,2.757862469329597,HDFC Top 100 Fund - Regular Plan - Growth
100016,2023-04-19,2.46593022875196,HDFC Top 100 Fund - Regular Plan - Growth
100016,2023-04-20,2.580926750070452,HDFC Top 100 Fund - Regular Plan - Growth
100016,2023-04-21,2.584534950895322,HDFC Top 100 Fund - Regular Plan - Growth
100016,2023-04-22,2.584534950895322,HDFC Top 100 Fund - Regular Plan - Growth
100016,2023-04-23,2.5502219805696207,HDFC Top 100 Fund - Regular Plan - Growth
100016,2023-04-24,2.495708365317417,HDFC Top 100 Fund - Regular Plan - Growth
100016,2023-04-25,2.8548287734923474,HDFC Top 100 Fund - Regular Plan - Growth
100016,2023-04-26,3.3076162958229567,HDFC Top 100 Fund - Regular Plan - Growth
100016,2023-04-27,3.2383718823378853,HDFC Top 100 Fund - Regular Plan - Growth
100016,2023-04-28,3.265665254673003,HDFC Top 100 Fund - Regular Plan - Growth
100016,2023-04-29,3.265665254673003,HDFC Top 100 Fund - Regular Plan - Growth
100016,2023-04-30,3.6678337709572935,HDFC Top 100 Fund - Regular Plan - Growth
100016,2023-05-01,3.9092998080760712,HDFC Top 100 Fund - Regular Plan - Growth
100016,2023-05-02,3.5264116755825343,HDFC Top 100 Fund - Regular Plan - Growth
100016,2023-05-03,3.757185164173357,HDFC Top 100 Fund - Regular Plan - Growth
100016,2023-05-04,4.180271621124198,HDFC Top 100 Fund - Regular Plan - Growth
100016,2023-05-05,4.018077528905499,HDFC Top 100 Fund - Regular Plan - Growth
100016,2023-05-06,4.018077528905499,HDFC Top 100 Fund - Regular Plan - Growth
100016,2023-05-07,3.9899930591475217,HDFC Top 100 Fund - Regular Plan - Growth
100016,2023-05-08,3.684318725305384,HDFC Top 100 Fund - Regular Plan - Growth
100016,2023-05-09,4.199909194665854,HDFC Top 100 Fund - Regular Plan - Growth
100016,2023-05-10,3.74181855342761,HDFC Top 100 Fund - Regular Plan - Growth
100016,2023-05-11,3.6541632559669486,HDFC Top 100 Fund - Regular Plan - Growth
100016,2023-05-12,3.4466159877921827,HDFC Top 100 Fund - Regular Plan - Growth
100016,2023-05-13,3.4466159877921827,HDFC Top 100 Fund - Regular Plan - Growth
100016,2023-05-14,3.2482666747366267,HDFC Top 100 Fund - Regular Plan - Growth
100016,2023-05-15,3.223322601127497,HDFC Top 100 Fund - Regular Plan - Growth
100016,2023-05-16,3.236807723251545,HDFC Top 100 Fund - Regular Plan - Growth
100016,2023-05-17,3.111257752742584,HDFC Top 100 Fund - Regular Plan - Growth
100016,2023-05-18,3.1969129602955912,HDFC Top 100 Fund - Regular Plan - Growth
100016,2023-05-19,3.0394063178487283,HDFC Top 100 Fund - Regular Plan - Growth
100016,2023-05-20,3.0394063178487283,HDFC Top 100 Fund - Regular Plan - Growth
100016,2023-05-21,3.120862396651884,HDFC Top 100 Fund - Regular Plan - Growth
100016,2023-05-22,3.3184866004642415,HDFC Top 100 Fund - Regular Plan - Growth
100016,2023-05-23,2.7354587151992553,HDFC Top 100 Fund - Regular Plan - Growth
100016,2023-05-24,3.1664402928191264,HDFC Top 100 Fund - Regular Plan - Growth
100016,2023-05-25,3.16331326671501,HDFC Top 100 Fund - Regular Plan - Growth
100016,2023-05-26,3.1298236505465127,HDFC Top 100 Fund - Regular Plan - Growth
100016,2023-05-27,3.1298236505465127,HDFC Top 100 Fund - Regular Plan - Growth
100016,2023-05-28,2.860465112495515,HDFC Top 100 Fund - Regular Plan - Growth
100016,2023-05-29,2.410296061974928,HDFC Top 100 Fund - Regular Plan - Growth
100016,2023-05-30,2.6581395795146063,HDFC Top 100 Fund - Regular Plan - Growth
100016,2023-05-31,2.290638681253394,HDFC Top 100 Fund - Regular Plan - Growth
100016,2023-06-01,2.332892311764812,HDFC Top 100 Fund - Regular Plan - Growth
100016,2023-06-02,2.2689549317073507,HDFC Top 100 Fund - Regular Plan - Growth
100016,2023-06-03,2.2689549317073507,HDFC Top 100 Fund - Regular Plan - Growth
100016,2023-06-04,1.967848409777271,HDFC Top 100 Fund - Regular Plan - Growth
100016,2023-06-05,1.9262775659849924,HDFC Top 100 Fund - Regular Plan - Growth
100016,2023-06-06,1.7486742216745113,HDFC Top 100 Fund - Regular Plan - Growth
100016,2023-06-07,1.055813542696714,HDFC Top 100 Fund - Regular Plan - Growth
100016,2023-06-08,0.9680607001430594,HDFC Top 100 Fund - Regular Plan - Growth
100016,2023-06-09,1.3119812168738956,HDFC Top 100 Fund - Regular Plan - Growth
100016,2023-06-10,1.3119812168738956,HDFC Top 100 Fund - Regular Plan - Growth
100016,2023-06-11,1.2872807212958182,HDFC Top 100 Fund - Regular Plan - Growth
100016,2023-06-12,0.9434043936763086,HDFC Top 100 Fund - Regular Plan - Growth
100016,2023-06-13,1.2809743274671943,HDFC Top 100 Fund - Regular Plan - Growth
100016,2023-06-14,1.1134559537688105,HDFC Top 100 Fund - Regular Plan - Growth
100016,2023-06-15,0.8759428541602193,HDFC Top 100 Fund - Regular Plan - Growth
100016,2023-06-16,0.5429119479027313,HDFC Top 100 Fund - Regular Plan - Growth
100016,2023-06-17,0.5429119479027311,HDFC Top 100 Fund - Regular Plan - Growth
100016,2023-06-18,0.5920443357718523,HDFC Top 100 Fund - Regular Plan - Growth
100016,2023-06-19,0.8553611183902755,HDFC Top 100 Fund - Regular Plan - Growth
100016,2023-06-20,0.4819656914553733,HDFC Top 100 Fund - Regular Plan - Growth
100016,2023-06-21,0.6976118673680854,HDFC Top 100 Fund - Regular Plan - Growth
100016,2023-06-22,0.8189690002790723,HDFC Top 100 Fund - Regular Plan - Growth
100016,2023-06-23,0.6480691391197776,HDFC Top 100 Fund - Regular Plan - Growth
100016,2023-06-24,0.6480691391197776,HDFC Top 100 Fund - Regular Plan - Growth
100016,2023-06-25,0.5068506674895389,HDFC Top 100 Fund - Regular Plan - Growth
100016,2023-06-26,0.5923623339145493,HDFC Top 100 Fund - Regular Plan - Growth
100016,2023-06-27,0.7903210922322215,HDFC Top 100 Fund - Regular Plan - Growth
100016,2023-06-28,0.5599693831916602,HDFC Top 100 Fund - Regular Plan - Growth
100016,2023-06-29,0.18882187041129006,HDFC Top 100 Fund - Regular Plan - Growth
100016,2023-06-30,0.42020898455666966,HDFC Top 100 Fund - Regular Plan - Growth
100016,2023-07-01,0.42020898455666966,HDFC Top 100 Fund - Regular Plan - Growth
100016,2023-07-02,0.5857293368462232,HDFC Top 100 Fund - Regular Plan - Growth
100016,2023-07-03,0.7771434468826953,HDFC Top 100 Fund - Regular Plan - Growth
100016,2023-07-04,0.9818205416750095,HDFC Top 100 Fund - Regular Plan - Growth
100016,2023-07-05,1.3132785923417618,HDFC Top 100 Fund - Regular Plan - Growth
100016,2023-07-06,1.1719497074045604,HDFC Top 100 Fund - Regular Plan - Growth
100016,2023-07-07,1.3248998991434748,HDFC Top 100 Fund - Regular Plan - Growth
100016,2023-07-08,1.3248998991434748,HDFC Top 100 Fund - Regular Plan - Growth
100016,2023-07-09,0.9590433426750468,HDFC Top 100 Fund - Regular Plan - Growth
100016,2023-07-10,0.8255783209900671,HDFC Top 100 Fund - Regular Plan - Growth
100016,2023-07-11,0.5460534651978195,HDFC Top 100 Fund - Regular Plan - Growth
100016,2023-07-12,0.4179295043481381,HDFC Top 100 Fund - Regular Plan - Growth
100016,2023-07-13,0.06954890684120946,HDFC Top 100 Fund - Regular Plan - Growth
100016,2023-07-14,0.14750629467112142,HDFC Top 100 Fund - Regular Plan - Growth
100016,2023-07-15,0.14750629467112142,HDFC Top 100 Fund - Regular Plan - Growth
100016,2023-07-16,0.21529555543452394,HDFC Top 100 Fund - Regular Plan - Growth
100016,2023-07-17,0.7335285490556075,HDFC Top 100 Fund - Regular Plan - Growth
100016,2023-07-18,0.9039602573883035,HDFC Top 100 Fund - Regular Plan - Growth
100016,2023-07-19,0.6510357978289268,HDFC Top 100 Fund - Regular Plan - Growth
100016,2023-07-20,0.449258122984209,HDFC Top 100 Fund - Regular Plan - Growth
100016,2023-07-21,0.6327017151799605,HDFC Top 100 Fund - Regular Plan - Growth
100016,2023-07-22,0.6327017151799605,HDFC Top 100 Fund - Regular Plan - Growth
100016,2023-07-23,0.44442735303997183,HDFC Top 100 Fund - Regular Plan - Growth
100016,2023-07-24,0.5280660998885032,HDFC Top 100 Fund - Regular Plan - Growth
100016,2023-07-25,0.5290625313546014,HDFC Top 100 Fund - Regular Plan - Growth
100016,2023-07-26,0.5175920351097724,HDFC Top 100 Fund - Regular Plan - Growth
100016,2023-07-27,0.5223757524695417,HDFC Top 100 Fund - Regular Plan - Growth
100016,2023-07-28,0.16321281669302184,HDFC Top 100 Fund - Regular Plan - Growth
100016,2023-07-29,0.16321281669302182,HDFC Top 100 Fund - Regular Plan - Growth
100016,2023-07-30,-0.022575517887536117,HDFC Top 100 Fund - Regular Plan - Growth
100016,2023-07-31,0.28006816785925165,HDFC Top 100 Fund - Regular Plan - Growth
100016,2023-08-01,0.46240383664141815,HDFC Top 100 Fund - Regular Plan - Growth
100016,2023-08-02,0.1143771884203754,HDFC Top 100 Fund - Regular Plan - Growth
100016,2023-08-03,-0.07104804757895306,HDFC Top 100 Fund - Regular Plan - Growth
100016,2023-08-04,0.2969272462362589,HDFC Top 100 Fund - Regular Plan - Growth
100016,2023-08-05,0.2969272462362589,HDFC Top 100 Fund - Regular Plan - Growth
100016,2023-08-06,0.41527062692505556,HDFC Top 100 Fund - Regular Plan - Growth
100016,2023-08-07,0.22748579613916717,HDFC Top 100 Fund - Regular Plan - Growth
100016,2023-08-08,0.7305404181212107,HDFC Top 100 Fund - Regular Plan - Growth
100016,2023-08-09,0.6193414379726692,HDFC Top 100 Fund - Regular Plan - Growth
100016,2023-08-10,0.7866236661537197,HDFC Top 100 Fund - Regular Plan - Growth
100016,2023-08-11,0.896227298889339,HDFC Top 100 Fund - Regular Plan - Growth
100016,2023-08-12,0.896227298889339,HDFC Top 100 Fund - Regular Plan - Growth
100016,2023-08-13,0.6518730165222488,HDFC Top 100 Fund - Regular Plan - Growth
100016,2023-08-14,-0.08348813136747787,HDFC Top 100 Fund - Regular Plan - Growth
100016,2023-08-15,0.15199074273096813,HDFC Top 100 Fund - Regular Plan - Growth
100016,2023-08-16,-0.06658743780554492,HDFC Top 100 Fund - Regular Plan - Growth
100016,2023-08-17,-0.20484314855443397,HDFC Top 100 Fund - Regular Plan - Growth
100016,2023-08-18,-0.11099962476812748,HDFC Top 100 Fund - Regular Plan - Growth
100016,2023-08-19,-0.11099962476812748,HDFC Top 100 Fund - Regular Plan - Growth
100016,2023-08-20,-0.3761672929741568,HDFC Top 100 Fund - Regular Plan - Growth
100016,2023-08-21,-0.14044802853870925,HDFC Top 100 Fund - Regular Plan - Growth
100016,2023-08-22,-0.2960960675287404,HDFC Top 100 Fund - Regular Plan - Growth
100016,2023-08-23,-0.37474643810498875,HDFC Top 100 Fund - Regular Plan - Growth
100016,2023-08-24,0.06036557263153397,HDFC Top 100 Fund - Regular Plan - Growth
100016,2023-08-25,0.27826023783669007,HDFC Top 100 Fund - Regular Plan - Growth
100016,2023-08-26,0.27826023783669,HDFC Top 100 Fund - Regular Plan - Growth
100016,2023-08-27,0.5083383224318633,HDFC Top 100 Fund - Regular Plan - Growth
100016,2023-08-28,0.5404893181447923,HDFC Top 100 Fund - Regular Plan - Growth
100016,2023-08-29,0.6682076976674136,HDFC Top 100 Fund - Regular Plan - Growth
100016,2023-08-30,0.13023285163642265,HDFC Top 100 Fund - Regular Plan - Growth
100016,2023-08-31,0.6388029418173573,HDFC Top 100 Fund - Regular Plan - Growth
100016,2023-09-01,0.6382223370789442,HDFC Top 100 Fund - Regular Plan - Growth
100016,2023-09-02,0.6382223370789442,HDFC Top 100 Fund - Regular Plan - Growth
100016,2023-09-03,0.6506701373925134,HDFC Top 100 Fund - Regular Plan - Growth
100016,2023-09-04,0.4503727765841271,HDFC Top 100 Fund - Regular Plan - Growth
100016,2023-09-05,0.7124537204416822,HDFC Top 100 Fund - Regular Plan - Growth
100016,2023-09-06,0.9147284685492576,HDFC Top 100 Fund - Regular Plan - Growth
100016,2023-09-07,0.5848395298100961,HDFC Top 100 Fund - Regular Plan - Growth
100016,2023-09-08,0.8722004472758701,HDFC Top 100 Fund - Regular Plan - Growth
100016,2023-09-09,0.8722004472758701,HDFC Top 100 Fund - Regular Plan - Growth
100016,2023-09-10,1.0354684257543447,HDFC Top 100 Fund - Regular Plan - Growth
100016,2023-09-11,1.0174491324567136,HDFC Top 100 Fund - Regular Plan - Growth
100016,2023-09-12,0.45016568491420006,HDFC Top 100 Fund - Regular Plan - Growth
100016,2023-09-13,0.48277607508023207,HDFC Top 100 Fund - Regular Plan - Growth
100016,2023-09-14,1.0339333690793833,HDFC Top 100 Fund - Regular Plan - Growth
100016,2023-09-15,0.4125469275315918,HDFC Top 100 Fund - Regular Plan - Growth
100016,2023-09-16,0.4125469275315918,HDFC Top 100 Fund - Regular Plan - Growth
100016,2023-09-17,0.3358692059053689,HDFC Top 100 Fund - Regular Plan - Growth
100016,2023-09-18,0.4214600868447962,HDFC Top 100 Fund - Regular Plan - Growth
100016,2023-09-19,-0.29066078035608084,HDFC Top 100 Fund - Regular Plan - Growth
100016,2023-09-20,-0.40113419327775635,HDFC Top 100 Fund - Regular Plan - Growth
100016,2023-09-21,-0.29353068804479127,HDFC Top 100 Fund - Regular Plan - Growth
100016,2023-09-22,-0.3585266628603021,HDFC Top 100 Fund - Regular Plan - Growth
100016,2023-09-23,-0.3585266628603021,HDFC Top 100 Fund - Regular Plan - Growth
100016,2023-09-24,-0.12377647092733476,HDFC Top 100 Fund - Regular Plan - Growth
100016,2023-09-25,-0.4909650871775511,HDFC Top 100 Fund - Regular Plan - Growth
100016,2023-09-26,-0.6028696140041352,HDFC Top 100 Fund - Regular Plan - Growth
100016,2023-09-27,-0.09664457753413071,HDFC Top 100 Fund - Regular Plan - Growth
100016,2023-09-28,0.09556702799735904,HDFC Top 100 Fund - Regular Plan - Growth
100016,2023-09-29,-0.12937539588042501,HDFC Top 100 Fund - Regular Plan - Growth
100016,2023-09-30,-0.12937539588042501,HDFC Top 100 Fund - Regular Plan - Growth
100016,2023-10-01,-0.042726662528495454,HDFC Top 100 Fund - Regular Plan - Growth
100016,2023-10-02,0.28653950072209283,HDFC Top 100 Fund - Regular Plan - Growth
100016,2023-10-03,0.20977208220471366,HDFC Top 100 Fund - Regular Plan - Growth
100016,2023-10-04,0.0988107871147797,HDFC Top 100 Fund - Regular Plan - Growth
100016,2023-10-05,-0.033005805603686794,HDFC Top 100 Fund - Regular Plan - Growth
100016,2023-10-06,-0.15340209789025802,HDFC Top 100 Fund - Regular Plan - Growth
100016,2023-10-07,-0.15340209789025802,HDFC Top 100 Fund - Regular Plan - Growth
100016,2023-10-08,-0.12097165972681224,HDFC Top 100 Fund - Regular Plan - Growth
100016,2023-10-09,0.06439106785666371,HDFC Top 100 Fund - Regular Plan - Growth
100016,2023-10-10,0.16364344886871734,HDFC Top 100 Fund - Regular Plan - Growth
100016,2023-10-11,0.36661357462968824,HDFC Top 100 Fund - Regular Plan - Growth
100016,2023-10-12,0.05150670686112103,HDFC Top 100 Fund - Regular Plan - Growth
100016,2023-10-13,-0.11434889427942148,HDFC Top 100 Fund - Regular Plan - Growth
100016,2023-10-14,-0.1143488942794215,HDFC Top 100 Fund - Regular Plan - Growth
100016,2023-10-15,-0.5208439979138851,HDFC Top 100 Fund - Regular Plan - Growth
100016,2023-10-16,-0.6656848615426674,HDFC Top 100 Fund - Regular Plan - Growth
100016,2023-10-17,-0.5090394052906182,HDFC Top 100 Fund - Regular Plan - Growth
100016,2023-10-18,-0.5720206273793619,HDFC Top 100 Fund - Regular Plan - Growth
100016,2023-10-19,-0.7762567030314087,HDFC Top 100 Fund - Regular Plan - Growth
100016,2023-10-20,-0.4768411792077568,HDFC Top 100 Fund - Regular Plan - Growth
100016,2023-10-21,-0.476841179207757,HDFC Top 100 Fund - Regular Plan - Growth
100016,2023-10-22,-0.5795508325267196,HDFC Top 100 Fund - Regular Plan - Growth
100016,2023-10-23,-0.3027270389493734,HDFC Top 100 Fund - Regular Plan - Growth
100016,2023-10-24,-0.12878900867920914,HDFC Top 100 Fund - Regular Plan - Growth
100016,2023-10-25,-0.16452170957125312,HDFC Top 100 Fund - Regular Plan - Growth
100016,2023-10-26,0.5162589247573349,HDFC Top 100 Fund - Regular Plan - Growth
100016,2023-10-27,0.6291999570286041,HDFC Top 100 Fund - Regular Plan - Growth
100016,2023-10-28,0.6291999570286041,HDFC Top 100 Fund - Regular Plan - Growth
100016,2023-10-29,0.5896284310140406,HDFC Top 100 Fund - Regular Plan - Growth
100016,2023-10-30,0.35524418965915927,HDFC Top 100 Fund - Regular Plan - Growth
100016,2023-10-31,0.3201194747869401,HDFC Top 100 Fund - Regular Plan - Growth
100016,2023-11-01,0.7076990563474468,HDFC Top 100 Fund - Regular Plan - Growth
100016,2023-11-02,0.5639179306493175,HDFC Top 100 Fund - Regular Plan - Growth
100016,2023-11-03,0.447013960863007,HDFC Top 100 Fund - Regular Plan - Growth
100016,2023-11-04,0.44701396086300704,HDFC Top 100 Fund - Regular Plan - Growth
100016,2023-11-05,0.5598132378162569,HDFC Top 100 Fund - Regular Plan - Growth
100016,2023-11-06,0.39140218446409386,HDFC Top 100 Fund - Regular Plan - Growth
100016,2023-11-07,0.34841784562268696,HDFC Top 100 Fund - Regular Plan - Growth
100016,2023-11-08,0.3438982552561815,HDFC Top 100 Fund - Regular Plan - Growth
100016,2023-11-09,-0.23868958597205298,HDFC Top 100 Fund - Regular Plan - Growth
100016,2023-11-10,-0.27065232916911547,HDFC Top 100 Fund - Regular Plan - Growth
100016,2023-11-11,-0.27065232916911547,HDFC Top 100 Fund - Regular Plan - Growth
100016,2023-11-12,-0.10985640174788713,HDFC Top 100 Fund - Regular Plan - Growth
100016,2023-11-13,0.05550379959046976,HDFC Top 100 Fund - Regular Plan - Growth
100016,2023-11-14,0.006798191497698579,HDFC Top 100 Fund - Regular Plan - Growth
100016,2023-11-15,0.2766268306900777,HDFC Top 100 Fund - Regular Plan - Growth
100016,2023-11-16,0.060852207757608606,HDFC Top 100 Fund - Regular Plan - Growth
100016,2023-11-17,0.14335443813770374,HDFC Top 100 Fund - Regular Plan - Growth
100016,2023-11-18,0.14335443813770374,HDFC Top 100 Fund - Regular Plan - Growth
100016,2023-11-19,0.18367305467208506,HDFC Top 100 Fund - Regular Plan - Growth
100016,2023-11-20,0.17195702945611188,HDFC Top 100 Fund - Regular Plan - Growth
100016,2023-11-21,0.22566427745110065,HDFC Top 100 Fund - Regular Plan - Growth
100016,2023-11-22,0.1748237828246707,HDFC Top 100 Fund - Regular Plan - Growth
100016,2023-11-23,0.18515178670588656,HDFC Top 100 Fund - Regular Plan - Growth
100016,2023-11-24,0.07677187340145628,HDFC Top 100 Fund - Regular Plan - Growth
100016,2023-11-25,0.07677187340145628,HDFC Top 100 Fund - Regular Plan - Growth
100016,2023-11-26,-0.12768926798960584,HDFC Top 100 Fund - Regular Plan - Growth
100016,2023-11-27,0.03279290190586104,HDFC Top 100 Fund - Regular Plan - Growth
100016,2023-11-28,0.4909751510708613,HDFC Top 100 Fund - Regular Plan - Growth
100016,2023-11-29,0.22806436737788038,HDFC Top 100 Fund - Regular Plan - Growth
100016,2023-11-30,-0.10769490564058244,HDFC Top 100 Fund - Regular Plan - Growth
100016,2023-12-01,0.1099266501130849,HDFC Top 100 Fund - Regular Plan - Growth
100016,2023-12-02,0.1099266501130849,HDFC Top 100 Fund - Regular Plan - Growth
100016,2023-12-03,0.2501969902299157,HDFC Top 100 Fund - Regular Plan - Growth
100016,2023-12-04,0.04971117329184081,HDFC Top 100 Fund - Regular Plan - Growth
100016,2023-12-05,-0.2642467285263059,HDFC Top 100 Fund - Regular Plan - Growth
100016,2023-12-06,0.27382976707174017,HDFC Top 100 Fund - Regular Plan - Growth
100016,2023-12-07,0.08322774765024808,HDFC Top 100 Fund - Regular Plan - Growth
100016,2023-12-08,0.018755878941754785,HDFC Top 100 Fund - Regular Plan - Growth
100016,2023-12-09,0.018755878941754785,HDFC Top 100 Fund - Regular Plan - Growth
100016,2023-12-10,-0.20892296040215608,HDFC Top 100 Fund - Regular Plan - Growth
100016,2023-12-11,-0.4198168659135657,HDFC Top 100 Fund - Regular Plan - Growth
100016,2023-12-12,-0.018011276839395022,HDFC Top 100 Fund - Regular Plan - Growth
100016,2023-12-13,-0.4570132432567429,HDFC Top 100 Fund - Regular Plan - Growth
100016,2023-12-14,-0.14151787504996713,HDFC Top 100 Fund - Regular Plan - Growth
100016,2023-12-15,-0.1956050336973799,HDFC Top 100 Fund - Regular Plan - Growth
100016,2023-12-16,-0.1956050336973799,HDFC Top 100 Fund - Regular Plan - Growth
100016,2023-12-17,-0.17754579783415822,HDFC Top 100 Fund - Regular Plan - Growth
100016,2023-12-18,0.3877091885068563,HDFC Top 100 Fund - Regular Plan - Growth
100016,2023-12-19,0.6339594847978823,HDFC Top 100 Fund - Regular Plan - Growth
100016,2023-12-20,0.6620627272364606,HDFC Top 100 Fund - Regular Plan - Growth
100016,2023-12-21,0.793954733950247,HDFC Top 100 Fund - Regular Plan - Growth
100016,2023-12-22,0.6854141324674962,HDFC Top 100 Fund - Regular Plan - Growth
100016,2023-12-23,0.6854141324674963,HDFC Top 100 Fund - Regular Plan - Growth
100016,2023-12-24,0.78417871596126,HDFC Top 100 Fund - Regular Plan - Growth
100016,2023-12-25,1.0362522659323778,HDFC Top 100 Fund - Regular Plan - Growth
100016,2023-12-26,0.6135219171257579,HDFC Top 100 Fund - Regular Plan - Growth
100016,2023-12-27,0.43361997539791464,HDFC Top 100 Fund - Regular Plan - Growth
100016,2023-12-28,0.8869121554266397,HDFC Top 100 Fund - Regular Plan - Growth
100016,2023-12-29,1.002526825970414,HDFC Top 100 Fund - Regular Plan - Growth
100016,2023-12-30,1.002526825970414,HDFC Top 100 Fund - Regular Plan - Growth
100016,2023-12-31,0.666268348766767,HDFC Top 100 Fund - Regular Plan - Growth
100016,2024-01-01,0.6744427305062921,HDFC Top 100 Fund - Regular Plan - Growth
100016,2024-01-02,0.8039440361397595,HDFC Top 100 Fund - Regular Plan - Growth
100016,2024-01-03,0.7977308562082851,HDFC Top 100 Fund - Regular Plan - Growth
100016,2024-01-04,0.7031529615203624,HDFC Top 100 Fund - Regular Plan - Growth
100016,2024-01-05,0.6286048609273227,HDFC Top 100 Fund - Regular Plan - Growth
100016,2024-01-06,0.6286048609273227,HDFC Top 100 Fund - Regular Plan - Growth
100016,2024-01-07,0.40790998183742,HDFC Top 100 Fund - Regular Plan - Growth
100016,2024-01-08,0.3990030026093919,HDFC Top 100 Fund - Regular Plan - Growth
100016,2024-01-09,0.6952478237019424,HDFC Top 100 Fund - Regular Plan - Growth
100016,2024-01-10,0.9473873768024504,HDFC Top 100 Fund - Regular Plan - Growth
100016,2024-01-11,0.8744458497327077,HDFC Top 100 Fund - Regular Plan - Growth
100016,2024-01-12,0.8993848384740301,HDFC Top 100 Fund - Regular Plan - Growth
100016,2024-01-13,0.8993848384740301,HDFC Top 100 Fund - Regular Plan - Growth
100016,2024-01-14,1.2684205440975644,HDFC Top 100 Fund - Regular Plan - Growth
100016,2024-01-15,1.2907409043746731,HDFC Top 100 Fund - Regular Plan - Growth
100016,2024-01-16,1.6162569371023523,HDFC Top 100 Fund - Regular Plan - Growth
100016,2024-01-17,1.8709672305589231,HDFC Top 100 Fund - Regular Plan - Growth
100016,2024-01-18,1.8053160218820714,HDFC Top 100 Fund - Regular Plan - Growth
100016,2024-01-19,1.6795166401113724,HDFC Top 100 Fund - Regular Plan - Growth
100016,2024-01-20,1.6795166401113724,HDFC Top 100 Fund - Regular Plan - Growth
100016,2024-01-21,1.414557685393427,HDFC Top 100 Fund - Regular Plan - Growth
100016,2024-01-22,1.2779263097047682,HDFC Top 100 Fund - Regular Plan - Growth
100016,2024-01-23,1.053295680523758,HDFC Top 100 Fund - Regular Plan - Growth
100016,2024-01-24,0.8091695896769273,HDFC Top 100 Fund - Regular Plan - Growth
100016,2024-01-25,1.0069281031760866,HDFC Top 100 Fund - Regular Plan - Growth
100016,2024-01-26,0.9481335107011488,HDFC Top 100 Fund - Regular Plan - Growth
100016,2024-01-27,0.9481335107011488,HDFC Top 100 Fund - Regular Plan - Growth
100016,2024-01-28,1.0098726915960268,HDFC Top 100 Fund - Regular Plan - Growth
100016,2024-01-29,1.2997531919207357,HDFC Top 100 Fund - Regular Plan - Growth
100016,2024-01-30,1.5202725841955735,HDFC Top 100 Fund - Regular Plan - Growth
100016,2024-01-31,1.4523102948984559,HDFC Top 100 Fund - Regular Plan - Growth
100016,2024-02-01,1.6986292661318974,HDFC Top 100 Fund - Regular Plan - Growth
100016,2024-02-02,1.423079533617603,HDFC Top 100 Fund - Regular Plan - Growth
100016,2024-02-03,1.423079533617603,HDFC Top 100 Fund - Regular Plan - Growth
100016,2024-02-04,1.34532976992063,HDFC Top 100 Fund - Regular Plan - Growth
100016,2024-02-05,1.5756880758495149,HDFC Top 100 Fund - Regular Plan - Growth
100016,2024-02-06,1.398719615893618,HDFC Top 100 Fund - Regular Plan - Growth
100016,2024-02-07,1.7736154622137785,HDFC Top 100 Fund - Regular Plan - Growth
100016,2024-02-08,1.7432701937962838,HDFC Top 100 Fund - Regular Plan - Growth
100016,2024-02-09,1.615245689458784,HDFC Top 100 Fund - Regular Plan - Growth
100016,2024-02-10,1.615245689458784,HDFC Top 100 Fund - Regular Plan - Growth
100016,2024-02-11,1.3883907474006372,HDFC Top 100 Fund - Regular Plan - Growth
100016,2024-02-12,1.4891404422838344,HDFC Top 100 Fund - Regular Plan - Growth
100016,2024-02-13,1.1179767234782647,HDFC Top 100 Fund - Regular Plan - Growth
100016,2024-02-14,1.5079771363755095,HDFC Top 100 Fund - Regular Plan - Growth
100016,2024-02-15,1.667384654984128,HDFC Top 100 Fund - Regular Plan - Growth
100016,2024-02-16,1.201081473630846,HDFC Top 100 Fund - Regular Plan - Growth
100016,2024-02-17,1.201081473630846,HDFC Top 100 Fund - Regular Plan - Growth
100016,2024-02-18,1.2361799660482784,HDFC Top 100 Fund - Regular Plan - Growth
100016,2024-02-19,1.6566217277703117,HDFC Top 100 Fund - Regular Plan - Growth
100016,2024-02-20,1.1967085444127235,HDFC Top 100 Fund - Regular Plan - Growth
100016,2024-02-21,1.1820085987947708,HDFC Top 100 Fund - Regular Plan - Growth
100016,2024-02-22,1.3048264059696075,HDFC Top 100 Fund - Regular Plan - Growth
100016,2024-02-23,1.324284248511767,HDFC Top 100 Fund - Regular Plan - Growth
100016,2024-02-24,1.324284248511767,HDFC Top 100 Fund - Regular Plan - Growth
100016,2024-02-25,1.2028735907229444,HDFC Top 100 Fund - Regular Plan - Growth
100016,2024-02-26,1.0439703412166201,HDFC Top 100 Fund - Regular Plan - Growth
100016,2024-02-27,1.1611698763604001,HDFC Top 100 Fund - Regular Plan - Growth
100016,2024-02-28,1.2753774824606465,HDFC Top 100 Fund - Regular Plan - Growth
100016,2024-02-29,1.192467262571366,HDFC Top 100 Fund - Regular Plan - Growth
100016,2024-03-01,1.4391455270770013,HDFC Top 100 Fund - Regular Plan - Growth
100016,2024-03-02,1.4391455270770013,HDFC Top 100 Fund - Regular Plan - Growth
100016,2024-03-03,1.5574405129787579,HDFC Top 100 Fund - Regular Plan - Growth
100016,2024-03-04,1.7924995690309975,HDFC Top 100 Fund - Regular Plan - Growth
100016,2024-03-05,1.7462043779766951,HDFC Top 100 Fund - Regular Plan - Growth
100016,2024-03-06,1.555335551567787,HDFC Top 100 Fund - Regular Plan - Growth
100016,2024-03-07,1.8472801042214995,HDFC Top 100 Fund - Regular Plan - Growth
100016,2024-03-08,1.83643668922963,HDFC Top 100 Fund - Regular Plan - Growth
100016,2024-03-09,1.83643668922963,HDFC Top 100 Fund - Regular Plan - Growth
100016,2024-03-10,2.4243832121207314,HDFC Top 100 Fund - Regular Plan - Growth
100016,2024-03-11,2.396791548331935,HDFC Top 100 Fund - Regular Plan - Growth
100016,2024-03-12,2.765218638289361,HDFC Top 100 Fund - Regular Plan - Growth
100016,2024-03-13,2.941416051179379,HDFC Top 100 Fund - Regular Plan - Growth
100016,2024-03-14,3.2944820900217855,HDFC Top 100 Fund - Regular Plan - Growth
100016,2024-03-15,3.180520041223688,HDFC Top 100 Fund - Regular Plan - Growth
100016,2024-03-16,3.180520041223688,HDFC Top 100 Fund - Regular Plan - Growth
100016,2024-03-17,2.879603264205947,HDFC Top 100 Fund - Regular Plan - Growth
100016,2024-03-18,2.309007851375808,HDFC Top 100 Fund - Regular Plan - Growth
100016,2024-03-19,2.2170789534899153,HDFC Top 100 Fund - Regular Plan - Growth
100016,2024-03-20,2.28539854341574,HDFC Top 100 Fund - Regular Plan - Growth
100016,2024-03-21,2.7233753434049603,HDFC Top 100 Fund - Regular Plan - Growth
100016,2024-03-22,2.7636108389329683,HDFC Top 100 Fund - Regular Plan - Growth
100016,2024-03-23,2.7636108389329683,HDFC Top 100 Fund - Regular Plan - Growth
100016,2024-03-24,2.7167562881964966,HDFC Top 100 Fund - Regular Plan - Growth
100016,2024-03-25,2.965074995735023,HDFC Top 100 Fund - Regular Plan - Growth
100016,2024-03-26,2.4003681434694424,HDFC Top 100 Fund - Regular Plan - Growth
100016,2024-03-27,2.089307467994,HDFC Top 100 Fund - Regular Plan - Growth
100016,2024-03-28,1.9111748961510493,HDFC Top 100 Fund - Regular Plan - Growth
100016,2024-03-29,1.8980455745034601,HDFC Top 100 Fund - Regular Plan - Growth
100016,2024-03-30,1.8980455745034601,HDFC Top 100 Fund - Regular Plan - Growth
100016,2024-03-31,1.9705976694827412,HDFC Top 100 Fund - Regular Plan - Growth
100016,2024-04-01,1.8273879826286636,HDFC Top 100 Fund - Regular Plan - Growth
100016,2024-04-02,2.000968706626741,HDFC Top 100 Fund - Regular Plan - Growth
100016,2024-04-03,2.168054121633358,HDFC Top 100 Fund - Regular Plan - Growth
100016,2024-04-04,2.2985420472004687,HDFC Top 100 Fund - Regular Plan - Growth
100016,2024-04-05,2.3017186887058094,HDFC Top 100 Fund - Regular Plan - Growth
100016,2024-04-06,2.3017186887058094,HDFC Top 100 Fund - Regular Plan - Growth
100016,2024-04-07,2.268117981048625,HDFC Top 100 Fund - Regular Plan - Growth
100016,2024-04-08,1.837053150895716,HDFC Top 100 Fund - Regular Plan - Growth
100016,2024-04-09,1.853750691468357,HDFC Top 100 Fund - Regular Plan - Growth
100016,2024-04-10,2.1320480674747473,HDFC Top 100 Fund - Regular Plan - Growth
100016,2024-04-11,2.0787563052130458,HDFC Top 100 Fund - Regular Plan - Growth
100016,2024-04-12,2.1002830366781935,HDFC Top 100 Fund - Regular Plan - Growth
100016,2024-04-13,2.1002830366781935,HDFC Top 100 Fund - Regular Plan - Growth
100016,2024-04-14,2.059549818290934,HDFC Top 100 Fund - Regular Plan - Growth
100016,2024-04-15,2.033905239431894,HDFC Top 100 Fund - Regular Plan - Growth
100016,2024-04-16,1.7238341806155213,HDFC Top 100 Fund - Regular Plan - Growth
100016,2024-04-17,1.7743427173258846,HDFC Top 100 Fund - Regular Plan - Growth
100016,2024-04-18,1.6226738018969986,HDFC Top 100 Fund - Regular Plan - Growth
100016,2024-04-19,1.460525648282708,HDFC Top 100 Fund - Regular Plan - Growth
100016,2024-04-20,1.460525648282708,HDFC Top 100 Fund - Regular Plan - Growth
100016,2024-04-21,1.5960413695443825,HDFC Top 100 Fund - Regular Plan - Growth
100016,2024-04-22,2.348511277723749,HDFC Top 100 Fund - Regular Plan - Growth
100016,2024-04-23,1.954397653457996,HDFC Top 100 Fund - Regular Plan - Growth
100016,2024-04-24,1.343889807023084,HDFC Top 100 Fund - Regular Plan - Growth
100016,2024-04-25,1.5683793128903856,HDFC Top 100 Fund - Regular Plan - Growth
100016,2024-04-26,1.0930306113071993,HDFC Top 100 Fund - Regular Plan - Growth
100016,2024-04-27,1.0930306113071993,HDFC Top 100 Fund - Regular Plan - Growth
100016,2024-04-28,1.1319682326822065,HDFC Top 100 Fund - Regular Plan - Growth
100016,2024-04-29,0.7853484593111196,HDFC Top 100 Fund - Regular Plan - Growth
100016,2024-04-30,1.100891046729442,HDFC Top 100 Fund - Regular Plan - Growth
100016,2024-05-01,0.6822268198808612,HDFC Top 100 Fund - Regular Plan - Growth
100016,2024-05-02,0.5143363642449454,HDFC Top 100 Fund - Regular Plan - Growth
100016,2024-05-03,0.22499818634887914,HDFC Top 100 Fund - Regular Plan - Growth
100016,2024-05-04,0.22499818634887914,HDFC Top 100 Fund - Regular Plan - Growth
100016,2024-05-05,0.07975811766931021,HDFC Top 100 Fund - Regular Plan - Growth
100016,2024-05-06,0.44049368099292907,HDFC Top 100 Fund - Regular Plan - Growth
100016,2024-05-07,0.8858675321281237,HDFC Top 100 Fund - Regular Plan - Growth
100016,2024-05-08,0.8524428016026413,HDFC Top 100 Fund - Regular Plan - Growth
100016,2024-05-09,1.1016428203551507,HDFC Top 100 Fund - Regular Plan - Growth
100016,2024-05-10,1.3703397481569406,HDFC Top 100 Fund - Regular Plan - Growth
100016,2024-05-11,1.3703397481569406,HDFC Top 100 Fund - Regular Plan - Growth
100016,2024-05-12,1.4025010547667536,HDFC Top 100 Fund - Regular Plan - Growth
100016,2024-05-13,2.0182050443042168,HDFC Top 100 Fund - Regular Plan - Growth
100016,2024-05-14,1.7936777245740025,HDFC Top 100 Fund - Regular Plan - Growth
100016,2024-05-15,1.1011586391133839,HDFC Top 100 Fund - Regular Plan - Growth
100016,2024-05-16,1.3383604188121194,HDFC Top 100 Fund - Regular Plan - Growth
100016,2024-05-17,1.2658670047839307,HDFC Top 100 Fund - Regular Plan - Growth
100016,2024-05-18,1.2658670047839307,HDFC Top 100 Fund - Regular Plan - Growth
100016,2024-05-19,1.0721328121582605,HDFC Top 100 Fund - Regular Plan - Growth
100016,2024-05-20,1.1833096487359616,HDFC Top 100 Fund - Regular Plan - Growth
100016,2024-05-21,0.9840708845393871,HDFC Top 100 Fund - Regular Plan - Growth
100016,2024-05-22,1.2069696982296962,HDFC Top 100 Fund - Regular Plan - Growth
100016,2024-05-23,1.4344098811767727,HDFC Top 100 Fund - Regular Plan - Growth
100016,2024-05-24,1.4124256966211362,HDFC Top 100 Fund - Regular Plan - Growth
100016,2024-05-25,1.4124256966211362,HDFC Top 100 Fund - Regular Plan - Growth
100016,2024-05-26,1.437030223565103,HDFC Top 100 Fund - Regular Plan - Growth
100016,2024-05-27,1.4174688924878946,HDFC Top 100 Fund - Regular Plan - Growth
100016,2024-05-28,1.74064042615711,HDFC Top 100 Fund - Regular Plan - Growth
100016,2024-05-29,1.63849914301257,HDFC Top 100 Fund - Regular Plan - Growth
100016,2024-05-30,1.6044757089028818,HDFC Top 100 Fund - Regular Plan - Growth
100016,2024-05-31,1.6300575993147695,HDFC Top 100 Fund - Regular Plan - Growth
100016,2024-06-01,1.6300575993147695,HDFC Top 100 Fund - Regular Plan - Growth
100016,2024-06-02,1.4832388943509522,HDFC Top 100 Fund - Regular Plan - Growth
100016,2024-06-03,1.4419161170983128,HDFC Top 100 Fund - Regular Plan - Growth
100016,2024-06-04,1.2483489652596285,HDFC Top 100 Fund - Regular Plan - Growth
100016,2024-06-05,0.9651339815130288,HDFC Top 100 Fund - Regular Plan - Growth
100016,2024-06-06,0.9611067849863011,HDFC Top 100 Fund - Regular Plan - Growth
100016,2024-06-07,1.0573364505571594,HDFC Top 100 Fund - Regular Plan - Growth
100016,2024-06-08,1.0573364505571594,HDFC Top 100 Fund - Regular Plan - Growth
100016,2024-06-09,0.8122155034894971,HDFC Top 100 Fund - Regular Plan - Growth
100016,2024-06-10,1.0535749724699885,HDFC Top 100 Fund - Regular Plan - Growth
100016,2024-06-11,1.1256292542700612,HDFC Top 100 Fund - Regular Plan - Growth
100016,2024-06-12,0.5914553229064515,HDFC Top 100 Fund - Regular Plan - Growth
100016,2024-06-13,0.8493121925588595,HDFC Top 100 Fund - Regular Plan - Growth
100016,2024-06-14,1.004101301911278,HDFC Top 100 Fund - Regular Plan - Growth
100016,2024-06-15,1.004101301911278,HDFC Top 100 Fund - Regular Plan - Growth
100016,2024-06-16,1.2822371999957454,HDFC Top 100 Fund - Regular Plan - Growth
100016,2024-06-17,0.9819067158726644,HDFC Top 100 Fund - Regular Plan - Growth
100016,2024-06-18,0.8643166348402858,HDFC Top 100 Fund - Regular Plan - Growth
100016,2024-06-19,0.2903070532928207,HDFC Top 100 Fund - Regular Plan - Growth
100016,2024-06-20,0.1414613168016942,HDFC Top 100 Fund - Regular Plan - Growth
100016,2024-06-21,-0.019407751714892847,HDFC Top 100 Fund - Regular Plan - Growth
100016,2024-06-22,-0.019407751714892847,HDFC Top 100 Fund - Regular Plan - Growth
100016,2024-06-23,-0.2868809393532814,HDFC Top 100 Fund - Regular Plan - Growth
100016,2024-06-24,0.13127590885238782,HDFC Top 100 Fund - Regular Plan - Growth
100016,2024-06-25,0.24009937865357922,HDFC Top 100 Fund - Regular Plan - Growth
100016,2024-06-26,0.04718895870318201,HDFC Top 100 Fund - Regular Plan - Growth
100016,2024-06-27,0.23789487041815577,HDFC Top 100 Fund - Regular Plan - Growth
100016,2024-06-28,-0.023274549273144107,HDFC Top 100 Fund - Regular Plan - Growth
100016,2024-06-29,-0.023274549273144107,HDFC Top 100 Fund - Regular Plan - Growth
100016,2024-06-30,-0.050236556944494484,HDFC Top 100 Fund - Regular Plan - Growth
100016,2024-07-01,-0.1190724102451509,HDFC Top 100 Fund - Regular Plan - Growth
100016,2024-07-02,-0.1881672324233359,HDFC Top 100 Fund - Regular Plan - Growth
100016,2024-07-03,-0.28341710746024934,HDFC Top 100 Fund - Regular Plan - Growth
100016,2024-07-04,-0.1789833416169638,HDFC Top 100 Fund - Regular Plan - Growth
100016,2024-07-05,-0.06922989433341119,HDFC Top 100 Fund - Regular Plan - Growth
100016,2024-07-06,-0.0692298943334112,HDFC Top 100 Fund - Regular Plan - Growth
100016,2024-07-07,0.09373992947574454,HDFC Top 100 Fund - Regular Plan - Growth
100016,2024-07-08,0.36500955932826357,HDFC Top 100 Fund - Regular Plan - Growth
100016,2024-07-09,0.3764883994544319,HDFC Top 100 Fund - Regular Plan - Growth
100016,2024-07-10,0.46433129443698534,HDFC Top 100 Fund - Regular Plan - Growth
100016,2024-07-11,0.3764717416856882,HDFC Top 100 Fund - Regular Plan - Growth
100016,2024-07-12,0.4212202854119602,HDFC Top 100 Fund - Regular Plan - Growth
100016,2024-07-13,0.4212202854119602,HDFC Top 100 Fund - Regular Plan - Growth
100016,2024-07-14,0.39623312559165186,HDFC Top 100 Fund - Regular Plan - Growth
100016,2024-07-15,0.5585694736286044,HDFC Top 100 Fund - Regular Plan - Growth
100016,2024-07-16,0.3050217412686773,HDFC Top 100 Fund - Regular Plan - Growth
100016,2024-07-17,0.18495722315346072,HDFC Top 100 Fund - Regular Plan - Growth
100016,2024-07-18,0.38144163954349086,HDFC Top 100 Fund - Regular Plan - Growth
100016,2024-07-19,0.46005709097835606,HDFC Top 100 Fund - Regular Plan - Growth
100016,2024-07-20,0.46005709097835606,HDFC Top 100 Fund - Regular Plan - Growth
100016,2024-07-21,-0.07986982206639959,HDFC Top 100 Fund - Regular Plan - Growth
100016,2024-07-22,-0.009994739028050188,HDFC Top 100 Fund - Regular Plan - Growth
100016,2024-07-23,0.003559913086933351,HDFC Top 100 Fund - Regular Plan - Growth
100016,2024-07-24,0.14987912398006173,HDFC Top 100 Fund - Regular Plan - Growth
100016,2024-07-25,0.6662994703907271,HDFC Top 100 Fund - Regular Plan - Growth
100016,2024-07-26,0.631891035211937,HDFC Top 100 Fund - Regular Plan - Growth
100016,2024-07-27,0.631891035211937,HDFC Top 100 Fund - Regular Plan - Growth
100016,2024-07-28,0.6675514033522353,HDFC Top 100 Fund - Regular Plan - Growth
100016,2024-07-29,0.005357994507451912,HDFC Top 100 Fund - Regular Plan - Growth
100016,2024-07-30,0.15503051933404577,HDFC Top 100 Fund - Regular Plan - Growth
100016,2024-07-31,0.8527910388620586,HDFC Top 100 Fund - Regular Plan - Growth
100016,2024-08-01,1.220141389699328,HDFC Top 100 Fund - Regular Plan - Growth
100016,2024-08-02,1.1112247488822793,HDFC Top 100 Fund - Regular Plan - Growth
100016,2024-08-03,1.1112247488822793,HDFC Top 100 Fund - Regular Plan - Growth
100016,2024-08-04,0.9104154257420349,HDFC Top 100 Fund - Regular Plan - Growth
100016,2024-08-05,0.7828085715563396,HDFC Top 100 Fund - Regular Plan - Growth
100016,2024-08-06,0.7146869307855296,HDFC Top 100 Fund - Regular Plan - Growth
100016,2024-08-07,0.8811052254857735,HDFC Top 100 Fund - Regular Plan - Growth
100016,2024-08-08,0.8737234346756141,HDFC Top 100 Fund - Regular Plan - Growth
100016,2024-08-09,0.7848003624128436,HDFC Top 100 Fund - Regular Plan - Growth
100016,2024-08-10,0.7848003624128436,HDFC Top 100 Fund - Regular Plan - Growth
100016,2024-08-11,0.39644676752206653,HDFC Top 100 Fund - Regular Plan - Growth
100016,2024-08-12,0.3114119262372716,HDFC Top 100 Fund - Regular Plan - Growth
100016,2024-08-13,0.23999442164527446,HDFC Top 100 Fund - Regular Plan - Growth
100016,2024-08-14,0.09644834558729339,HDFC Top 100 Fund - Regular Plan - Growth
100016,2024-08-15,-0.09711371341315632,HDFC Top 100 Fund - Regular Plan - Growth
100016,2024-08-16,-0.05593808698624092,HDFC Top 100 Fund - Regular Plan - Growth
100016,2024-08-17,-0.05593808698624091,HDFC Top 100 Fund - Regular Plan - Growth
100016,2024-08-18,-0.01343254515561471,HDFC Top 100 Fund - Regular Plan - Growth
100016,2024-08-19,-0.042742902704979734,HDFC Top 100 Fund - Regular Plan - Growth
100016,2024-08-20,-0.5647798964107925,HDFC Top 100 Fund - Regular Plan - Growth
100016,2024-08-21,-0.9100349625857482,HDFC Top 100 Fund - Regular Plan - Growth
100016,2024-08-22,-0.761689241372706,HDFC Top 100 Fund - Regular Plan - Growth
100016,2024-08-23,-0.6334930768095158,HDFC Top 100 Fund - Regular Plan - Growth
100016,2024-08-24,-0.6334930768095156,HDFC Top 100 Fund - Regular Plan - Growth
100016,2024-08-25,-0.8929701459137821,HDFC Top 100 Fund - Regular Plan - Growth
100016,2024-08-26,-1.3460012965196526,HDFC Top 100 Fund - Regular Plan - Growth
100016,2024-08-27,-1.3871892813700275,HDFC Top 100 Fund - Regular Plan - Growth
100016,2024-08-28,-1.8645439496727791,HDFC Top 100 Fund - Regular Plan - Growth
100016,2024-08-29,-1.6745815620098083,HDFC Top 100 Fund - Regular Plan - Growth
100016,2024-08-30,-1.4877991896877556,HDFC Top 100 Fund - Regular Plan - Growth
100016,2024-08-31,-1.4877991896877556,HDFC Top 100 Fund - Regular Plan - Growth
100016,2024-09-01,-2.010263389759076,HDFC Top 100 Fund - Regular Plan - Growth
100016,2024-09-02,-1.9120334547065456,HDFC Top 100 Fund - Regular Plan - Growth
100016,2024-09-03,-1.9624090512792594,HDFC Top 100 Fund - Regular Plan - Growth
100016,2024-09-04,-2.033556959772015,HDFC Top 100 Fund - Regular Plan - Growth
100016,2024-09-05,-2.532910334714982,HDFC Top 100 Fund - Regular Plan - Growth
100016,2024-09-06,-2.444589277161743,HDFC Top 100 Fund - Regular Plan - Growth
100016,2024-09-07,-2.444589277161743,HDFC Top 100 Fund - Regular Plan - Growth
100016,2024-09-08,-2.7729327351805226,HDFC Top 100 Fund - Regular Plan - Growth
100016,2024-09-09,-2.8266734622934493,HDFC Top 100 Fund - Regular Plan - Growth
100016,2024-09-10,-2.3180903112588163,HDFC Top 100 Fund - Regular Plan - Growth
100016,2024-09-11,-2.7393486371158526,HDFC Top 100 Fund - Regular Plan - Growth
100016,2024-09-12,-3.0541061857531497,HDFC Top 100 Fund - Regular Plan - Growth
100016,2024-09-13,-3.320579302769712,HDFC Top 100 Fund - Regular Plan - Growth
100016,2024-09-14,-3.320579302769712,HDFC Top 100 Fund - Regular Plan - Growth
100016,2024-09-15,-2.9940542223121853,HDFC Top 100 Fund - Regular Plan - Growth
100016,2024-09-16,-3.19606635763309,HDFC Top 100 Fund - Regular Plan - Growth
100016,2024-09-17,-3.1334698497874522,HDFC Top 100 Fund - Regular Plan - Growth
100016,2024-09-18,-2.739294060773401,HDFC Top 100 Fund - Regular Plan - Growth
100016,2024-09-19,-2.7008434763708324,HDFC Top 100 Fund - Regular Plan - Growth
100016,2024-09-20,-2.6592471240571465,HDFC Top 100 Fund - Regular Plan - Growth
100016,2024-09-21,-2.6592471240571465,HDFC Top 100 Fund - Regular Plan - Growth
100016,2024-09-22,-2.8729537294872576,HDFC Top 100 Fund - Regular Plan - Growth
100016,2024-09-23,-2.9837530631174602,HDFC Top 100 Fund - Regular Plan - Growth
100016,2024-09-24,-2.9811312956941167,HDFC Top 100 Fund - Regular Plan - Growth
100016,2024-09-25,-3.2458335817063966,HDFC Top 100 Fund - Regular Plan - Growth
100016,2024-09-26,-2.81757661023133,HDFC Top 100 Fund - Regular Plan - Growth
100016,2024-09-27,-3.046162199772193,HDFC Top 100 Fund - Regular Plan - Growth
100016,2024-09-28,-3.046162199772193,HDFC Top 100 Fund - Regular Plan - Growth
100016,2024-09-29,-3.1398146448152513,HDFC Top 100 Fund - Regular Plan - Growth
100016,2024-09-30,-2.763347342398834,HDFC Top 100 Fund - Regular Plan - Growth
100016,2024-10-01,-2.859716000922236,HDFC Top 100 Fund - Regular Plan - Growth
100016,2024-10-02,-3.0884090303467273,HDFC Top 100 Fund - Regular Plan - Growth
100016,2024-10-03,-3.085989380433353,HDFC Top 100 Fund - Regular Plan - Growth
100016,2024-10-04,-3.2141299081936285,HDFC Top 100 Fund - Regular Plan - Growth
100016,2024-10-05,-3.2141299081936285,HDFC Top 100 Fund - Regular Plan - Growth
100016,2024-10-06,-3.601169836602772,HDFC Top 100 Fund - Regular Plan - Growth
100016,2024-10-07,-3.57253135397265,HDFC Top 100 Fund - Regular Plan - Growth
100016,2024-10-08,-3.722208048052465,HDFC Top 100 Fund - Regular Plan - Growth
100016,2024-10-09,-3.591277294959732,HDFC Top 100 Fund - Regular Plan - Growth
100016,2024-10-10,-4.009921644578405,HDFC Top 100 Fund - Regular Plan - Growth
100016,2024-10-11,-4.30666929038153,HDFC Top 100 Fund - Regular Plan - Growth
100016,2024-10-12,-4.30666929038153,HDFC Top 100 Fund - Regular Plan - Growth
100016,2024-10-13,-4.4301588351624375,HDFC Top 100 Fund - Regular Plan - Growth
100016,2024-10-14,-4.249896491276514,HDFC Top 100 Fund - Regular Plan - Growth
100016,2024-10-15,-3.6669988930078956,HDFC Top 100 Fund - Regular Plan - Growth
100016,2024-10-16,-3.928921207844717,HDFC Top 100 Fund - Regular Plan - Growth
100016,2024-10-17,-4.072162360681355,HDFC Top 100 Fund - Regular Plan - Growth
100016,2024-10-18,-3.987488899159594,HDFC Top 100 Fund - Regular Plan - Growth
100016,2024-10-19,-3.987488899159594,HDFC Top 100 Fund - Regular Plan - Growth
100016,2024-10-20,-3.8593412207490574,HDFC Top 100 Fund - Regular Plan - Growth
100016,2024-10-21,-3.442497167767948,HDFC Top 100 Fund - Regular Plan - Growth
100016,2024-10-22,-4.189350051926412,HDFC Top 100 Fund - Regular Plan - Growth
100016,2024-10-23,-4.492675780110397,HDFC Top 100 Fund - Regular Plan - Growth
100016,2024-10-24,-4.514904931482666,HDFC Top 100 Fund - Regular Plan - Growth
100016,2024-10-25,-4.317754254294696,HDFC Top 100 Fund - Regular Plan - Growth
100016,2024-10-26,-4.317754254294696,HDFC Top 100 Fund - Regular Plan - Growth
100016,2024-10-27,-4.1123922441176735,HDFC Top 100 Fund - Regular Plan - Growth
100016,2024-10-28,-3.205976557452285,HDFC Top 100 Fund - Regular Plan - Growth
100016,2024-10-29,-3.580806789008697,HDFC Top 100 Fund - Regular Plan - Growth
100016,2024-10-30,-3.863324726636355,HDFC Top 100 Fund - Regular Plan - Growth
100016,2024-10-31,-3.659210073272618,HDFC Top 100 Fund - Regular Plan - Growth
100016,2024-11-01,-3.316819326182387,HDFC Top 100 Fund - Regular Plan - Growth
100016,2024-11-02,-3.316819326182387,HDFC Top 100 Fund - Regular Plan - Growth
100016,2024-11-03,-3.4438827876929525,HDFC Top 100 Fund - Regular Plan - Growth
100016,2024-11-04,-3.264210032493849,HDFC Top 100 Fund - Regular Plan - Growth
100016,2024-11-05,-3.8243863090361434,HDFC Top 100 Fund - Regular Plan - Growth
100016,2024-11-06,-3.9402719596468,HDFC Top 100 Fund - Regular Plan - Growth
100016,2024-11-07,-3.6832608336260377,HDFC Top 100 Fund - Regular Plan - Growth
100016,2024-11-08,-3.865317663488677,HDFC Top 100 Fund - Regular Plan - Growth
100016,2024-11-09,-3.865317663488677,HDFC Top 100 Fund - Regular Plan - Growth
100016,2024-11-10,-3.751566191699603,HDFC Top 100 Fund - Regular Plan - Growth
100016,2024-11-11,-3.27233109922368,HDFC Top 100 Fund - Regular Plan - Growth
100016,2024-11-12,-2.747674879689705,HDFC Top 100 Fund - Regular Plan - Growth
100016,2024-11-13,-2.200060783356147,HDFC Top 100 Fund - Regular Plan - Growth
100016,2024-11-14,-2.24438521813511,HDFC Top 100 Fund - Regular Plan - Growth
100016,2024-11-15,-2.307527985749977,HDFC Top 100 Fund - Regular Plan - Growth
100016,2024-11-16,-2.307527985749977,HDFC Top 100 Fund - Regular Plan - Growth
100016,2024-11-17,-2.2509351301215124,HDFC Top 100 Fund - Regular Plan - Growth
100016,2024-11-18,-1.6973014341573383,HDFC Top 100 Fund - Regular Plan - Growth
100016,2024-11-19,-1.8759288233400209,HDFC Top 100 Fund - Regular Plan - Growth
100016,2024-11-20,-1.891236368328382,HDFC Top 100 Fund - Regular Plan - Growth
100016,2024-11-21,-2.2708058285818855,HDFC Top 100 Fund - Regular Plan - Growth
100016,2024-11-22,-2.011930766399905,HDFC Top 100 Fund - Regular Plan - Growth
100016,2024-11-23,-2.011930766399905,HDFC Top 100 Fund - Regular Plan - Growth
100016,2024-11-24,-1.6750452329301218,HDFC Top 100 Fund - Regular Plan - Growth
100016,2024-11-25,-1.702150121611107,HDFC Top 100 Fund - Regular Plan - Growth
100016,2024-11-26,-1.1403160416732616,HDFC Top 100 Fund - Regular Plan - Growth
100016,2024-11-27,-1.2335324033232598,HDFC Top 100 Fund - Regular Plan - Growth
100016,2024-11-28,-1.6516646317728751,HDFC Top 100 Fund - Regular Plan - Growth
100016,2024-11-29,-1.3123516131936748,HDFC Top 100 Fund - Regular Plan - Growth
100016,2024-11-30,-1.3123516131936748,HDFC Top 100 Fund - Regular Plan - Growth
100016,2024-12-01,-1.1451002637883474,HDFC Top 100 Fund - Regular Plan - Growth
100016,2024-12-02,-0.651492963399667,HDFC Top 100 Fund - Regular Plan - Growth
100016,2024-12-03,-0.3752804924756655,HDFC Top 100 Fund - Regular Plan - Growth
100016,2024-12-04,-0.08010104520680042,HDFC Top 100 Fund - Regular Plan - Growth
100016,2024-12-05,-0.21439179710555603,HDFC Top 100 Fund - Regular Plan - Growth
100016,2024-12-06,-0.1716825872213173,HDFC Top 100 Fund - Regular Plan - Growth
100016,2024-12-07,-0.1716825872213173,HDFC Top 100 Fund - Regular Plan - Growth
100016,2024-12-08,-0.12699733336315383,HDFC Top 100 Fund - Regular Plan - Growth
100016,2024-12-09,-0.4800177442980938,HDFC Top 100 Fund - Regular Plan - Growth
100016,2024-12-10,0.10645590636557421,HDFC Top 100 Fund - Regular Plan - Growth
100016,2024-12-11,0.2645897768788048,HDFC Top 100 Fund - Regular Plan - Growth
100016,2024-12-12,0.02035877305198994,HDFC Top 100 Fund - Regular Plan - Growth
100016,2024-12-13,0.09990751935385658,HDFC Top 100 Fund - Regular Plan - Growth
100016,2024-12-14,0.09990751935385658,HDFC Top 100 Fund - Regular Plan - Growth
100016,2024-12-15,0.28985258880806775,HDFC Top 100 Fund - Regular Plan - Growth
100016,2024-12-16,0.4604282651526529,HDFC Top 100 Fund - Regular Plan - Growth
100016,2024-12-17,0.2442779418010843,HDFC Top 100 Fund - Regular Plan - Growth
100016,2024-12-18,0.3121271904852406,HDFC Top 100 Fund - Regular Plan - Growth
100016,2024-12-19,0.45033339094177866,HDFC Top 100 Fund - Regular Plan - Growth
100016,2024-12-20,0.6849328051790848,HDFC Top 100 Fund - Regular Plan - Growth
100016,2024-12-21,0.6849328051790848,HDFC Top 100 Fund - Regular Plan - Growth
100016,2024-12-22,0.750592105377613,HDFC Top 100 Fund - Regular Plan - Growth
100016,2024-12-23,1.0748744979578089,HDFC Top 100 Fund - Regular Plan - Growth
100016,2024-12-24,1.0393318129701987,HDFC Top 100 Fund - Regular Plan - Growth
100016,2024-12-25,0.9107215514920538,HDFC Top 100 Fund - Regular Plan - Growth
100016,2024-12-26,1.1736216503450594,HDFC Top 100 Fund - Regular Plan - Growth
100016,2024-12-27,1.0151674423789865,HDFC Top 100 Fund - Regular Plan - Growth
100016,2024-12-28,1.0151674423789865,HDFC Top 100 Fund - Regular Plan - Growth
100016,2024-12-29,0.8401311325362097,HDFC Top 100 Fund - Regular Plan - Growth
100016,2024-12-30,1.1389080416040476,HDFC Top 100 Fund - Regular Plan - Growth
100016,2024-12-31,1.3351228254264205,HDFC Top 100 Fund - Regular Plan - Growth
100016,2025-01-01,1.522305071816321,HDFC Top 100 Fund - Regular Plan - Growth
100016,2025-01-02,1.9010690576867932,HDFC Top 100 Fund - Regular Plan - Growth
100016,2025-01-03,1.7674472486322237,HDFC Top 100 Fund - Regular Plan - Growth
100016,2025-01-04,1.7674472486322237,HDFC Top 100 Fund - Regular Plan - Growth
100016,2025-01-05,1.7479088164647327,HDFC Top 100 Fund - Regular Plan - Growth
100016,2025-01-06,1.9708815147752565,HDFC Top 100 Fund - Regular Plan - Growth
100016,2025-01-07,1.741674213899826,HDFC Top 100 Fund - Regular Plan - Growth
100016,2025-01-08,2.449941592673322,HDFC Top 100 Fund - Regular Plan - Growth
100016,2025-01-09,2.792291153431241,HDFC Top 100 Fund - Regular Plan - Growth
100016,2025-01-10,2.561999273111052,HDFC Top 100 Fund - Regular Plan - Growth
100016,2025-01-11,2.561999273111052,HDFC Top 100 Fund - Regular Plan - Growth
100016,2025-01-12,2.4243740792868733,HDFC Top 100 Fund - Regular Plan - Growth
100016,2025-01-13,2.2796973235965887,HDFC Top 100 Fund - Regular Plan - Growth
100016,2025-01-14,1.8158851772326599,HDFC Top 100 Fund - Regular Plan - Growth
100016,2025-01-15,1.4786856853158517,HDFC Top 100 Fund - Regular Plan - Growth
100016,2025-01-16,1.385062010312387,HDFC Top 100 Fund - Regular Plan - Growth
100016,2025-01-17,1.4131246638812824,HDFC Top 100 Fund - Regular Plan - Growth
100016,2025-01-18,1.4131246638812824,HDFC Top 100 Fund - Regular Plan - Growth
100016,2025-01-19,1.2672848823449063,HDFC Top 100 Fund - Regular Plan - Growth
100016,2025-01-20,1.6424482955796915,HDFC Top 100 Fund - Regular Plan - Growth
100016,2025-01-21,1.4821520723649209,HDFC Top 100 Fund - Regular Plan - Growth
100016,2025-01-22,1.3783111259748024,HDFC Top 100 Fund - Regular Plan - Growth
100016,2025-01-23,1.3182282930952518,HDFC Top 100 Fund - Regular Plan - Growth
100016,2025-01-24,1.4448615446218576,HDFC Top 100 Fund - Regular Plan - Growth
100016,2025-01-25,1.4448615446218576,HDFC Top 100 Fund - Regular Plan - Growth
100016,2025-01-26,0.9689743434379561,HDFC Top 100 Fund - Regular Plan - Growth
100016,2025-01-27,1.0142849611902112,HDFC Top 100 Fund - Regular Plan - Growth
100016,2025-01-28,1.5664147649010494,HDFC Top 100 Fund - Regular Plan - Growth
100016,2025-01-29,1.565419055634654,HDFC Top 100 Fund - Regular Plan - Growth
100016,2025-01-30,1.133605590752498,HDFC Top 100 Fund - Regular Plan - Growth
100016,2025-01-31,1.085145507246275,HDFC Top 100 Fund - Regular Plan - Growth
100016,2025-02-01,1.085145507246275,HDFC Top 100 Fund - Regular Plan - Growth
100016,2025-02-02,1.049349314133944,HDFC Top 100 Fund - Regular Plan - Growth
100016,2025-02-03,0.9347743218806117,HDFC Top 100 Fund - Regular Plan - Growth
100016,2025-02-04,0.7119309984224448,HDFC Top 100 Fund - Regular Plan - Growth
100016,2025-02-05,0.8036753781498099,HDFC Top 100 Fund - Regular Plan - Growth
100016,2025-02-06,1.1740881684993145,HDFC Top 100 Fund - Regular Plan - Growth
100016,2025-02-07,1.4657713102338967,HDFC Top 100 Fund - Regular Plan - Growth
100016,2025-02-08,1.4657713102338967,HDFC Top 100 Fund - Regular Plan - Growth
100016,2025-02-09,1.3741405189503948,HDFC Top 100 Fund - Regular Plan - Growth
100016,2025-02-10,1.1064076083622303,HDFC Top 100 Fund - Regular Plan - Growth
100016,2025-02-11,1.1378473562983191,HDFC Top 100 Fund - Regular Plan - Growth
100016,2025-02-12,1.1106522096366704,HDFC Top 100 Fund - Regular Plan - Growth
100016,2025-02-13,1.4766479917682402,HDFC Top 100 Fund - Regular Plan - Growth
100016,2025-02-14,1.4843465253123669,HDFC Top 100 Fund - Regular Plan - Growth
100016,2025-02-15,1.4843465253123669,HDFC Top 100 Fund - Regular Plan - Growth
100016,2025-02-16,1.2289532081238035,HDFC Top 100 Fund - Regular Plan - Growth
100016,2025-02-17,1.6466139517818599,HDFC Top 100 Fund - Regular Plan - Growth
100016,2025-02-18,1.8402261728834166,HDFC Top 100 Fund - Regular Plan - Growth
100016,2025-02-19,2.1178674960988046,HDFC Top 100 Fund - Regular Plan - Growth
100016,2025-02-20,1.9527936014498783,HDFC Top 100 Fund - Regular Plan - Growth
100016,2025-02-21,2.2154914244769826,HDFC Top 100 Fund - Regular Plan - Growth
100016,2025-02-22,2.2154914244769826,HDFC Top 100 Fund - Regular Plan - Growth
100016,2025-02-23,2.2593386681026346,HDFC Top 100 Fund - Regular Plan - Growth
100016,2025-02-24,1.9841534216038352,HDFC Top 100 Fund - Regular Plan - Growth
100016,2025-02-25,1.5753678729011673,HDFC Top 100 Fund - Regular Plan - Growth
100016,2025-02-26,2.2395839868684164,HDFC Top 100 Fund - Regular Plan - Growth
100016,2025-02-27,1.8694377482192364,HDFC Top 100 Fund - Regular Plan - Growth
100016,2025-02-28,1.9149878456652332,HDFC Top 100 Fund - Regular Plan - Growth
100016,2025-03-01,1.9149878456652332,HDFC Top 100 Fund - Regular Plan - Growth
100016,2025-03-02,1.6049589057393694,HDFC Top 100 Fund - Regular Plan - Growth
100016,2025-03-03,1.656492930318591,HDFC Top 100 Fund - Regular Plan - Growth
100016,2025-03-04,1.6918841394585855,HDFC Top 100 Fund - Regular Plan - Growth
100016,2025-03-05,1.5312074678476872,HDFC Top 100 Fund - Regular Plan - Growth
100016,2025-03-06,1.5536801805882945,HDFC Top 100 Fund - Regular Plan - Growth
100016,2025-03-07,1.1600784732739662,HDFC Top 100 Fund - Regular Plan - Growth
100016,2025-03-08,1.1600784732739662,HDFC Top 100 Fund - Regular Plan - Growth
100016,2025-03-09,1.2976771621303296,HDFC Top 100 Fund - Regular Plan - Growth
100016,2025-03-10,0.9051559012664689,HDFC Top 100 Fund - Regular Plan - Growth
100016,2025-03-11,0.9262037907496812,HDFC Top 100 Fund - Regular Plan - Growth
100016,2025-03-12,1.524476997677127,HDFC Top 100 Fund - Regular Plan - Growth
100016,2025-03-13,1.0811606944077339,HDFC Top 100 Fund - Regular Plan - Growth
100016,2025-03-14,1.416487966788176,HDFC Top 100 Fund - Regular Plan - Growth
100016,2025-03-15,1.416487966788176,HDFC Top 100 Fund - Regular Plan - Growth
100016,2025-03-16,1.480412203944128,HDFC Top 100 Fund - Regular Plan - Growth
100016,2025-03-17,1.5189618888583345,HDFC Top 100 Fund - Regular Plan - Growth
100016,2025-03-18,1.8805375793404266,HDFC Top 100 Fund - Regular Plan - Growth
100016,2025-03-19,1.660122318327186,HDFC Top 100 Fund - Regular Plan - Growth
100016,2025-03-20,1.23709579298478,HDFC Top 100 Fund - Regular Plan - Growth
100016,2025-03-21,1.306677817508926,HDFC Top 100 Fund - Regular Plan - Growth
100016,2025-03-22,1.306677817508926,HDFC Top 100 Fund - Regular Plan - Growth
100016,2025-03-23,1.2341963111822922,HDFC Top 100 Fund - Regular Plan - Growth
100016,2025-03-24,1.26132739080465,HDFC Top 100 Fund - Regular Plan - Growth
100016,2025-03-25,1.0075558981199602,HDFC Top 100 Fund - Regular Plan - Growth
100016,2025-03-26,1.2943259895674708,HDFC Top 100 Fund - Regular Plan - Growth
100016,2025-03-27,1.3343309643155294,HDFC Top 100 Fund - Regular Plan - Growth
100016,2025-03-28,0.9410270409426197,HDFC Top 100 Fund - Regular Plan - Growth
100016,2025-03-29,0.9410270409426197,HDFC Top 100 Fund - Regular Plan - Growth
100016,2025-03-30,0.8131258321524805,HDFC Top 100 Fund - Regular Plan - Growth
100016,2025-03-31,0.9800185179759945,HDFC Top 100 Fund - Regular Plan - Growth
100016,2025-04-01,0.575278127179945,HDFC Top 100 Fund - Regular Plan - Growth
100016,2025-04-02,0.19426151694521895,HDFC Top 100 Fund - Regular Plan - Growth
100016,2025-04-03,-0.02650294612045629,HDFC Top 100 Fund - Regular Plan - Growth
100016,2025-04-04,0.3339986020171528,HDFC Top 100 Fund - Regular Plan - Growth
100016,2025-04-05,0.3339986020171528,HDFC Top 100 Fund - Regular Plan - Growth
100016,2025-04-06,0.15981373211131733,HDFC Top 100 Fund - Regular Plan - Growth
100016,2025-04-07,0.0924415693606052,HDFC Top 100 Fund - Regular Plan - Growth
100016,2025-04-08,-0.0347081380777656,HDFC Top 100 Fund - Regular Plan - Growth
100016,2025-04-09,0.24943944925542286,HDFC Top 100 Fund - Regular Plan - Growth
100016,2025-04-10,0.5381595794776027,HDFC Top 100 Fund - Regular Plan - Growth
100016,2025-04-11,0.5379277872278874,HDFC Top 100 Fund - Regular Plan - Growth
100016,2025-04-12,0.5379277872278874,HDFC Top 100 Fund - Regular Plan - Growth
100016,2025-04-13,0.4706818438576872,HDFC Top 100 Fund - Regular Plan - Growth
100016,2025-04-14,0.6814152755201375,HDFC Top 100 Fund - Regular Plan - Growth
100016,2025-04-15,0.8888444263683685,HDFC Top 100 Fund - Regular Plan - Growth
100016,2025-04-16,0.9652721233790108,HDFC Top 100 Fund - Regular Plan - Growth
100016,2025-04-17,0.780092804829533,HDFC Top 100 Fund - Regular Plan - Growth
100016,2025-04-18,0.834414257772652,HDFC Top 100 Fund - Regular Plan - Growth
100016,2025-04-19,0.834414257772652,HDFC Top 100 Fund - Regular Plan - Growth
100016,2025-04-20,0.8999469265756966,HDFC Top 100 Fund - Regular Plan - Growth
100016,2025-04-21,1.3918135349088159,HDFC Top 100 Fund - Regular Plan - Growth
100016,2025-04-22,1.7667852304935014,HDFC Top 100 Fund - Regular Plan - Growth
100016,2025-04-23,1.4096958838582379,HDFC Top 100 Fund - Regular Plan - Growth
100016,2025-04-24,1.6926369837616069,HDFC Top 100 Fund - Regular Plan - Growth
100016,2025-04-25,1.8529959940458844,HDFC Top 100 Fund - Regular Plan - Growth
100016,2025-04-26,1.8529959940458844,HDFC Top 100 Fund - Regular Plan - Growth
100016,2025-04-27,1.8443916291579605,HDFC Top 100 Fund - Regular Plan - Growth
100016,2025-04-28,1.6250126103106055,HDFC Top 100 Fund - Regular Plan - Growth
100016,2025-04-29,1.7537079285541752,HDFC Top 100 Fund - Regular Plan - Growth
100016,2025-04-30,2.3062270927748076,HDFC Top 100 Fund - Regular Plan - Growth
100016,2025-05-01,2.052401316769248,HDFC Top 100 Fund - Regular Plan - Growth
100016,2025-05-02,2.019479842803666,HDFC Top 100 Fund - Regular Plan - Growth
100016,2025-05-03,2.019479842803666,HDFC Top 100 Fund - Regular Plan - Growth
100016,2025-05-04,2.3089715418329013,HDFC Top 100 Fund - Regular Plan - Growth
100016,2025-05-05,1.8009318369165646,HDFC Top 100 Fund - Regular Plan - Growth
100016,2025-05-06,1.6392802558057278,HDFC Top 100 Fund - Regular Plan - Growth
100016,2025-05-07,1.5817684221492114,HDFC Top 100 Fund - Regular Plan - Growth
100016,2025-05-08,1.3237185782431449,HDFC Top 100 Fund - Regular Plan - Growth
100016,2025-05-09,1.2062657649359514,HDFC Top 100 Fund - Regular Plan - Growth
100016,2025-05-10,1.2062657649359514,HDFC Top 100 Fund - Regular Plan - Growth
100016,2025-05-11,1.2536999394874073,HDFC Top 100 Fund - Regular Plan - Growth
100016,2025-05-12,0.5972199479066044,HDFC Top 100 Fund - Regular Plan - Growth
100016,2025-05-13,0.7035924232275955,HDFC Top 100 Fund - Regular Plan - Growth
100016,2025-05-14,0.7007329822762415,HDFC Top 100 Fund - Regular Plan - Growth
100016,2025-05-15,0.5925526326922378,HDFC Top 100 Fund - Regular Plan - Growth
100016,2025-05-16,0.6855278102017968,HDFC Top 100 Fund - Regular Plan - Growth
100016,2025-05-17,0.6855278102017968,HDFC Top 100 Fund - Regular Plan - Growth
100016,2025-05-18,0.5431797158989495,HDFC Top 100 Fund - Regular Plan - Growth
100016,2025-05-19,-0.030010746188415,HDFC Top 100 Fund - Regular Plan - Growth
100016,2025-05-20,0.09261321636412163,HDFC Top 100 Fund - Regular Plan - Growth
100016,2025-05-21,-0.022411105988496813,HDFC Top 100 Fund - Regular Plan - Growth
100016,2025-05-22,-0.41291198160520143,HDFC Top 100 Fund - Regular Plan - Growth
100016,2025-05-23,-0.5440736565358812,HDFC Top 100 Fund - Regular Plan - Growth
100016,2025-05-24,-0.5440736565358812,HDFC Top 100 Fund - Regular Plan - Growth
100016,2025-05-25,-0.5299858515488469,HDFC Top 100 Fund - Regular Plan - Growth
100016,2025-05-26,-0.3591001459684545,HDFC Top 100 Fund - Regular Plan - Growth
100016,2025-05-27,-0.7226769442250586,HDFC Top 100 Fund - Regular Plan - Growth
100016,2025-05-28,-0.8796358464936885,HDFC Top 100 Fund - Regular Plan - Growth
100016,2025-05-29,-0.9882256349883852,HDFC Top 100 Fund - Regular Plan - Growth
100016,2025-05-30,-0.9848823675001437,HDFC Top 100 Fund - Regular Plan - Growth
100016,2025-05-31,-0.9848823675001437,HDFC Top 100 Fund - Regular Plan - Growth
100016,2025-06-01,-1.23776924822741,HDFC Top 100 Fund - Regular Plan - Growth
100016,2025-06-02,-1.3275591156043667,HDFC Top 100 Fund - Regular Plan - Growth
100016,2025-06-03,-0.7579126368772311,HDFC Top 100 Fund - Regular Plan - Growth
100016,2025-06-04,-0.9683133545390669,HDFC Top 100 Fund - Regular Plan - Growth
100016,2025-06-05,-0.7672267748591145,HDFC Top 100 Fund - Regular Plan - Growth
100016,2025-06-06,-0.9415705982563644,HDFC Top 100 Fund - Regular Plan - Growth
100016,2025-06-07,-0.9415705982563644,HDFC Top 100 Fund - Regular Plan - Growth
100016,2025-06-08,-0.8971448286428095,HDFC Top 100 Fund - Regular Plan - Growth
100016,2025-06-09,-0.5779981498250142,HDFC Top 100 Fund - Regular Plan - Growth
100016,2025-06-10,-0.4202566220602016,HDFC Top 100 Fund - Regular Plan - Growth
100016,2025-06-11,-0.30916337281895434,HDFC Top 100 Fund - Regular Plan - Growth
100016,2025-06-12,-0.4075515038579035,HDFC Top 100 Fund - Regular Plan - Growth
100016,2025-06-13,-0.35723400991244975,HDFC Top 100 Fund - Regular Plan - Growth
100016,2025-06-14,-0.35723400991244975,HDFC Top 100 Fund - Regular Plan - Growth
100016,2025-06-15,-0.3886307641582757,HDFC Top 100 Fund - Regular Plan - Growth
100016,2025-06-16,-0.6265792696289377,HDFC Top 100 Fund - Regular Plan - Growth
100016,2025-06-17,-0.6429450482121649,HDFC Top 100 Fund - Regular Plan - Growth
100016,2025-06-18,-0.6183116686781105,HDFC Top 100 Fund - Regular Plan - Growth
100016,2025-06-19,-0.6045804642847755,HDFC Top 100 Fund - Regular Plan - Growth
100016,2025-06-20,-0.6988779723014663,HDFC Top 100 Fund - Regular Plan - Growth
100016,2025-06-21,-0.6988779723014663,HDFC Top 100 Fund - Regular Plan - Growth
100016,2025-06-22,-0.6681378279700331,HDFC Top 100 Fund - Regular Plan - Growth
100016,2025-06-23,-0.07805659875155412,HDFC Top 100 Fund - Regular Plan - Growth
100016,2025-06-24,-0.6108141871226203,HDFC Top 100 Fund - Regular Plan - Growth
100016,2025-06-25,-0.18712300407134727,HDFC Top 100 Fund - Regular Plan - Growth
100016,2025-06-26,0.14340143465598154,HDFC Top 100 Fund - Regular Plan - Growth
100016,2025-06-27,0.2130741539589674,HDFC Top 100 Fund - Regular Plan - Growth
100016,2025-06-28,0.2130741539589674,HDFC Top 100 Fund - Regular Plan - Growth
100016,2025-06-29,-0.05960191350196462,HDFC Top 100 Fund - Regular Plan - Growth
100016,2025-06-30,0.2042266680523385,HDFC Top 100 Fund - Regular Plan - Growth
100016,2025-07-01,0.19980056465151438,HDFC Top 100 Fund - Regular Plan - Growth
100016,2025-07-02,0.7261304774583356,HDFC Top 100 Fund - Regular Plan - Growth
100016,2025-07-03,-0.1547644114052859,HDFC Top 100 Fund - Regular Plan - Growth
100016,2025-07-04,-0.28227655703569754,HDFC Top 100 Fund - Regular Plan - Growth
100016,2025-07-05,-0.28227655703569754,HDFC Top 100 Fund - Regular Plan - Growth
100016,2025-07-06,-0.045220044230337576,HDFC Top 100 Fund - Regular Plan - Growth
100016,2025-07-07,-0.23596303416301495,HDFC Top 100 Fund - Regular Plan - Growth
100016,2025-07-08,-0.6563770606722166,HDFC Top 100 Fund - Regular Plan - Growth
100016,2025-07-09,-0.781799353996322,HDFC Top 100 Fund - Regular Plan - Growth
100016,2025-07-10,-0.6937075164870545,HDFC Top 100 Fund - Regular Plan - Growth
100016,2025-07-11,-0.5427513759268029,HDFC Top 100 Fund - Regular Plan - Growth
100016,2025-07-12,-0.5427513759268029,HDFC Top 100 Fund - Regular Plan - Growth
100016,2025-07-13,-0.23080794353331346,HDFC Top 100 Fund - Regular Plan - Growth
100016,2025-07-14,-0.024099449228806597,HDFC Top 100 Fund - Regular Plan - Growth
100016,2025-07-15,-0.19229570006529118,HDFC Top 100 Fund - Regular Plan - Growth
100016,2025-07-16,0.035765803872309716,HDFC Top 100 Fund - Regular Plan - Growth
100016,2025-07-17,0.02008855065266402,HDFC Top 100 Fund - Regular Plan - Growth
100016,2025-07-18,0.21632856339487175,HDFC Top 100 Fund - Regular Plan - Growth
100016,2025-07-19,0.21632856339487175,HDFC Top 100 Fund - Regular Plan - Growth
100016,2025-07-20,0.07059433154170032,HDFC Top 100 Fund - Regular Plan - Growth
100016,2025-07-21,0.03376011339778148,HDFC Top 100 Fund - Regular Plan - Growth
100016,2025-07-22,0.2839214392233182,HDFC Top 100 Fund - Regular Plan - Growth
100016,2025-07-23,-0.3495058844222188,HDFC Top 100 Fund - Regular Plan - Growth
100016,2025-07-24,-0.6452601983763961,HDFC Top 100 Fund - Regular Plan - Growth
100016,2025-07-25,-0.7456722700515859,HDFC Top 100 Fund - Regular Plan - Growth
100016,2025-07-26,-0.7456722700515859,HDFC Top 100 Fund - Regular Plan - Growth
100016,2025-07-27,-0.7574680749310382,HDFC Top 100 Fund - Regular Plan - Growth
100016,2025-07-28,-1.0608442224105892,HDFC Top 100 Fund - Regular Plan - Growth
100016,2025-07-29,-1.5843627935730313,HDFC Top 100 Fund - Regular Plan - Growth
100016,2025-07-30,-1.1210100242828327,HDFC Top 100 Fund - Regular Plan - Growth
100016,2025-07-31,-1.0824343263239296,HDFC Top 100 Fund - Regular Plan - Growth
100016,2025-08-01,-1.065722033151453,HDFC Top 100 Fund - Regular Plan - Growth
100016,2025-08-02,-1.065722033151453,HDFC Top 100 Fund - Regular Plan - Growth
100016,2025-08-03,-0.5826340946129952,HDFC Top 100 Fund - Regular Plan - Growth
100016,2025-08-04,-0.5942983428718538,HDFC Top 100 Fund - Regular Plan - Growth
100016,2025-08-05,-0.799863672055223,HDFC Top 100 Fund - Regular Plan - Growth
100016,2025-08-06,-0.9991228181463221,HDFC Top 100 Fund - Regular Plan - Growth
100016,2025-08-07,-1.2237687664422874,HDFC Top 100 Fund - Regular Plan - Growth
100016,2025-08-08,-1.3634641866446313,HDFC Top 100 Fund - Regular Plan - Growth
100016,2025-08-09,-1.3634641866446313,HDFC Top 100 Fund - Regular Plan - Growth
100016,2025-08-10,-0.9505894905447063,HDFC Top 100 Fund - Regular Plan - Growth
100016,2025-08-11,-0.9262328369255253,HDFC Top 100 Fund - Regular Plan - Growth
100016,2025-08-12,-1.4636776705488965,HDFC Top 100 Fund - Regular Plan - Growth
100016,2025-08-13,-1.382533891592724,HDFC Top 100 Fund - Regular Plan - Growth
100016,2025-08-14,-1.375763283504463,HDFC Top 100 Fund - Regular Plan - Growth
100016,2025-08-15,-1.2317470367105594,HDFC Top 100 Fund - Regular Plan - Growth
100016,2025-08-16,-1.2317470367105594,HDFC Top 100 Fund - Regular Plan - Growth
100016,2025-08-17,-0.8941136592985268,HDFC Top 100 Fund - Regular Plan - Growth
100016,2025-08-18,-1.259083209590715,HDFC Top 100 Fund - Regular Plan - Growth
100016,2025-08-19,-0.910760263922418,HDFC Top 100 Fund - Regular Plan - Growth
100016,2025-08-20,-0.4533929132034942,HDFC Top 100 Fund - Regular Plan - Growth
100016,2025-08-21,-0.5366547351553863,HDFC Top 100 Fund - Regular Plan - Growth
100016,2025-08-22,-0.7120291502795258,HDFC Top 100 Fund - Regular Plan - Growth
100016,2025-08-23,-0.7120291502795258,HDFC Top 100 Fund - Regular Plan - Growth
100016,2025-08-24,-0.6344117519365176,HDFC Top 100 Fund - Regular Plan - Growth
100016,2025-08-25,-0.437761502955577,HDFC Top 100 Fund - Regular Plan - Growth
100016,2025-08-26,-0.173122643273188,HDFC Top 100 Fund - Regular Plan - Growth
100016,2025-08-27,-0.5707216655477643,HDFC Top 100 Fund - Regular Plan - Growth
100016,2025-08-28,-0.8607811930931762,HDFC Top 100 Fund - Regular Plan - Growth
100016,2025-08-29,-0.9028006909964347,HDFC Top 100 Fund - Regular Plan - Growth
100016,2025-08-30,-0.9028006909964347,HDFC Top 100 Fund - Regular Plan - Growth
100016,2025-08-31,-0.6797659964957129,HDFC Top 100 Fund - Regular Plan - Growth
100016,2025-09-01,-1.3745006338602306,HDFC Top 100 Fund - Regular Plan - Growth
100016,2025-09-02,-1.2798668348263715,HDFC Top 100 Fund - Regular Plan - Growth
100016,2025-09-03,-1.1222462369284516,HDFC Top 100 Fund - Regular Plan - Growth
100016,2025-09-04,-0.5505022767156692,HDFC Top 100 Fund - Regular Plan - Growth
100016,2025-09-05,-0.6027275651311491,HDFC Top 100 Fund - Regular Plan - Growth
100016,2025-09-06,-0.6027275651311491,HDFC Top 100 Fund - Regular Plan - Growth
100016,2025-09-07,-1.0629150842173758,HDFC Top 100 Fund - Regular Plan - Growth
100016,2025-09-08,-0.9313348233906565,HDFC Top 100 Fund - Regular Plan - Growth
100016,2025-09-09,-0.37493298326529767,HDFC Top 100 Fund - Regular Plan - Growth
100016,2025-09-10,-0.296568028482204,HDFC Top 100 Fund - Regular Plan - Growth
100016,2025-09-11,-0.2773327412463758,HDFC Top 100 Fund - Regular Plan - Growth
100016,2025-09-12,-0.683504658540238,HDFC Top 100 Fund - Regular Plan - Growth
100016,2025-09-13,-0.683504658540238,HDFC Top 100 Fund - Regular Plan - Growth
100016,2025-09-14,-0.7537296555811203,HDFC Top 100 Fund - Regular Plan - Growth
100016,2025-09-15,-0.5753355186973537,HDFC Top 100 Fund - Regular Plan - Growth
100016,2025-09-16,-0.17903367145760854,HDFC Top 100 Fund - Regular Plan - Growth
100016,2025-09-17,-0.27076446815525684,HDFC Top 100 Fund - Regular Plan - Growth
100016,2025-09-18,0.2255605429737743,HDFC Top 100 Fund - Regular Plan - Growth
100016,2025-09-19,0.41873079423019965,HDFC Top 100 Fund - Regular Plan - Growth
100016,2025-09-20,0.41873079423019965,HDFC Top 100 Fund - Regular Plan - Growth
100016,2025-09-21,0.020116572742681617,HDFC Top 100 Fund - Regular Plan - Growth
100016,2025-09-22,0.42253289152730905,HDFC Top 100 Fund - Regular Plan - Growth
100016,2025-09-23,0.32615934314383405,HDFC Top 100 Fund - Regular Plan - Growth
100016,2025-09-24,0.42445568658531063,HDFC Top 100 Fund - Regular Plan - Growth
100016,2025-09-25,-0.17970370241182865,HDFC Top 100 Fund - Regular Plan - Growth
100016,2025-09-26,-0.27216843553276915,HDFC Top 100 Fund - Regular Plan - Growth
100016,2025-09-27,-0.27216843553276915,HDFC Top 100 Fund - Regular Plan - Growth
100016,2025-09-28,-0.46404116370054216,HDFC Top 100 Fund - Regular Plan - Growth
100016,2025-09-29,-0.07414364219110416,HDFC Top 100 Fund - Regular Plan - Growth
100016,2025-09-30,-0.4267429599458969,HDFC Top 100 Fund - Regular Plan - Growth
100016,2025-10-01,0.09533728124909971,HDFC Top 100 Fund - Regular Plan - Growth
100016,2025-10-02,0.023277668328694566,HDFC Top 100 Fund - Regular Plan - Growth
100016,2025-10-03,0.42305658609541874,HDFC Top 100 Fund - Regular Plan - Growth
100016,2025-10-04,0.42305658609541874,HDFC Top 100 Fund - Regular Plan - Growth
100016,2025-10-05,0.6130320501949156,HDFC Top 100 Fund - Regular Plan - Growth
100016,2025-10-06,1.2371346348561083,HDFC Top 100 Fund - Regular Plan - Growth
100016,2025-10-07,1.0876537505292014,HDFC Top 100 Fund - Regular Plan - Growth
100016,2025-10-08,1.037763030925894,HDFC Top 100 Fund - Regular Plan - Growth
100016,2025-10-09,0.7427577478407933,HDFC Top 100 Fund - Regular Plan - Growth
100016,2025-10-10,0.8841216805011215,HDFC Top 100 Fund - Regular Plan - Growth
100016,2025-10-11,0.8841216805011215,HDFC Top 100 Fund - Regular Plan - Growth
100016,2025-10-12,0.8207301846144532,HDFC Top 100 Fund - Regular Plan - Growth
100016,2025-10-13,1.0724338081761458,HDFC Top 100 Fund - Regular Plan - Growth
100016,2025-10-14,1.1623601484815602,HDFC Top 100 Fund - Regular Plan - Growth
100016,2025-10-15,1.2056474991891586,HDFC Top 100 Fund - Regular Plan - Growth
100016,2025-10-16,1.5413769968225886,HDFC Top 100 Fund - Regular Plan - Growth
100016,2025-10-17,1.3381237012535603,HDFC Top 100 Fund - Regular Plan - Growth
100016,2025-10-18,1.3381237012535603,HDFC Top 100 Fund - Regular Plan - Growth
100016,2025-10-19,1.176822128529029,HDFC Top 100 Fund - Regular Plan - Growth
100016,2025-10-20,0.8160575670057552,HDFC Top 100 Fund - Regular Plan - Growth
100016,2025-10-21,0.917906694368466,HDFC Top 100 Fund - Regular Plan - Growth
100016,2025-10-22,0.7303300432916808,HDFC Top 100 Fund - Regular Plan - Growth
100016,2025-10-23,0.5429074884799153,HDFC Top 100 Fund - Regular Plan - Growth
100016,2025-10-24,0.3614639130100806,HDFC Top 100 Fund - Regular Plan - Growth
100016,2025-10-25,0.3614639130100806,HDFC Top 100 Fund - Regular Plan - Growth
100016,2025-10-26,0.4103350441753224,HDFC Top 100 Fund - Regular Plan - Growth
100016,2025-10-27,0.18411193884007376,HDFC Top 100 Fund - Regular Plan - Growth
100016,2025-10-28,-0.13115414666426423,HDFC Top 100 Fund - Regular Plan - Growth
100016,2025-10-29,-0.023353699850380275,HDFC Top 100 Fund - Regular Plan - Growth
100016,2025-10-30,-0.12142460775667262,HDFC Top 100 Fund - Regular Plan - Growth
100016,2025-10-31,-0.1441659445755493,HDFC Top 100 Fund - Regular Plan - Growth
100016,2025-11-01,-0.1441659445755493,HDFC Top 100 Fund - Regular Plan - Growth
100016,2025-11-02,-0.18221379471530227,HDFC Top 100 Fund - Regular Plan - Growth
100016,2025-11-03,0.08332293611302855,HDFC Top 100 Fund - Regular Plan - Growth
100016,2025-11-04,0.1130932919631233,HDFC Top 100 Fund - Regular Plan - Growth
100016,2025-11-05,0.39769836331779007,HDFC Top 100 Fund - Regular Plan - Growth
100016,2025-11-06,0.6013574115829173,HDFC Top 100 Fund - Regular Plan - Growth
100016,2025-11-07,0.23825473664261923,HDFC Top 100 Fund - Regular Plan - Growth
100016,2025-11-08,0.23825473664261923,HDFC Top 100 Fund - Regular Plan - Growth
100016,2025-11-09,0.13880877596360194,HDFC Top 100 Fund - Regular Plan - Growth
100016,2025-11-10,-0.16717035941808767,HDFC Top 100 Fund - Regular Plan - Growth
100016,2025-11-11,-0.06083507979754897,HDFC Top 100 Fund - Regular Plan - Growth
100016,2025-11-12,-0.056158515166154034,HDFC Top 100 Fund - Regular Plan - Growth
100016,2025-11-13,0.22205672107621882,HDFC Top 100 Fund - Regular Plan - Growth
100016,2025-11-14,0.26041842976343327,HDFC Top 100 Fund - Regular Plan - Growth
100016,2025-11-15,0.26041842976343327,HDFC Top 100 Fund - Regular Plan - Growth
100016,2025-11-16,0.44324452340634724,HDFC Top 100 Fund - Regular Plan - Growth
100016,2025-11-17,0.41216452820049676,HDFC Top 100 Fund - Regular Plan - Growth
100016,2025-11-18,0.17614443183038958,HDFC Top 100 Fund - Regular Plan - Growth
100016,2025-11-19,0.43498880929788275,HDFC Top 100 Fund - Regular Plan - Growth
100016,2025-11-20,0.876678371597286,HDFC Top 100 Fund - Regular Plan - Growth
100016,2025-11-21,0.49827004126558516,HDFC Top 100 Fund - Regular Plan - Growth
100016,2025-11-22,0.49827004126558516,HDFC Top 100 Fund - Regular Plan - Growth
100016,2025-11-23,0.28140002980611895,HDFC Top 100 Fund - Regular Plan - Growth
100016,2025-11-24,0.3797708405827791,HDFC Top 100 Fund - Regular Plan - Growth
100016,2025-11-25,1.1460169383743217,HDFC Top 100 Fund - Regular Plan - Growth
100016,2025-11-26,1.4562690773609628,HDFC Top 100 Fund - Regular Plan - Growth
100016,2025-11-27,1.770826539287904,HDFC Top 100 Fund - Regular Plan - Growth
100016,2025-11-28,1.6669149528707847,HDFC Top 100 Fund - Regular Plan - Growth
100016,2025-11-29,1.6669149528707847,HDFC Top 100 Fund - Regular Plan - Growth
100016,2025-11-30,1.8741851401712886,HDFC Top 100 Fund - Regular Plan - Growth
100016,2025-12-01,1.9436641744949266,HDFC Top 100 Fund - Regular Plan - Growth
100016,2025-12-02,1.9438658829465227,HDFC Top 100 Fund - Regular Plan - Growth
100016,2025-12-03,1.2751403815007833,HDFC Top 100 Fund - Regular Plan - Growth
100016,2025-12-04,1.1158240026227735,HDFC Top 100 Fund - Regular Plan - Growth
100016,2025-12-05,0.9316589790091265,HDFC Top 100 Fund - Regular Plan - Growth
100016,2025-12-06,0.9316589790091265,HDFC Top 100 Fund - Regular Plan - Growth
100016,2025-12-07,0.7415978886258318,HDFC Top 100 Fund - Regular Plan - Growth
100016,2025-12-08,0.6407972078823386,HDFC Top 100 Fund - Regular Plan - Growth
100016,2025-12-09,0.5461396508166455,HDFC Top 100 Fund - Regular Plan - Growth
100016,2025-12-10,0.5529532626887035,HDFC Top 100 Fund - Regular Plan - Growth
100016,2025-12-11,1.0563129569558904,HDFC Top 100 Fund - Regular Plan - Growth
100016,2025-12-12,1.037375981329587,HDFC Top 100 Fund - Regular Plan - Growth
100016,2025-12-13,1.0373759813295873,HDFC Top 100 Fund - Regular Plan - Growth
100016,2025-12-14,0.9458891555430922,HDFC Top 100 Fund - Regular Plan - Growth
100016,2025-12-15,0.9715713364681549,HDFC Top 100 Fund - Regular Plan - Growth
100016,2025-12-16,0.9875845256765036,HDFC Top 100 Fund - Regular Plan - Growth
100016,2025-12-17,0.6976873380464795,HDFC Top 100 Fund - Regular Plan - Growth
100016,2025-12-18,0.49545887178754894,HDFC Top 100 Fund - Regular Plan - Growth
100016,2025-12-19,0.6290761038934614,HDFC Top 100 Fund - Regular Plan - Growth
100016,2025-12-20,0.6290761038934612,HDFC Top 100 Fund - Regular Plan - Growth
100016,2025-12-21,0.5162334129731463,HDFC Top 100 Fund - Regular Plan - Growth
100016,2025-12-22,0.24309722234688244,HDFC Top 100 Fund - Regular Plan - Growth
100016,2025-12-23,0.3594704066406025,HDFC Top 100 Fund - Regular Plan - Growth
100016,2025-12-24,0.6209607958924434,HDFC Top 100 Fund - Regular Plan - Growth
100016,2025-12-25,0.5064483091076171,HDFC Top 100 Fund - Regular Plan - Growth
100016,2025-12-26,0.6437232232544824,HDFC Top 100 Fund - Regular Plan - Growth
100016,2025-12-27,0.6437232232544824,HDFC Top 100 Fund - Regular Plan - Growth
100016,2025-12-28,0.4133235931633204,HDFC Top 100 Fund - Regular Plan - Growth
100016,2025-12-29,0.5496571919057691,HDFC Top 100 Fund - Regular Plan - Growth
100016,2025-12-30,0.5059691921455235,HDFC Top 100 Fund - Regular Plan - Growth
100016,2025-12-31,0.8706512939577296,HDFC Top 100 Fund - Regular Plan - Growth
100016,2026-01-01,0.42634274681986817,HDFC Top 100 Fund - Regular Plan - Growth
100016,2026-01-02,0.3991063319375714,HDFC Top 100 Fund - Regular Plan - Growth
100016,2026-01-03,0.3991063319375714,HDFC Top 100 Fund - Regular Plan - Growth
100016,2026-01-04,0.06412973665177162,HDFC Top 100 Fund - Regular Plan - Growth
100016,2026-01-05,0.5074316361732955,HDFC Top 100 Fund - Regular Plan - Growth
100016,2026-01-06,0.7668430633165632,HDFC Top 100 Fund - Regular Plan - Growth
100016,2026-01-07,1.1826526376935742,HDFC Top 100 Fund - Regular Plan - Growth
100016,2026-01-08,1.015345772111421,HDFC Top 100 Fund - Regular Plan - Growth
100016,2026-01-09,1.2478296323276274,HDFC Top 100 Fund - Regular Plan - Growth
100016,2026-01-10,1.2478296323276274,HDFC Top 100 Fund - Regular Plan - Growth
100016,2026-01-11,1.14319390113869,HDFC Top 100 Fund - Regular Plan - Growth
100016,2026-01-12,0.812688399014311,HDFC Top 100 Fund - Regular Plan - Growth
100016,2026-01-13,0.5793237156744241,HDFC Top 100 Fund - Regular Plan - Growth
100016,2026-01-14,-0.4176705395499876,HDFC Top 100 Fund - Regular Plan - Growth
100016,2026-01-15,0.09814750707459581,HDFC Top 100 Fund - Regular Plan - Growth
100016,2026-01-16,-0.05268848146640226,HDFC Top 100 Fund - Regular Plan - Growth
100016,2026-01-17,-0.05268848146640226,HDFC Top 100 Fund - Regular Plan - Growth
100016,2026-01-18,0.25920218267215006,HDFC Top 100 Fund - Regular Plan - Growth
100016,2026-01-19,0.3101935546391815,HDFC Top 100 Fund - Regular Plan - Growth
100016,2026-01-20,0.4389403765849595,HDFC Top 100 Fund - Regular Plan - Growth
100016,2026-01-21,0.8691118553611412,HDFC Top 100 Fund - Regular Plan - Growth
100016,2026-01-22,0.9962530513983218,HDFC Top 100 Fund - Regular Plan - Growth
100016,2026-01-23,0.744604031951827,HDFC Top 100 Fund - Regular Plan - Growth
100016,2026-01-24,0.744604031951827,HDFC Top 100 Fund - Regular Plan - Growth
100016,2026-01-25,0.9165853555578112,HDFC Top 100 Fund - Regular Plan - Growth
100016,2026-01-26,1.194258525648953,HDFC Top 100 Fund - Regular Plan - Growth
100016,2026-01-27,0.803346042085948,HDFC Top 100 Fund - Regular Plan - Growth
100016,2026-01-28,0.737409304687065,HDFC Top 100 Fund - Regular Plan - Growth
100016,2026-01-29,0.3587679220255691,HDFC Top 100 Fund - Regular Plan - Growth
100016,2026-01-30,0.10266120921447322,HDFC Top 100 Fund - Regular Plan - Growth
100016,2026-01-31,0.10266120921447319,HDFC Top 100 Fund - Regular Plan - Growth
100016,2026-02-01,-0.07532471749644354,HDFC Top 100 Fund - Regular Plan - Growth
100016,2026-02-02,0.10094654224465395,HDFC Top 100 Fund - Regular Plan - Growth
100016,2026-02-03,-0.209680074463083,HDFC Top 100 Fund - Regular Plan - Growth
100016,2026-02-04,-0.540790932444839,HDFC Top 100 Fund - Regular Plan - Growth
100016,2026-02-05,-0.19612869916821934,HDFC Top 100 Fund - Regular Plan - Growth
100016,2026-02-06,-0.28530051962407865,HDFC Top 100 Fund - Regular Plan - Growth
100016,2026-02-07,-0.28530051962407865,HDFC Top 100 Fund - Regular Plan - Growth
100016,2026-02-08,0.1449528613419254,HDFC Top 100 Fund - Regular Plan - Growth
100016,2026-02-09,0.450986399111724,HDFC Top 100 Fund - Regular Plan - Growth
100016,2026-02-10,0.6896550895678812,HDFC Top 100 Fund - Regular Plan - Growth
100016,2026-02-11,0.15497550476945873,HDFC Top 100 Fund - Regular Plan - Growth
100016,2026-02-12,0.22932704662669645,HDFC Top 100 Fund - Regular Plan - Growth
100016,2026-02-13,0.37897188736530274,HDFC Top 100 Fund - Regular Plan - Growth
100016,2026-02-14,0.37897188736530274,HDFC Top 100 Fund - Regular Plan - Growth
100016,2026-02-15,0.21625397932007806,HDFC Top 100 Fund - Regular Plan - Growth
100016,2026-02-16,0.141228759576198,HDFC Top 100 Fund - Regular Plan - Growth
100016,2026-02-17,-0.188837419576359,HDFC Top 100 Fund - Regular Plan - Growth
100016,2026-02-18,-0.5101428250531278,HDFC Top 100 Fund - Regular Plan - Growth
100016,2026-02-19,-0.15152776726613254,HDFC Top 100 Fund - Regular Plan - Growth
100016,2026-02-20,-0.22391944153470933,HDFC Top 100 Fund - Regular Plan - Growth
100016,2026-02-21,-0.22391944153470933,HDFC Top 100 Fund - Regular Plan - Growth
100016,2026-02-22,-0.31552238181218056,HDFC Top 100 Fund - Regular Plan - Growth
100016,2026-02-23,-0.6676712934020919,HDFC Top 100 Fund - Regular Plan - Growth
100016,2026-02-24,-0.8715289198962667,HDFC Top 100 Fund - Regular Plan - Growth
100016,2026-02-25,-1.4530477597056874,HDFC Top 100 Fund - Regular Plan - Growth
100016,2026-02-26,-1.3059026401270122,HDFC Top 100 Fund - Regular Plan - Growth
100016,2026-02-27,-1.2134616470124844,HDFC Top 100 Fund - Regular Plan - Growth
100016,2026-02-28,-1.2134616470124844,HDFC Top 100 Fund - Regular Plan - Growth
100016,2026-03-01,-1.218842414383315,HDFC Top 100 Fund - Regular Plan - Growth
100016,2026-03-02,-1.4509486188432354,HDFC Top 100 Fund - Regular Plan - Growth
100016,2026-03-03,-0.8435352010012813,HDFC Top 100 Fund - Regular Plan - Growth
100016,2026-03-04,-0.9540091841580056,HDFC Top 100 Fund - Regular Plan - Growth
100016,2026-03-05,-0.8543064494525687,HDFC Top 100 Fund - Regular Plan - Growth
100016,2026-03-06,-0.8948117099784312,HDFC Top 100 Fund - Regular Plan - Growth
100016,2026-03-07,-0.8948117099784313,HDFC Top 100 Fund - Regular Plan - Growth
100016,2026-03-08,-1.0821702385025758,HDFC Top 100 Fund - Regular Plan - Growth
100016,2026-03-09,-1.4001520472530409,HDFC Top 100 Fund - Regular Plan - Growth
100016,2026-03-10,-1.5839702448682405,HDFC Top 100 Fund - Regular Plan - Growth
100016,2026-03-11,-1.3329856008151457,HDFC Top 100 Fund - Regular Plan - Growth
100016,2026-03-12,-1.4654396904108282,HDFC Top 100 Fund - Regular Plan - Growth
100016,2026-03-13,-0.9140764949107062,HDFC Top 100 Fund - Regular Plan - Growth
100016,2026-03-14,-0.9140764949107062,HDFC Top 100 Fund - Regular Plan - Growth
100016,2026-03-15,-1.1707465021526422,HDFC Top 100 Fund - Regular Plan - Growth
100016,2026-03-16,-1.085272926601914,HDFC Top 100 Fund - Regular Plan - Growth
100016,2026-03-17,-1.0785517666213262,HDFC Top 100 Fund - Regular Plan - Growth
100016,2026-03-18,-0.9326898252355675,HDFC Top 100 Fund - Regular Plan - Growth
100016,2026-03-19,-0.5477035894131776,HDFC Top 100 Fund - Regular Plan - Growth
100016,2026-03-20,-0.7166592010358818,HDFC Top 100 Fund - Regular Plan - Growth
100016,2026-03-21,-0.7166592010358818,HDFC Top 100 Fund - Regular Plan - Growth
100016,2026-03-22,-0.6503217696317624,HDFC Top 100 Fund - Regular Plan - Growth
100016,2026-03-23,-1.0381156708619184,HDFC Top 100 Fund - Regular Plan - Growth
100016,2026-03-24,-0.9726882861246567,HDFC Top 100 Fund - Regular Plan - Growth
100016,2026-03-25,-0.7684776576608939,HDFC Top 100 Fund - Regular Plan - Growth
100016,2026-03-26,-1.2023280357728792,HDFC Top 100 Fund - Regular Plan - Growth
100016,2026-03-27,-1.1872969270895177,HDFC Top 100 Fund - Regular Plan - Growth
100016,2026-03-28,-1.1872969270895177,HDFC Top 100 Fund - Regular Plan - Growth
100016,2026-03-29,-1.181737783435344,HDFC Top 100 Fund - Regular Plan - Growth
100016,2026-03-30,-0.7687399347977634,HDFC Top 100 Fund - Regular Plan - Growth
100016,2026-03-31,-0.9079351775082889,HDFC Top 100 Fund - Regular Plan - Growth
100016,2026-04-01,-0.8520464556062198,HDFC Top 100 Fund - Regular Plan - Growth
100016,2026-04-02,-0.9264877395029115,HDFC Top 100 Fund - Regular Plan - Growth
100016,2026-04-03,-0.7473606288914408,HDFC Top 100 Fund - Regular Plan - Growth
100016,2026-04-04,-0.7473606288914408,HDFC Top 100 Fund - Regular Plan - Growth
100016,2026-04-05,-1.026339840518696,HDFC Top 100 Fund - Regular Plan - Growth
100016,2026-04-06,-1.482252339327756,HDFC Top 100 Fund - Regular Plan - Growth
100016,2026-04-07,-1.4213740256766134,HDFC Top 100 Fund - Regular Plan - Growth
100016,2026-04-08,-0.9835147358155499,HDFC Top 100 Fund - Regular Plan - Growth
100016,2026-04-09,-1.1716926315429432,HDFC Top 100 Fund - Regular Plan - Growth
100016,2026-04-10,-1.1630952279924258,HDFC Top 100 Fund - Regular Plan - Growth
100016,2026-04-11,-1.1630952279924258,HDFC Top 100 Fund - Regular Plan - Growth
100016,2026-04-12,-1.0059849939718843,HDFC Top 100 Fund - Regular Plan - Growth
100016,2026-04-13,-0.6495646894847188,HDFC Top 100 Fund - Regular Plan - Growth
100016,2026-04-14,-0.027443102942103535,HDFC Top 100 Fund - Regular Plan - Growth
100016,2026-04-15,-0.4979304459867253,HDFC Top 100 Fund - Regular Plan - Growth
100016,2026-04-16,-0.4357275800660441,HDFC Top 100 Fund - Regular Plan - Growth
100016,2026-04-17,-0.6671997720185187,HDFC Top 100 Fund - Regular Plan - Growth
100016,2026-04-18,-0.6671997720185187,HDFC Top 100 Fund - Regular Plan - Growth
100016,2026-04-19,-0.6544466667456056,HDFC Top 100 Fund - Regular Plan - Growth
100016,2026-04-20,-0.4085872958829444,HDFC Top 100 Fund - Regular Plan - Growth
100016,2026-04-21,-0.4141008121720167,HDFC Top 100 Fund - Regular Plan - Growth
100016,2026-04-22,-0.5904145683295342,HDFC Top 100 Fund - Regular Plan - Growth
100016,2026-04-23,-0.436949170321969,HDFC Top 100 Fund - Regular Plan - Growth
100016,2026-04-24,-0.6710306605454968,HDFC Top 100 Fund - Regular Plan - Growth
100016,2026-04-25,-0.6710306605454968,HDFC Top 100 Fund - Regular Plan - Growth
100016,2026-04-26,-0.7656754537384389,HDFC Top 100 Fund - Regular Plan - Growth
100016,2026-04-27,-0.6717063133367334,HDFC Top 100 Fund - Regular Plan - Growth
100016,2026-04-28,-0.41170142082628214,HDFC Top 100 Fund - Regular Plan - Growth
100016,2026-04-29,-0.16054909672016088,HDFC Top 100 Fund - Regular Plan - Growth
100016,2026-04-30,0.054585879448087335,HDFC Top 100 Fund - Regular Plan - Growth
100016,2026-05-01,-0.2446812604054173,HDFC Top 100 Fund - Regular Plan - Growth
100016,2026-05-02,-0.2446812604054173,HDFC Top 100 Fund - Regular Plan - Growth
100016,2026-05-03,-0.29024537217649454,HDFC Top 100 Fund - Regular Plan - Growth
100016,2026-05-04,0.12183877237327027,HDFC Top 100 Fund - Regular Plan - Growth
100016,2026-05-05,0.40783123824790224,HDFC Top 100 Fund - Regular Plan - Growth
100016,2026-05-06,0.26271839547907133,HDFC Top 100 Fund - Regular Plan - Growth
100016,2026-05-07,0.3334113158590477,HDFC Top 100 Fund - Regular Plan - Growth
100016,2026-05-08,0.38078171263545846,HDFC Top 100 Fund - Regular Plan - Growth
100016,2026-05-09,0.38078171263545846,HDFC Top 100 Fund - Regular Plan - Growth
100016,2026-05-10,-0.03117488787722763,HDFC Top 100 Fund - Regular Plan - Growth
100016,2026-05-11,-0.5910279535256989,HDFC Top 100 Fund - Regular Plan - Growth
100016,2026-05-12,-0.7102643029171011,HDFC Top 100 Fund - Regular Plan - Growth
100016,2026-05-13,-0.43700253603579814,HDFC Top 100 Fund - Regular Plan - Growth
100016,2026-05-14,-0.7199503275730369,HDFC Top 100 Fund - Regular Plan - Growth
100016,2026-05-15,-0.7277444014385446,HDFC Top 100 Fund - Regular Plan - Growth
100016,2026-05-16,-0.7277444014385446,HDFC Top 100 Fund - Regular Plan - Growth
100016,2026-05-17,-0.6194967283332687,HDFC Top 100 Fund - Regular Plan - Growth
100016,2026-05-18,-0.11004230474029048,HDFC Top 100 Fund - Regular Plan - Growth
100016,2026-05-19,0.5731443773436711,HDFC Top 100 Fund - Regular Plan - Growth
100016,2026-05-20,0.37034657353745126,HDFC Top 100 Fund - Regular Plan - Growth
100016,2026-05-21,0.5344874237143807,HDFC Top 100 Fund - Regular Plan - Growth
100016,2026-05-22,0.4133170221718672,HDFC Top 100 Fund - Regular Plan - Growth
100016,2026-05-23,0.4133170221718672,HDFC Top 100 Fund - Regular Plan - Growth
100016,2026-05-24,0.32097176661434607,HDFC Top 100 Fund - Regular Plan - Growth
100016,2026-05-25,0.360582762483294,HDFC Top 100 Fund - Regular Plan - Growth
100016,2026-05-26,0.442155191391425,HDFC Top 100 Fund - Regular Plan - Growth
100016,2026-05-27,0.21146395177528227,HDFC Top 100 Fund - Regular Plan - Growth
100016,2026-05-28,0.13240978917805568,HDFC Top 100 Fund - Regular Plan - Growth
100016,2026-05-29,-0.12670585165915654,HDFC Top 100 Fund - Regular Plan - Growth
101207,2022-01-03,,ABSL Small Cap Fund - Regular - Growth
101207,2022-01-04,,ABSL Small Cap Fund - Regular - Growth
101207,2022-01-05,,ABSL Small Cap Fund - Regular - Growth
101207,2022-01-06,,ABSL Small Cap Fund - Regular - Growth
101207,2022-01-07,,ABSL Small Cap Fund - Regular - Growth
101207,2022-01-08,,ABSL Small Cap Fund - Regular - Growth
101207,2022-01-09,,ABSL Small Cap Fund - Regular - Growth
101207,2022-01-10,,ABSL Small Cap Fund - Regular - Growth
101207,2022-01-11,,ABSL Small Cap Fund - Regular - Growth
101207,2022-01-12,,ABSL Small Cap Fund - Regular - Growth
101207,2022-01-13,,ABSL Small Cap Fund - Regular - Growth
101207,2022-01-14,,ABSL Small Cap Fund - Regular - Growth
101207,2022-01-15,,ABSL Small Cap Fund - Regular - Growth
101207,2022-01-16,,ABSL Small Cap Fund - Regular - Growth
101207,2022-01-17,,ABSL Small Cap Fund - Regular - Growth
101207,2022-01-18,,ABSL Small Cap Fund - Regular - Growth
101207,2022-01-19,,ABSL Small Cap Fund - Regular - Growth
101207,2022-01-20,,ABSL Small Cap Fund - Regular - Growth
101207,2022-01-21,,ABSL Small Cap Fund - Regular - Growth
101207,2022-01-22,,ABSL Small Cap Fund - Regular - Growth
101207,2022-01-23,,ABSL Small Cap Fund - Regular - Growth
101207,2022-01-24,,ABSL Small Cap Fund - Regular - Growth
101207,2022-01-25,,ABSL Small Cap Fund - Regular - Growth
101207,2022-01-26,,ABSL Small Cap Fund - Regular - Growth
101207,2022-01-27,,ABSL Small Cap Fund - Regular - Growth
101207,2022-01-28,,ABSL Small Cap Fund - Regular - Growth
101207,2022-01-29,,ABSL Small Cap Fund - Regular - Growth
101207,2022-01-30,,ABSL Small Cap Fund - Regular - Growth
101207,2022-01-31,,ABSL Small Cap Fund - Regular - Growth
101207,2022-02-01,,ABSL Small Cap Fund - Regular - Growth
101207,2022-02-02,,ABSL Small Cap Fund - Regular - Growth
101207,2022-02-03,,ABSL Small Cap Fund - Regular - Growth
101207,2022-02-04,,ABSL Small Cap Fund - Regular - Growth
101207,2022-02-05,,ABSL Small Cap Fund - Regular - Growth
101207,2022-02-06,,ABSL Small Cap Fund - Regular - Growth
101207,2022-02-07,,ABSL Small Cap Fund - Regular - Growth
101207,2022-02-08,,ABSL Small Cap Fund - Regular - Growth
101207,2022-02-09,,ABSL Small Cap Fund - Regular - Growth
101207,2022-02-10,,ABSL Small Cap Fund - Regular - Growth
101207,2022-02-11,,ABSL Small Cap Fund - Regular - Growth
101207,2022-02-12,,ABSL Small Cap Fund - Regular - Growth
101207,2022-02-13,,ABSL Small Cap Fund - Regular - Growth
101207,2022-02-14,,ABSL Small Cap Fund - Regular - Growth
101207,2022-02-15,,ABSL Small Cap Fund - Regular - Growth
101207,2022-02-16,,ABSL Small Cap Fund - Regular - Growth
101207,2022-02-17,,ABSL Small Cap Fund - Regular - Growth
101207,2022-02-18,,ABSL Small Cap Fund - Regular - Growth
101207,2022-02-19,,ABSL Small Cap Fund - Regular - Growth
101207,2022-02-20,,ABSL Small Cap Fund - Regular - Growth
101207,2022-02-21,,ABSL Small Cap Fund - Regular - Growth
101207,2022-02-22,,ABSL Small Cap Fund - Regular - Growth
101207,2022-02-23,,ABSL Small Cap Fund - Regular - Growth
101207,2022-02-24,,ABSL Small Cap Fund - Regular - Growth
101207,2022-02-25,,ABSL Small Cap Fund - Regular - Growth
101207,2022-02-26,,ABSL Small Cap Fund - Regular - Growth
101207,2022-02-27,,ABSL Small Cap Fund - Regular - Growth
101207,2022-02-28,,ABSL Small Cap Fund - Regular - Growth
101207,2022-03-01,,ABSL Small Cap Fund - Regular - Growth
101207,2022-03-02,,ABSL Small Cap Fund - Regular - Growth
101207,2022-03-03,,ABSL Small Cap Fund - Regular - Growth
101207,2022-03-04,,ABSL Small Cap Fund - Regular - Growth
101207,2022-03-05,,ABSL Small Cap Fund - Regular - Growth
101207,2022-03-06,,ABSL Small Cap Fund - Regular - Growth
101207,2022-03-07,,ABSL Small Cap Fund - Regular - Growth
101207,2022-03-08,,ABSL Small Cap Fund - Regular - Growth
101207,2022-03-09,,ABSL Small Cap Fund - Regular - Growth
101207,2022-03-10,,ABSL Small Cap Fund - Regular - Growth
101207,2022-03-11,,ABSL Small Cap Fund - Regular - Growth
101207,2022-03-12,,ABSL Small Cap Fund - Regular - Growth
101207,2022-03-13,,ABSL Small Cap Fund - Regular - Growth
101207,2022-03-14,,ABSL Small Cap Fund - Regular - Growth
101207,2022-03-15,,ABSL Small Cap Fund - Regular - Growth
101207,2022-03-16,,ABSL Small Cap Fund - Regular - Growth
101207,2022-03-17,,ABSL Small Cap Fund - Regular - Growth
101207,2022-03-18,,ABSL Small Cap Fund - Regular - Growth
101207,2022-03-19,,ABSL Small Cap Fund - Regular - Growth
101207,2022-03-20,,ABSL Small Cap Fund - Regular - Growth
101207,2022-03-21,,ABSL Small Cap Fund - Regular - Growth
101207,2022-03-22,,ABSL Small Cap Fund - Regular - Growth
101207,2022-03-23,,ABSL Small Cap Fund - Regular - Growth
101207,2022-03-24,,ABSL Small Cap Fund - Regular - Growth
101207,2022-03-25,,ABSL Small Cap Fund - Regular - Growth
101207,2022-03-26,,ABSL Small Cap Fund - Regular - Growth
101207,2022-03-27,,ABSL Small Cap Fund - Regular - Growth
101207,2022-03-28,,ABSL Small Cap Fund - Regular - Growth
101207,2022-03-29,,ABSL Small Cap Fund - Regular - Growth
101207,2022-03-30,,ABSL Small Cap Fund - Regular - Growth
101207,2022-03-31,,ABSL Small Cap Fund - Regular - Growth
101207,2022-04-01,,ABSL Small Cap Fund - Regular - Growth
101207,2022-04-02,,ABSL Small Cap Fund - Regular - Growth
101207,2022-04-03,1.0969704430627525,ABSL Small Cap Fund - Regular - Growth
101207,2022-04-04,1.4949598892179783,ABSL Small Cap Fund - Regular - Growth
101207,2022-04-05,1.8710152814107774,ABSL Small Cap Fund - Regular - Growth
101207,2022-04-06,2.5550693064764993,ABSL Small Cap Fund - Regular - Growth
101207,2022-04-07,2.2238909586592523,ABSL Small Cap Fund - Regular - Growth
101207,2022-04-08,2.1003882259592315,ABSL Small Cap Fund - Regular - Growth
101207,2022-04-09,2.1003882259592315,ABSL Small Cap Fund - Regular - Growth
101207,2022-04-10,2.0807127994832144,ABSL Small Cap Fund - Regular - Growth
101207,2022-04-11,1.8364592257322028,ABSL Small Cap Fund - Regular - Growth
101207,2022-04-12,2.215278634453888,ABSL Small Cap Fund - Regular - Growth
101207,2022-04-13,1.7999616377851626,ABSL Small Cap Fund - Regular - Growth
101207,2022-04-14,1.344520764355554,ABSL Small Cap Fund - Regular - Growth
101207,2022-04-15,1.3049485883466367,ABSL Small Cap Fund - Regular - Growth
101207,2022-04-16,1.3049485883466367,ABSL Small Cap Fund - Regular - Growth
101207,2022-04-17,1.260483886523149,ABSL Small Cap Fund - Regular - Growth
101207,2022-04-18,1.0164450557322475,ABSL Small Cap Fund - Regular - Growth
101207,2022-04-19,1.1119552242710997,ABSL Small Cap Fund - Regular - Growth
101207,2022-04-20,1.6250953288541496,ABSL Small Cap Fund - Regular - Growth
101207,2022-04-21,1.8052164945681344,ABSL Small Cap Fund - Regular - Growth
101207,2022-04-22,1.9118401826883897,ABSL Small Cap Fund - Regular - Growth
101207,2022-04-23,1.9118401826883897,ABSL Small Cap Fund - Regular - Growth
101207,2022-04-24,2.0817913075078187,ABSL Small Cap Fund - Regular - Growth
101207,2022-04-25,1.3857334918991655,ABSL Small Cap Fund - Regular - Growth
101207,2022-04-26,0.724076114579106,ABSL Small Cap Fund - Regular - Growth
101207,2022-04-27,1.2457927623585165,ABSL Small Cap Fund - Regular - Growth
101207,2022-04-28,1.5127557267118896,ABSL Small Cap Fund - Regular - Growth
101207,2022-04-29,1.5764204808923998,ABSL Small Cap Fund - Regular - Growth
101207,2022-04-30,1.5764204808923998,ABSL Small Cap Fund - Regular - Growth
101207,2022-05-01,1.6386916011641381,ABSL Small Cap Fund - Regular - Growth
101207,2022-05-02,1.2635140175318866,ABSL Small Cap Fund - Regular - Growth
101207,2022-05-03,1.3461455283573327,ABSL Small Cap Fund - Regular - Growth
101207,2022-05-04,0.7043368359627851,ABSL Small Cap Fund - Regular - Growth
101207,2022-05-05,0.9232077504674882,ABSL Small Cap Fund - Regular - Growth
101207,2022-05-06,0.6980845595750965,ABSL Small Cap Fund - Regular - Growth
101207,2022-05-07,0.6980845595750965,ABSL Small Cap Fund - Regular - Growth
101207,2022-05-08,1.040428068819385,ABSL Small Cap Fund - Regular - Growth
101207,2022-05-09,1.0474737810928325,ABSL Small Cap Fund - Regular - Growth
101207,2022-05-10,0.4647352542273362,ABSL Small Cap Fund - Regular - Growth
101207,2022-05-11,0.2472217262590705,ABSL Small Cap Fund - Regular - Growth
101207,2022-05-12,0.36817740058859777,ABSL Small Cap Fund - Regular - Growth
101207,2022-05-13,0.21520756640488467,ABSL Small Cap Fund - Regular - Growth
101207,2022-05-14,0.21520756640488467,ABSL Small Cap Fund - Regular - Growth
101207,2022-05-15,0.23467301793458217,ABSL Small Cap Fund - Regular - Growth
101207,2022-05-16,-0.017810363921591084,ABSL Small Cap Fund - Regular - Growth
101207,2022-05-17,-0.03493221054865356,ABSL Small Cap Fund - Regular - Growth
101207,2022-05-18,0.21547831465781914,ABSL Small Cap Fund - Regular - Growth
101207,2022-05-19,0.15051621463821238,ABSL Small Cap Fund - Regular - Growth
101207,2022-05-20,0.3666316495278633,ABSL Small Cap Fund - Regular - Growth
101207,2022-05-21,0.3666316495278633,ABSL Small Cap Fund - Regular - Growth
101207,2022-05-22,0.6629064459788447,ABSL Small Cap Fund - Regular - Growth
101207,2022-05-23,0.6737495704837707,ABSL Small Cap Fund - Regular - Growth
101207,2022-05-24,0.5457897302911338,ABSL Small Cap Fund - Regular - Growth
101207,2022-05-25,0.40862442927371456,ABSL Small Cap Fund - Regular - Growth
101207,2022-05-26,0.0036263709785335657,ABSL Small Cap Fund - Regular - Growth
101207,2022-05-27,-0.1728075909711003,ABSL Small Cap Fund - Regular - Growth
101207,2022-05-28,-0.1728075909711003,ABSL Small Cap Fund - Regular - Growth
101207,2022-05-29,-0.11457820827907259,ABSL Small Cap Fund - Regular - Growth
101207,2022-05-30,-0.8493053237507513,ABSL Small Cap Fund - Regular - Growth
101207,2022-05-31,-1.2605806747009574,ABSL Small Cap Fund - Regular - Growth
101207,2022-06-01,-1.6109610560177878,ABSL Small Cap Fund - Regular - Growth
101207,2022-06-02,-1.659118734988142,ABSL Small Cap Fund - Regular - Growth
101207,2022-06-03,-1.4372341387895167,ABSL Small Cap Fund - Regular - Growth
101207,2022-06-04,-1.4372341387895167,ABSL Small Cap Fund - Regular - Growth
101207,2022-06-05,-1.446734910664909,ABSL Small Cap Fund - Regular - Growth
101207,2022-06-06,-1.0035879141625066,ABSL Small Cap Fund - Regular - Growth
101207,2022-06-07,-0.5905880308260448,ABSL Small Cap Fund - Regular - Growth
101207,2022-06-08,-0.6592919238152904,ABSL Small Cap Fund - Regular - Growth
101207,2022-06-09,-0.4435568136137712,ABSL Small Cap Fund - Regular - Growth
101207,2022-06-10,-0.08310868025186374,ABSL Small Cap Fund - Regular - Growth
101207,2022-06-11,-0.08310868025186376,ABSL Small Cap Fund - Regular - Growth
101207,2022-06-12,0.034355373167056336,ABSL Small Cap Fund - Regular - Growth
101207,2022-06-13,-0.27395021113401946,ABSL Small Cap Fund - Regular - Growth
101207,2022-06-14,0.017551868244185247,ABSL Small Cap Fund - Regular - Growth
101207,2022-06-15,-0.05893089129445687,ABSL Small Cap Fund - Regular - Growth
101207,2022-06-16,-0.10084004961395837,ABSL Small Cap Fund - Regular - Growth
101207,2022-06-17,-0.003948433064577889,ABSL Small Cap Fund - Regular - Growth
101207,2022-06-18,-0.003948433064577889,ABSL Small Cap Fund - Regular - Growth
101207,2022-06-19,0.02352026824993423,ABSL Small Cap Fund - Regular - Growth
101207,2022-06-20,0.018402031673726473,ABSL Small Cap Fund - Regular - Growth
101207,2022-06-21,0.615837840207834,ABSL Small Cap Fund - Regular - Growth
101207,2022-06-22,0.41899973513341215,ABSL Small Cap Fund - Regular - Growth
101207,2022-06-23,0.19921503001903457,ABSL Small Cap Fund - Regular - Growth
101207,2022-06-24,0.2799611295534073,ABSL Small Cap Fund - Regular - Growth
101207,2022-06-25,0.2799611295534073,ABSL Small Cap Fund - Regular - Growth
101207,2022-06-26,-0.05135828795560788,ABSL Small Cap Fund - Regular - Growth
101207,2022-06-27,-0.04042528174820874,ABSL Small Cap Fund - Regular - Growth
101207,2022-06-28,0.0897661128051347,ABSL Small Cap Fund - Regular - Growth
101207,2022-06-29,0.14750145455630848,ABSL Small Cap Fund - Regular - Growth
101207,2022-06-30,-0.021785617327952374,ABSL Small Cap Fund - Regular - Growth
101207,2022-07-01,0.07669543277477968,ABSL Small Cap Fund - Regular - Growth
101207,2022-07-02,0.07669543277477968,ABSL Small Cap Fund - Regular - Growth
101207,2022-07-03,-0.12007914778201617,ABSL Small Cap Fund - Regular - Growth
101207,2022-07-04,-0.46487095293721076,ABSL Small Cap Fund - Regular - Growth
101207,2022-07-05,-0.22214824427072347,ABSL Small Cap Fund - Regular - Growth
101207,2022-07-06,-0.2829081149451425,ABSL Small Cap Fund - Regular - Growth
101207,2022-07-07,-0.313967256414096,ABSL Small Cap Fund - Regular - Growth
101207,2022-07-08,-0.12351587634948209,ABSL Small Cap Fund - Regular - Growth
101207,2022-07-09,-0.12351587634948209,ABSL Small Cap Fund - Regular - Growth
101207,2022-07-10,-0.10787774941491303,ABSL Small Cap Fund - Regular - Growth
101207,2022-07-11,-0.6001648260337541,ABSL Small Cap Fund - Regular - Growth
101207,2022-07-12,-0.24531641273634286,ABSL Small Cap Fund - Regular - Growth
101207,2022-07-13,-0.11387514775111075,ABSL Small Cap Fund - Regular - Growth
101207,2022-07-14,-0.0897229170210268,ABSL Small Cap Fund - Regular - Growth
101207,2022-07-15,0.4128561108576194,ABSL Small Cap Fund - Regular - Growth
101207,2022-07-16,0.4128561108576194,ABSL Small Cap Fund - Regular - Growth
101207,2022-07-17,0.566788100380896,ABSL Small Cap Fund - Regular - Growth
101207,2022-07-18,0.8839161789447749,ABSL Small Cap Fund - Regular - Growth
101207,2022-07-19,0.7391656088531603,ABSL Small Cap Fund - Regular - Growth
101207,2022-07-20,0.9024983637707988,ABSL Small Cap Fund - Regular - Growth
101207,2022-07-21,0.6831368677884205,ABSL Small Cap Fund - Regular - Growth
101207,2022-07-22,0.745486611332733,ABSL Small Cap Fund - Regular - Growth
101207,2022-07-23,0.745486611332733,ABSL Small Cap Fund - Regular - Growth
101207,2022-07-24,1.078316009120122,ABSL Small Cap Fund - Regular - Growth
101207,2022-07-25,1.4257821177119103,ABSL Small Cap Fund - Regular - Growth
101207,2022-07-26,1.2835065372555654,ABSL Small Cap Fund - Regular - Growth
101207,2022-07-27,0.9792108843400534,ABSL Small Cap Fund - Regular - Growth
101207,2022-07-28,0.849730710408309,ABSL Small Cap Fund - Regular - Growth
101207,2022-07-29,0.9177863183925467,ABSL Small Cap Fund - Regular - Growth
101207,2022-07-30,0.9177863183925467,ABSL Small Cap Fund - Regular - Growth
101207,2022-07-31,0.9704431086784199,ABSL Small Cap Fund - Regular - Growth
101207,2022-08-01,0.7576501260407758,ABSL Small Cap Fund - Regular - Growth
101207,2022-08-02,1.5075766096614656,ABSL Small Cap Fund - Regular - Growth
101207,2022-08-03,0.9901935538716241,ABSL Small Cap Fund - Regular - Growth
101207,2022-08-04,1.4915255931418656,ABSL Small Cap Fund - Regular - Growth
101207,2022-08-05,1.2133610573319693,ABSL Small Cap Fund - Regular - Growth
101207,2022-08-06,1.2133610573319693,ABSL Small Cap Fund - Regular - Growth
101207,2022-08-07,1.0410486206799006,ABSL Small Cap Fund - Regular - Growth
101207,2022-08-08,1.3066693391289474,ABSL Small Cap Fund - Regular - Growth
101207,2022-08-09,1.5322753532200553,ABSL Small Cap Fund - Regular - Growth
101207,2022-08-10,1.654134036420216,ABSL Small Cap Fund - Regular - Growth
101207,2022-08-11,2.2047301551772613,ABSL Small Cap Fund - Regular - Growth
101207,2022-08-12,2.2774772958672798,ABSL Small Cap Fund - Regular - Growth
101207,2022-08-13,2.2774772958672798,ABSL Small Cap Fund - Regular - Growth
101207,2022-08-14,2.3472680100050978,ABSL Small Cap Fund - Regular - Growth
101207,2022-08-15,2.1607249085231217,ABSL Small Cap Fund - Regular - Growth
101207,2022-08-16,2.2059176785524786,ABSL Small Cap Fund - Regular - Growth
101207,2022-08-17,2.7086645509698024,ABSL Small Cap Fund - Regular - Growth
101207,2022-08-18,2.915669587449091,ABSL Small Cap Fund - Regular - Growth
101207,2022-08-19,2.8886274795858444,ABSL Small Cap Fund - Regular - Growth
101207,2022-08-20,2.8886274795858444,ABSL Small Cap Fund - Regular - Growth
101207,2022-08-21,2.8271550794079383,ABSL Small Cap Fund - Regular - Growth
101207,2022-08-22,2.87422886590666,ABSL Small Cap Fund - Regular - Growth
101207,2022-08-23,3.0576466916353615,ABSL Small Cap Fund - Regular - Growth
101207,2022-08-24,3.732548620656132,ABSL Small Cap Fund - Regular - Growth
101207,2022-08-25,4.260710242306252,ABSL Small Cap Fund - Regular - Growth
101207,2022-08-26,4.044623617997414,ABSL Small Cap Fund - Regular - Growth
101207,2022-08-27,4.044623617997414,ABSL Small Cap Fund - Regular - Growth
101207,2022-08-28,4.283786597869831,ABSL Small Cap Fund - Regular - Growth
101207,2022-08-29,3.7738114096778865,ABSL Small Cap Fund - Regular - Growth
101207,2022-08-30,4.033972616241079,ABSL Small Cap Fund - Regular - Growth
101207,2022-08-31,4.222745500383564,ABSL Small Cap Fund - Regular - Growth
101207,2022-09-01,4.104154171043311,ABSL Small Cap Fund - Regular - Growth
101207,2022-09-02,4.21504470023906,ABSL Small Cap Fund - Regular - Growth
101207,2022-09-03,4.21504470023906,ABSL Small Cap Fund - Regular - Growth
101207,2022-09-04,4.008634751082769,ABSL Small Cap Fund - Regular - Growth
101207,2022-09-05,3.994449480932897,ABSL Small Cap Fund - Regular - Growth
101207,2022-09-06,4.2327328371796575,ABSL Small Cap Fund - Regular - Growth
101207,2022-09-07,4.330509229899357,ABSL Small Cap Fund - Regular - Growth
101207,2022-09-08,4.176348713875879,ABSL Small Cap Fund - Regular - Growth
101207,2022-09-09,3.6685562487291654,ABSL Small Cap Fund - Regular - Growth
101207,2022-09-10,3.6685562487291654,ABSL Small Cap Fund - Regular - Growth
101207,2022-09-11,4.0577757511171155,ABSL Small Cap Fund - Regular - Growth
101207,2022-09-12,3.8445678838716044,ABSL Small Cap Fund - Regular - Growth
101207,2022-09-13,3.6821556206118338,ABSL Small Cap Fund - Regular - Growth
101207,2022-09-14,3.6138953621130776,ABSL Small Cap Fund - Regular - Growth
101207,2022-09-15,3.4201229225508394,ABSL Small Cap Fund - Regular - Growth
101207,2022-09-16,3.622812991424999,ABSL Small Cap Fund - Regular - Growth
101207,2022-09-17,3.622812991424999,ABSL Small Cap Fund - Regular - Growth
101207,2022-09-18,3.57204414587747,ABSL Small Cap Fund - Regular - Growth
101207,2022-09-19,3.274708616426253,ABSL Small Cap Fund - Regular - Growth
101207,2022-09-20,3.438907863299227,ABSL Small Cap Fund - Regular - Growth
101207,2022-09-21,3.8303450901734686,ABSL Small Cap Fund - Regular - Growth
101207,2022-09-22,3.9556044074998233,ABSL Small Cap Fund - Regular - Growth
101207,2022-09-23,3.5459079013606387,ABSL Small Cap Fund - Regular - Growth
101207,2022-09-24,3.5459079013606387,ABSL Small Cap Fund - Regular - Growth
101207,2022-09-25,3.571395315999491,ABSL Small Cap Fund - Regular - Growth
101207,2022-09-26,3.2476363711901226,ABSL Small Cap Fund - Regular - Growth
101207,2022-09-27,3.312411221365587,ABSL Small Cap Fund - Regular - Growth
101207,2022-09-28,3.2227873267080884,ABSL Small Cap Fund - Regular - Growth
101207,2022-09-29,2.6046939800630384,ABSL Small Cap Fund - Regular - Growth
101207,2022-09-30,2.869893634505459,ABSL Small Cap Fund - Regular - Growth
101207,2022-10-01,2.869893634505459,ABSL Small Cap Fund - Regular - Growth
101207,2022-10-02,2.8302402538551963,ABSL Small Cap Fund - Regular - Growth
101207,2022-10-03,2.7245246778810603,ABSL Small Cap Fund - Regular - Growth
101207,2022-10-04,2.93687711341914,ABSL Small Cap Fund - Regular - Growth
101207,2022-10-05,3.1053768024723443,ABSL Small Cap Fund - Regular - Growth
101207,2022-10-06,3.2215540400411733,ABSL Small Cap Fund - Regular - Growth
101207,2022-10-07,3.4524628738886034,ABSL Small Cap Fund - Regular - Growth
101207,2022-10-08,3.4524628738886034,ABSL Small Cap Fund - Regular - Growth
101207,2022-10-09,3.6494051447107485,ABSL Small Cap Fund - Regular - Growth
101207,2022-10-10,3.8288902176117627,ABSL Small Cap Fund - Regular - Growth
101207,2022-10-11,3.992918238494443,ABSL Small Cap Fund - Regular - Growth
101207,2022-10-12,4.038339535875117,ABSL Small Cap Fund - Regular - Growth
101207,2022-10-13,3.6063133247994164,ABSL Small Cap Fund - Regular - Growth
101207,2022-10-14,3.3191334756420288,ABSL Small Cap Fund - Regular - Growth
101207,2022-10-15,3.3191334756420283,ABSL Small Cap Fund - Regular - Growth
101207,2022-10-16,3.0881225469959594,ABSL Small Cap Fund - Regular - Growth
101207,2022-10-17,2.997870199199686,ABSL Small Cap Fund - Regular - Growth
101207,2022-10-18,3.007882892073388,ABSL Small Cap Fund - Regular - Growth
101207,2022-10-19,3.085658515293946,ABSL Small Cap Fund - Regular - Growth
101207,2022-10-20,3.1518432023394283,ABSL Small Cap Fund - Regular - Growth
101207,2022-10-21,3.0924466605698653,ABSL Small Cap Fund - Regular - Growth
101207,2022-10-22,3.0924466605698653,ABSL Small Cap Fund - Regular - Growth
101207,2022-10-23,2.96779043380475,ABSL Small Cap Fund - Regular - Growth
101207,2022-10-24,3.0905881252070273,ABSL Small Cap Fund - Regular - Growth
101207,2022-10-25,2.8757388644339255,ABSL Small Cap Fund - Regular - Growth
101207,2022-10-26,2.725555254822447,ABSL Small Cap Fund - Regular - Growth
101207,2022-10-27,2.622525795681256,ABSL Small Cap Fund - Regular - Growth
101207,2022-10-28,2.787960839922865,ABSL Small Cap Fund - Regular - Growth
101207,2022-10-29,2.787960839922865,ABSL Small Cap Fund - Regular - Growth
101207,2022-10-30,2.8874647488039464,ABSL Small Cap Fund - Regular - Growth
101207,2022-10-31,2.500924977235051,ABSL Small Cap Fund - Regular - Growth
101207,2022-11-01,3.17247033388714,ABSL Small Cap Fund - Regular - Growth
101207,2022-11-02,2.5471094370491194,ABSL Small Cap Fund - Regular - Growth
101207,2022-11-03,2.79229935888949,ABSL Small Cap Fund - Regular - Growth
101207,2022-11-04,2.4829484977577314,ABSL Small Cap Fund - Regular - Growth
101207,2022-11-05,2.4829484977577314,ABSL Small Cap Fund - Regular - Growth
101207,2022-11-06,2.706405106823704,ABSL Small Cap Fund - Regular - Growth
101207,2022-11-07,2.016567398763954,ABSL Small Cap Fund - Regular - Growth
101207,2022-11-08,1.9850635627777515,ABSL Small Cap Fund - Regular - Growth
101207,2022-11-09,1.5928704719383684,ABSL Small Cap Fund - Regular - Growth
101207,2022-11-10,1.2468789370417976,ABSL Small Cap Fund - Regular - Growth
101207,2022-11-11,1.1557937693156655,ABSL Small Cap Fund - Regular - Growth
101207,2022-11-12,1.1557937693156655,ABSL Small Cap Fund - Regular - Growth
101207,2022-11-13,1.1528869094566,ABSL Small Cap Fund - Regular - Growth
101207,2022-11-14,1.200337308010116,ABSL Small Cap Fund - Regular - Growth
101207,2022-11-15,0.8321140399561547,ABSL Small Cap Fund - Regular - Growth
101207,2022-11-16,0.3218491150394517,ABSL Small Cap Fund - Regular - Growth
101207,2022-11-17,0.2779141007302654,ABSL Small Cap Fund - Regular - Growth
101207,2022-11-18,0.1698725617772751,ABSL Small Cap Fund - Regular - Growth
101207,2022-11-19,0.1698725617772751,ABSL Small Cap Fund - Regular - Growth
101207,2022-11-20,0.04696483190706409,ABSL Small Cap Fund - Regular - Growth
101207,2022-11-21,-0.05937975662277081,ABSL Small Cap Fund - Regular - Growth
101207,2022-11-22,-0.16709908967476061,ABSL Small Cap Fund - Regular - Growth
101207,2022-11-23,-0.7298235238880979,ABSL Small Cap Fund - Regular - Growth
101207,2022-11-24,-0.7478512665860529,ABSL Small Cap Fund - Regular - Growth
101207,2022-11-25,-0.8151881016221066,ABSL Small Cap Fund - Regular - Growth
101207,2022-11-26,-0.8151881016221066,ABSL Small Cap Fund - Regular - Growth
101207,2022-11-27,-0.36026516224889954,ABSL Small Cap Fund - Regular - Growth
101207,2022-11-28,-0.5680337907018579,ABSL Small Cap Fund - Regular - Growth
101207,2022-11-29,-1.0714287505531612,ABSL Small Cap Fund - Regular - Growth
101207,2022-11-30,-0.9451543027588307,ABSL Small Cap Fund - Regular - Growth
101207,2022-12-01,-0.7739585196649457,ABSL Small Cap Fund - Regular - Growth
101207,2022-12-02,-0.7619944781664255,ABSL Small Cap Fund - Regular - Growth
101207,2022-12-03,-0.7619944781664255,ABSL Small Cap Fund - Regular - Growth
101207,2022-12-04,-0.9429279160452144,ABSL Small Cap Fund - Regular - Growth
101207,2022-12-05,-0.9527371957975797,ABSL Small Cap Fund - Regular - Growth
101207,2022-12-06,-1.2246656866939165,ABSL Small Cap Fund - Regular - Growth
101207,2022-12-07,-1.0993968769784468,ABSL Small Cap Fund - Regular - Growth
101207,2022-12-08,-0.30422151520562,ABSL Small Cap Fund - Regular - Growth
101207,2022-12-09,-0.327496494520834,ABSL Small Cap Fund - Regular - Growth
101207,2022-12-10,-0.327496494520834,ABSL Small Cap Fund - Regular - Growth
101207,2022-12-11,-0.36405752361245025,ABSL Small Cap Fund - Regular - Growth
101207,2022-12-12,-0.1437621730815534,ABSL Small Cap Fund - Regular - Growth
101207,2022-12-13,-0.060353308076798944,ABSL Small Cap Fund - Regular - Growth
101207,2022-12-14,0.07592857200728435,ABSL Small Cap Fund - Regular - Growth
101207,2022-12-15,-0.2638940851440995,ABSL Small Cap Fund - Regular - Growth
101207,2022-12-16,-0.14674889574614464,ABSL Small Cap Fund - Regular - Growth
101207,2022-12-17,-0.14674889574614464,ABSL Small Cap Fund - Regular - Growth
101207,2022-12-18,-0.2131230899552009,ABSL Small Cap Fund - Regular - Growth
101207,2022-12-19,-0.10869289923317053,ABSL Small Cap Fund - Regular - Growth
101207,2022-12-20,-0.23700452016796428,ABSL Small Cap Fund - Regular - Growth
101207,2022-12-21,0.09305837358283504,ABSL Small Cap Fund - Regular - Growth
101207,2022-12-22,0.10629767120330327,ABSL Small Cap Fund - Regular - Growth
101207,2022-12-23,-0.0582452602682986,ABSL Small Cap Fund - Regular - Growth
101207,2022-12-24,-0.0582452602682986,ABSL Small Cap Fund - Regular - Growth
101207,2022-12-25,0.1153710765848753,ABSL Small Cap Fund - Regular - Growth
101207,2022-12-26,-0.10830404061515451,ABSL Small Cap Fund - Regular - Growth
101207,2022-12-27,0.4485399958446239,ABSL Small Cap Fund - Regular - Growth
101207,2022-12-28,0.7874621009716,ABSL Small Cap Fund - Regular - Growth
101207,2022-12-29,0.26071391134755306,ABSL Small Cap Fund - Regular - Growth
101207,2022-12-30,0.3879937877193929,ABSL Small Cap Fund - Regular - Growth
101207,2022-12-31,0.3879937877193929,ABSL Small Cap Fund - Regular - Growth
101207,2023-01-01,0.14878534010757705,ABSL Small Cap Fund - Regular - Growth
101207,2023-01-02,-0.05665238589984979,ABSL Small Cap Fund - Regular - Growth
101207,2023-01-03,0.06600978287035544,ABSL Small Cap Fund - Regular - Growth
101207,2023-01-04,-0.3157105125686011,ABSL Small Cap Fund - Regular - Growth
101207,2023-01-05,-0.7884047318416486,ABSL Small Cap Fund - Regular - Growth
101207,2023-01-06,-0.23482318160944154,ABSL Small Cap Fund - Regular - Growth
101207,2023-01-07,-0.23482318160944154,ABSL Small Cap Fund - Regular - Growth
101207,2023-01-08,-0.5883035130908117,ABSL Small Cap Fund - Regular - Growth
101207,2023-01-09,-1.2845124708589126,ABSL Small Cap Fund - Regular - Growth
101207,2023-01-10,-0.9092077191331637,ABSL Small Cap Fund - Regular - Growth
101207,2023-01-11,-0.6404416549631127,ABSL Small Cap Fund - Regular - Growth
101207,2023-01-12,-0.5429405487669139,ABSL Small Cap Fund - Regular - Growth
101207,2023-01-13,-0.15263018916787702,ABSL Small Cap Fund - Regular - Growth
101207,2023-01-14,-0.15263018916787702,ABSL Small Cap Fund - Regular - Growth
101207,2023-01-15,-0.26074051024277883,ABSL Small Cap Fund - Regular - Growth
101207,2023-01-16,-0.630485060349603,ABSL Small Cap Fund - Regular - Growth
101207,2023-01-17,-0.3667998109331848,ABSL Small Cap Fund - Regular - Growth
101207,2023-01-18,-0.8542635634719973,ABSL Small Cap Fund - Regular - Growth
101207,2023-01-19,-0.9974548944837539,ABSL Small Cap Fund - Regular - Growth
101207,2023-01-20,-1.1898094395119831,ABSL Small Cap Fund - Regular - Growth
101207,2023-01-21,-1.1898094395119831,ABSL Small Cap Fund - Regular - Growth
101207,2023-01-22,-1.3686181610738093,ABSL Small Cap Fund - Regular - Growth
101207,2023-01-23,-1.346112295871207,ABSL Small Cap Fund - Regular - Growth
101207,2023-01-24,-1.1564506864616173,ABSL Small Cap Fund - Regular - Growth
101207,2023-01-25,-1.2606251597473133,ABSL Small Cap Fund - Regular - Growth
101207,2023-01-26,-1.7593535384541668,ABSL Small Cap Fund - Regular - Growth
101207,2023-01-27,-1.6606133635638751,ABSL Small Cap Fund - Regular - Growth
101207,2023-01-28,-1.6606133635638751,ABSL Small Cap Fund - Regular - Growth
101207,2023-01-29,-1.4704263499463919,ABSL Small Cap Fund - Regular - Growth
101207,2023-01-30,-1.6696475329727125,ABSL Small Cap Fund - Regular - Growth
101207,2023-01-31,-1.3096391243951304,ABSL Small Cap Fund - Regular - Growth
101207,2023-02-01,-1.2308542371541682,ABSL Small Cap Fund - Regular - Growth
101207,2023-02-02,-0.7927874296206399,ABSL Small Cap Fund - Regular - Growth
101207,2023-02-03,-0.7965289338730194,ABSL Small Cap Fund - Regular - Growth
101207,2023-02-04,-0.7965289338730194,ABSL Small Cap Fund - Regular - Growth
101207,2023-02-05,-0.34138222296158155,ABSL Small Cap Fund - Regular - Growth
101207,2023-02-06,-0.21257277921050097,ABSL Small Cap Fund - Regular - Growth
101207,2023-02-07,-0.3264563424378663,ABSL Small Cap Fund - Regular - Growth
101207,2023-02-08,-0.19940575036655192,ABSL Small Cap Fund - Regular - Growth
101207,2023-02-09,0.1695298778537413,ABSL Small Cap Fund - Regular - Growth
101207,2023-02-10,0.43791447117679777,ABSL Small Cap Fund - Regular - Growth
101207,2023-02-11,0.43791447117679777,ABSL Small Cap Fund - Regular - Growth
101207,2023-02-12,0.34375012926112136,ABSL Small Cap Fund - Regular - Growth
101207,2023-02-13,0.5222287072234703,ABSL Small Cap Fund - Regular - Growth
101207,2023-02-14,0.3905578148045697,ABSL Small Cap Fund - Regular - Growth
101207,2023-02-15,0.2824841602389724,ABSL Small Cap Fund - Regular - Growth
101207,2023-02-16,0.637440287533806,ABSL Small Cap Fund - Regular - Growth
101207,2023-02-17,0.877921699323822,ABSL Small Cap Fund - Regular - Growth
101207,2023-02-18,0.877921699323822,ABSL Small Cap Fund - Regular - Growth
101207,2023-02-19,0.9789677426466912,ABSL Small Cap Fund - Regular - Growth
101207,2023-02-20,1.0845960600215263,ABSL Small Cap Fund - Regular - Growth
101207,2023-02-21,1.615866068321831,ABSL Small Cap Fund - Regular - Growth
101207,2023-02-22,1.8905259182864254,ABSL Small Cap Fund - Regular - Growth
101207,2023-02-23,1.7488857337276944,ABSL Small Cap Fund - Regular - Growth
101207,2023-02-24,1.7085228116259583,ABSL Small Cap Fund - Regular - Growth
101207,2023-02-25,1.7085228116259583,ABSL Small Cap Fund - Regular - Growth
101207,2023-02-26,1.817693541946545,ABSL Small Cap Fund - Regular - Growth
101207,2023-02-27,2.0248113673498174,ABSL Small Cap Fund - Regular - Growth
101207,2023-02-28,1.9064756798294096,ABSL Small Cap Fund - Regular - Growth
101207,2023-03-01,1.909205667080714,ABSL Small Cap Fund - Regular - Growth
101207,2023-03-02,1.7264655447350534,ABSL Small Cap Fund - Regular - Growth
101207,2023-03-03,1.4824850011901063,ABSL Small Cap Fund - Regular - Growth
101207,2023-03-04,1.4824850011901063,ABSL Small Cap Fund - Regular - Growth
101207,2023-03-05,1.4606408539644624,ABSL Small Cap Fund - Regular - Growth
101207,2023-03-06,1.6939757158547784,ABSL Small Cap Fund - Regular - Growth
101207,2023-03-07,1.4174845536047422,ABSL Small Cap Fund - Regular - Growth
101207,2023-03-08,1.5188613556051942,ABSL Small Cap Fund - Regular - Growth
101207,2023-03-09,1.708250141767437,ABSL Small Cap Fund - Regular - Growth
101207,2023-03-10,1.6230644839725958,ABSL Small Cap Fund - Regular - Growth
101207,2023-03-11,1.6230644839725958,ABSL Small Cap Fund - Regular - Growth
101207,2023-03-12,1.7074867319299172,ABSL Small Cap Fund - Regular - Growth
101207,2023-03-13,1.8494856145692047,ABSL Small Cap Fund - Regular - Growth
101207,2023-03-14,1.9504994196470762,ABSL Small Cap Fund - Regular - Growth
101207,2023-03-15,2.1484186976883484,ABSL Small Cap Fund - Regular - Growth
101207,2023-03-16,2.0460233346576286,ABSL Small Cap Fund - Regular - Growth
101207,2023-03-17,2.1280579806744373,ABSL Small Cap Fund - Regular - Growth
101207,2023-03-18,2.1280579806744373,ABSL Small Cap Fund - Regular - Growth
101207,2023-03-19,1.961682410562754,ABSL Small Cap Fund - Regular - Growth
101207,2023-03-20,1.7007760550407054,ABSL Small Cap Fund - Regular - Growth
101207,2023-03-21,1.5239364313416721,ABSL Small Cap Fund - Regular - Growth
101207,2023-03-22,1.1456042870844516,ABSL Small Cap Fund - Regular - Growth
101207,2023-03-23,1.2169330247458543,ABSL Small Cap Fund - Regular - Growth
101207,2023-03-24,0.9490453423070924,ABSL Small Cap Fund - Regular - Growth
101207,2023-03-25,0.9490453423070924,ABSL Small Cap Fund - Regular - Growth
101207,2023-03-26,0.9011503711233544,ABSL Small Cap Fund - Regular - Growth
101207,2023-03-27,0.44986833959533074,ABSL Small Cap Fund - Regular - Growth
101207,2023-03-28,0.533485451542309,ABSL Small Cap Fund - Regular - Growth
101207,2023-03-29,0.5107726490266549,ABSL Small Cap Fund - Regular - Growth
101207,2023-03-30,-0.04435878064606205,ABSL Small Cap Fund - Regular - Growth
101207,2023-03-31,-0.0010766694204396158,ABSL Small Cap Fund - Regular - Growth
101207,2023-04-01,-0.0010766694204396158,ABSL Small Cap Fund - Regular - Growth
101207,2023-04-02,0.03064331627019288,ABSL Small Cap Fund - Regular - Growth
101207,2023-04-03,0.26435896160754035,ABSL Small Cap Fund - Regular - Growth
101207,2023-04-04,0.21916501973016828,ABSL Small Cap Fund - Regular - Growth
101207,2023-04-05,0.511613989798433,ABSL Small Cap Fund - Regular - Growth
101207,2023-04-06,0.37757236936053123,ABSL Small Cap Fund - Regular - Growth
101207,2023-04-07,0.0789274089353594,ABSL Small Cap Fund - Regular - Growth
101207,2023-04-08,0.0789274089353594,ABSL Small Cap Fund - Regular - Growth
101207,2023-04-09,0.556736170853705,ABSL Small Cap Fund - Regular - Growth
101207,2023-04-10,0.1738037706627936,ABSL Small Cap Fund - Regular - Growth
101207,2023-04-11,-0.20158434192097896,ABSL Small Cap Fund - Regular - Growth
101207,2023-04-12,-0.21169568677542366,ABSL Small Cap Fund - Regular - Growth
101207,2023-04-13,-0.2423393186447895,ABSL Small Cap Fund - Regular - Growth
101207,2023-04-14,-0.19455013707535118,ABSL Small Cap Fund - Regular - Growth
101207,2023-04-15,-0.19455013707535118,ABSL Small Cap Fund - Regular - Growth
101207,2023-04-16,0.027677399191117513,ABSL Small Cap Fund - Regular - Growth
101207,2023-04-17,-0.01064518096838528,ABSL Small Cap Fund - Regular - Growth
101207,2023-04-18,0.34270170192358007,ABSL Small Cap Fund - Regular - Growth
101207,2023-04-19,0.331222793752734,ABSL Small Cap Fund - Regular - Growth
101207,2023-04-20,0.6546055043085272,ABSL Small Cap Fund - Regular - Growth
101207,2023-04-21,0.8802434828565863,ABSL Small Cap Fund - Regular - Growth
101207,2023-04-22,0.8802434828565863,ABSL Small Cap Fund - Regular - Growth
101207,2023-04-23,1.0045165360418415,ABSL Small Cap Fund - Regular - Growth
101207,2023-04-24,1.0578590743041192,ABSL Small Cap Fund - Regular - Growth
101207,2023-04-25,1.2919212595274239,ABSL Small Cap Fund - Regular - Growth
101207,2023-04-26,1.4506969858059242,ABSL Small Cap Fund - Regular - Growth
101207,2023-04-27,1.4922993661166526,ABSL Small Cap Fund - Regular - Growth
101207,2023-04-28,1.728114033679967,ABSL Small Cap Fund - Regular - Growth
101207,2023-04-29,1.728114033679967,ABSL Small Cap Fund - Regular - Growth
101207,2023-04-30,1.709546608284061,ABSL Small Cap Fund - Regular - Growth
101207,2023-05-01,1.7088138534678639,ABSL Small Cap Fund - Regular - Growth
101207,2023-05-02,1.3405540838421188,ABSL Small Cap Fund - Regular - Growth
101207,2023-05-03,1.4474185148993475,ABSL Small Cap Fund - Regular - Growth
101207,2023-05-04,1.2926612102048758,ABSL Small Cap Fund - Regular - Growth
101207,2023-05-05,1.367843534777321,ABSL Small Cap Fund - Regular - Growth
101207,2023-05-06,1.367843534777321,ABSL Small Cap Fund - Regular - Growth
101207,2023-05-07,1.1899564436535273,ABSL Small Cap Fund - Regular - Growth
101207,2023-05-08,1.4858824070958423,ABSL Small Cap Fund - Regular - Growth
101207,2023-05-09,1.7909239140782471,ABSL Small Cap Fund - Regular - Growth
101207,2023-05-10,1.2389177622633694,ABSL Small Cap Fund - Regular - Growth
101207,2023-05-11,1.0358449124618163,ABSL Small Cap Fund - Regular - Growth
101207,2023-05-12,1.0541271943627648,ABSL Small Cap Fund - Regular - Growth
101207,2023-05-13,1.0541271943627648,ABSL Small Cap Fund - Regular - Growth
101207,2023-05-14,0.9473164420882387,ABSL Small Cap Fund - Regular - Growth
101207,2023-05-15,1.3403256129703314,ABSL Small Cap Fund - Regular - Growth
101207,2023-05-16,1.5901668518724992,ABSL Small Cap Fund - Regular - Growth
101207,2023-05-17,1.6083911361725063,ABSL Small Cap Fund - Regular - Growth
101207,2023-05-18,1.4913633787897083,ABSL Small Cap Fund - Regular - Growth
101207,2023-05-19,1.488112472068375,ABSL Small Cap Fund - Regular - Growth
101207,2023-05-20,1.488112472068375,ABSL Small Cap Fund - Regular - Growth
101207,2023-05-21,1.4895438612627308,ABSL Small Cap Fund - Regular - Growth
101207,2023-05-22,1.1462961006704664,ABSL Small Cap Fund - Regular - Growth
101207,2023-05-23,1.3226360625276716,ABSL Small Cap Fund - Regular - Growth
101207,2023-05-24,1.2866939782056275,ABSL Small Cap Fund - Regular - Growth
101207,2023-05-25,1.4891316546412041,ABSL Small Cap Fund - Regular - Growth
101207,2023-05-26,1.3865391879915105,ABSL Small Cap Fund - Regular - Growth
101207,2023-05-27,1.3865391879915105,ABSL Small Cap Fund - Regular - Growth
101207,2023-05-28,1.37587513738607,ABSL Small Cap Fund - Regular - Growth
101207,2023-05-29,1.2101924314490609,ABSL Small Cap Fund - Regular - Growth
101207,2023-05-30,1.1735081933587217,ABSL Small Cap Fund - Regular - Growth
101207,2023-05-31,1.1869294016207732,ABSL Small Cap Fund - Regular - Growth
101207,2023-06-01,1.4959849422199838,ABSL Small Cap Fund - Regular - Growth
101207,2023-06-02,1.4180514551912067,ABSL Small Cap Fund - Regular - Growth
101207,2023-06-03,1.4180514551912062,ABSL Small Cap Fund - Regular - Growth
101207,2023-06-04,1.3045084161433484,ABSL Small Cap Fund - Regular - Growth
101207,2023-06-05,0.9594831268154576,ABSL Small Cap Fund - Regular - Growth
101207,2023-06-06,0.6394964865481455,ABSL Small Cap Fund - Regular - Growth
101207,2023-06-07,0.4967102275761292,ABSL Small Cap Fund - Regular - Growth
101207,2023-06-08,0.2512936248158819,ABSL Small Cap Fund - Regular - Growth
101207,2023-06-09,0.13958450376390866,ABSL Small Cap Fund - Regular - Growth
101207,2023-06-10,0.13958450376390866,ABSL Small Cap Fund - Regular - Growth
101207,2023-06-11,-0.08365191503055731,ABSL Small Cap Fund - Regular - Growth
101207,2023-06-12,-0.5185267628355167,ABSL Small Cap Fund - Regular - Growth
101207,2023-06-13,-0.5009496522654107,ABSL Small Cap Fund - Regular - Growth
101207,2023-06-14,-0.23414666239734044,ABSL Small Cap Fund - Regular - Growth
101207,2023-06-15,-0.15948736166648506,ABSL Small Cap Fund - Regular - Growth
101207,2023-06-16,0.019837823447856937,ABSL Small Cap Fund - Regular - Growth
101207,2023-06-17,0.019837823447856937,ABSL Small Cap Fund - Regular - Growth
101207,2023-06-18,0.3690680013383896,ABSL Small Cap Fund - Regular - Growth
101207,2023-06-19,0.049578624225826866,ABSL Small Cap Fund - Regular - Growth
101207,2023-06-20,0.7775345868128438,ABSL Small Cap Fund - Regular - Growth
101207,2023-06-21,0.8588744517244575,ABSL Small Cap Fund - Regular - Growth
101207,2023-06-22,1.2058928839377516,ABSL Small Cap Fund - Regular - Growth
101207,2023-06-23,1.391053164186687,ABSL Small Cap Fund - Regular - Growth
101207,2023-06-24,1.391053164186687,ABSL Small Cap Fund - Regular - Growth
101207,2023-06-25,1.4770953180109323,ABSL Small Cap Fund - Regular - Growth
101207,2023-06-26,1.7005923559059606,ABSL Small Cap Fund - Regular - Growth
101207,2023-06-27,1.8653931845951341,ABSL Small Cap Fund - Regular - Growth
101207,2023-06-28,2.1951913349238907,ABSL Small Cap Fund - Regular - Growth
101207,2023-06-29,2.1172823779524577,ABSL Small Cap Fund - Regular - Growth
101207,2023-06-30,2.0843456215682457,ABSL Small Cap Fund - Regular - Growth
101207,2023-07-01,2.0843456215682457,ABSL Small Cap Fund - Regular - Growth
101207,2023-07-02,1.709891439091958,ABSL Small Cap Fund - Regular - Growth
101207,2023-07-03,1.8393240147329024,ABSL Small Cap Fund - Regular - Growth
101207,2023-07-04,1.816407887014391,ABSL Small Cap Fund - Regular - Growth
101207,2023-07-05,1.115965154953433,ABSL Small Cap Fund - Regular - Growth
101207,2023-07-06,1.3882786051309757,ABSL Small Cap Fund - Regular - Growth
101207,2023-07-07,1.1953692127214306,ABSL Small Cap Fund - Regular - Growth
101207,2023-07-08,1.1953692127214306,ABSL Small Cap Fund - Regular - Growth
101207,2023-07-09,1.2787333149668094,ABSL Small Cap Fund - Regular - Growth
101207,2023-07-10,1.7950504929253188,ABSL Small Cap Fund - Regular - Growth
101207,2023-07-11,1.9253543430508047,ABSL Small Cap Fund - Regular - Growth
101207,2023-07-12,1.4967172209404311,ABSL Small Cap Fund - Regular - Growth
101207,2023-07-13,1.5600349796188482,ABSL Small Cap Fund - Regular - Growth
101207,2023-07-14,1.4443301761795253,ABSL Small Cap Fund - Regular - Growth
101207,2023-07-15,1.4443301761795253,ABSL Small Cap Fund - Regular - Growth
101207,2023-07-16,1.2737850360665568,ABSL Small Cap Fund - Regular - Growth
101207,2023-07-17,1.2797951288278935,ABSL Small Cap Fund - Regular - Growth
101207,2023-07-18,1.8884353964925202,ABSL Small Cap Fund - Regular - Growth
101207,2023-07-19,2.078647041911718,ABSL Small Cap Fund - Regular - Growth
101207,2023-07-20,1.757788544573645,ABSL Small Cap Fund - Regular - Growth
101207,2023-07-21,1.7314541671194421,ABSL Small Cap Fund - Regular - Growth
101207,2023-07-22,1.7314541671194421,ABSL Small Cap Fund - Regular - Growth
101207,2023-07-23,1.6562329377075076,ABSL Small Cap Fund - Regular - Growth
101207,2023-07-24,1.428428709294867,ABSL Small Cap Fund - Regular - Growth
101207,2023-07-25,1.2711502948203954,ABSL Small Cap Fund - Regular - Growth
101207,2023-07-26,1.3325105520617169,ABSL Small Cap Fund - Regular - Growth
101207,2023-07-27,1.508792379519758,ABSL Small Cap Fund - Regular - Growth
101207,2023-07-28,1.4318128622394883,ABSL Small Cap Fund - Regular - Growth
101207,2023-07-29,1.4318128622394883,ABSL Small Cap Fund - Regular - Growth
101207,2023-07-30,1.3438067104369982,ABSL Small Cap Fund - Regular - Growth
101207,2023-07-31,1.556707289611159,ABSL Small Cap Fund - Regular - Growth
101207,2023-08-01,1.198438047926635,ABSL Small Cap Fund - Regular - Growth
101207,2023-08-02,1.4131545932222558,ABSL Small Cap Fund - Regular - Growth
101207,2023-08-03,1.0977440954277426,ABSL Small Cap Fund - Regular - Growth
101207,2023-08-04,1.0157646440393628,ABSL Small Cap Fund - Regular - Growth
101207,2023-08-05,1.0157646440393628,ABSL Small Cap Fund - Regular - Growth
101207,2023-08-06,0.8180603532375308,ABSL Small Cap Fund - Regular - Growth
101207,2023-08-07,0.8056427312932442,ABSL Small Cap Fund - Regular - Growth
101207,2023-08-08,1.2175996431068503,ABSL Small Cap Fund - Regular - Growth
101207,2023-08-09,1.440734896965408,ABSL Small Cap Fund - Regular - Growth
101207,2023-08-10,1.5036361863062182,ABSL Small Cap Fund - Regular - Growth
101207,2023-08-11,1.283334132447745,ABSL Small Cap Fund - Regular - Growth
101207,2023-08-12,1.283334132447745,ABSL Small Cap Fund - Regular - Growth
101207,2023-08-13,0.9936147211120836,ABSL Small Cap Fund - Regular - Growth
101207,2023-08-14,0.7809098760066236,ABSL Small Cap Fund - Regular - Growth
101207,2023-08-15,0.5404516604637163,ABSL Small Cap Fund - Regular - Growth
101207,2023-08-16,0.19427562689497252,ABSL Small Cap Fund - Regular - Growth
101207,2023-08-17,-0.046674834592365815,ABSL Small Cap Fund - Regular - Growth
101207,2023-08-18,-0.27467837022792585,ABSL Small Cap Fund - Regular - Growth
101207,2023-08-19,-0.27467837022792585,ABSL Small Cap Fund - Regular - Growth
101207,2023-08-20,-0.3254864592522055,ABSL Small Cap Fund - Regular - Growth
101207,2023-08-21,-0.5427084988262442,ABSL Small Cap Fund - Regular - Growth
101207,2023-08-22,-0.3567386634340226,ABSL Small Cap Fund - Regular - Growth
101207,2023-08-23,-0.29659152037897313,ABSL Small Cap Fund - Regular - Growth
101207,2023-08-24,-0.3507617669391354,ABSL Small Cap Fund - Regular - Growth
101207,2023-08-25,-0.8056452205616988,ABSL Small Cap Fund - Regular - Growth
101207,2023-08-26,-0.8056452205616988,ABSL Small Cap Fund - Regular - Growth
101207,2023-08-27,-0.6526786494013964,ABSL Small Cap Fund - Regular - Growth
101207,2023-08-28,-0.8931441932652352,ABSL Small Cap Fund - Regular - Growth
101207,2023-08-29,-0.37296888045404925,ABSL Small Cap Fund - Regular - Growth
101207,2023-08-30,-0.4416556422313181,ABSL Small Cap Fund - Regular - Growth
101207,2023-08-31,-0.6080181106115998,ABSL Small Cap Fund - Regular - Growth
101207,2023-09-01,-0.8979710257437754,ABSL Small Cap Fund - Regular - Growth
101207,2023-09-02,-0.8979710257437754,ABSL Small Cap Fund - Regular - Growth
101207,2023-09-03,-0.47754392337891927,ABSL Small Cap Fund - Regular - Growth
101207,2023-09-04,-0.32836126065675464,ABSL Small Cap Fund - Regular - Growth
101207,2023-09-05,-0.5106576496033267,ABSL Small Cap Fund - Regular - Growth
101207,2023-09-06,0.16996751925311132,ABSL Small Cap Fund - Regular - Growth
101207,2023-09-07,0.4380726613007614,ABSL Small Cap Fund - Regular - Growth
101207,2023-09-08,0.296235817298924,ABSL Small Cap Fund - Regular - Growth
101207,2023-09-09,0.296235817298924,ABSL Small Cap Fund - Regular - Growth
101207,2023-09-10,0.6515575557494044,ABSL Small Cap Fund - Regular - Growth
101207,2023-09-11,0.736200001409197,ABSL Small Cap Fund - Regular - Growth
101207,2023-09-12,0.2728879970874742,ABSL Small Cap Fund - Regular - Growth
101207,2023-09-13,-0.18880206784290673,ABSL Small Cap Fund - Regular - Growth
101207,2023-09-14,-0.5644269912855231,ABSL Small Cap Fund - Regular - Growth
101207,2023-09-15,-0.395056209104693,ABSL Small Cap Fund - Regular - Growth
101207,2023-09-16,-0.395056209104693,ABSL Small Cap Fund - Regular - Growth
101207,2023-09-17,-0.3030865691265179,ABSL Small Cap Fund - Regular - Growth
101207,2023-09-18,-0.1812570517609071,ABSL Small Cap Fund - Regular - Growth
101207,2023-09-19,-0.2579646020818805,ABSL Small Cap Fund - Regular - Growth
101207,2023-09-20,-0.647889171456446,ABSL Small Cap Fund - Regular - Growth
101207,2023-09-21,-1.1291052553672465,ABSL Small Cap Fund - Regular - Growth
101207,2023-09-22,-1.3159185446714754,ABSL Small Cap Fund - Regular - Growth
101207,2023-09-23,-1.3159185446714754,ABSL Small Cap Fund - Regular - Growth
101207,2023-09-24,-1.5738667681138179,ABSL Small Cap Fund - Regular - Growth
101207,2023-09-25,-1.7334042840195172,ABSL Small Cap Fund - Regular - Growth
101207,2023-09-26,-1.4260747998109333,ABSL Small Cap Fund - Regular - Growth
101207,2023-09-27,-0.9762623677030252,ABSL Small Cap Fund - Regular - Growth
101207,2023-09-28,-0.7787925737042842,ABSL Small Cap Fund - Regular - Growth
101207,2023-09-29,-0.9729402373681787,ABSL Small Cap Fund - Regular - Growth
101207,2023-09-30,-0.9729402373681787,ABSL Small Cap Fund - Regular - Growth
101207,2023-10-01,-1.037819076988176,ABSL Small Cap Fund - Regular - Growth
101207,2023-10-02,-1.3298557843737755,ABSL Small Cap Fund - Regular - Growth
101207,2023-10-03,-1.0891546705751014,ABSL Small Cap Fund - Regular - Growth
101207,2023-10-04,-0.8863795074926883,ABSL Small Cap Fund - Regular - Growth
101207,2023-10-05,-0.3916336735336078,ABSL Small Cap Fund - Regular - Growth
101207,2023-10-06,-0.4689194872358869,ABSL Small Cap Fund - Regular - Growth
101207,2023-10-07,-0.4689194872358869,ABSL Small Cap Fund - Regular - Growth
101207,2023-10-08,-0.7272027917890254,ABSL Small Cap Fund - Regular - Growth
101207,2023-10-09,-0.38219540565278265,ABSL Small Cap Fund - Regular - Growth
101207,2023-10-10,0.11330438202615899,ABSL Small Cap Fund - Regular - Growth
101207,2023-10-11,-0.049447650421125686,ABSL Small Cap Fund - Regular - Growth
101207,2023-10-12,-0.009955502492745797,ABSL Small Cap Fund - Regular - Growth
101207,2023-10-13,-0.06570401589705285,ABSL Small Cap Fund - Regular - Growth
101207,2023-10-14,-0.06570401589705285,ABSL Small Cap Fund - Regular - Growth
101207,2023-10-15,-0.07307797781138367,ABSL Small Cap Fund - Regular - Growth
101207,2023-10-16,-0.407963333308935,ABSL Small Cap Fund - Regular - Growth
101207,2023-10-17,-0.833511858937022,ABSL Small Cap Fund - Regular - Growth
101207,2023-10-18,-0.5814425586019785,ABSL Small Cap Fund - Regular - Growth
101207,2023-10-19,-0.8274719176774827,ABSL Small Cap Fund - Regular - Growth
101207,2023-10-20,-0.9161927102476919,ABSL Small Cap Fund - Regular - Growth
101207,2023-10-21,-0.9161927102476919,ABSL Small Cap Fund - Regular - Growth
101207,2023-10-22,-0.8121342930798172,ABSL Small Cap Fund - Regular - Growth
101207,2023-10-23,-0.40078090742484285,ABSL Small Cap Fund - Regular - Growth
101207,2023-10-24,-0.43420878989486833,ABSL Small Cap Fund - Regular - Growth
101207,2023-10-25,-0.48306180946752814,ABSL Small Cap Fund - Regular - Growth
101207,2023-10-26,-0.6393676488517297,ABSL Small Cap Fund - Regular - Growth
101207,2023-10-27,-0.7519827198160673,ABSL Small Cap Fund - Regular - Growth
101207,2023-10-28,-0.7519827198160673,ABSL Small Cap Fund - Regular - Growth
101207,2023-10-29,-0.6088994000655031,ABSL Small Cap Fund - Regular - Growth
101207,2023-10-30,-0.9570038314760863,ABSL Small Cap Fund - Regular - Growth
101207,2023-10-31,-1.171994708726032,ABSL Small Cap Fund - Regular - Growth
101207,2023-11-01,-1.2743518097397695,ABSL Small Cap Fund - Regular - Growth
101207,2023-11-02,-1.285473966440096,ABSL Small Cap Fund - Regular - Growth
101207,2023-11-03,-1.3172304311436787,ABSL Small Cap Fund - Regular - Growth
101207,2023-11-04,-1.3172304311436787,ABSL Small Cap Fund - Regular - Growth
101207,2023-11-05,-1.5284732544328234,ABSL Small Cap Fund - Regular - Growth
101207,2023-11-06,-1.4618937502268232,ABSL Small Cap Fund - Regular - Growth
101207,2023-11-07,-1.7774891497557432,ABSL Small Cap Fund - Regular - Growth
101207,2023-11-08,-1.7562502867948704,ABSL Small Cap Fund - Regular - Growth
101207,2023-11-09,-1.5400622744299448,ABSL Small Cap Fund - Regular - Growth
101207,2023-11-10,-1.7145587503792665,ABSL Small Cap Fund - Regular - Growth
101207,2023-11-11,-1.7145587503792665,ABSL Small Cap Fund - Regular - Growth
101207,2023-11-12,-1.6190917823577553,ABSL Small Cap Fund - Regular - Growth
101207,2023-11-13,-1.952553294496346,ABSL Small Cap Fund - Regular - Growth
101207,2023-11-14,-1.6410939155438442,ABSL Small Cap Fund - Regular - Growth
101207,2023-11-15,-1.0871823659052076,ABSL Small Cap Fund - Regular - Growth
101207,2023-11-16,-0.38232520031238654,ABSL Small Cap Fund - Regular - Growth
101207,2023-11-17,-0.2044936800445304,ABSL Small Cap Fund - Regular - Growth
101207,2023-11-18,-0.2044936800445304,ABSL Small Cap Fund - Regular - Growth
101207,2023-11-19,-0.3059873357626415,ABSL Small Cap Fund - Regular - Growth
101207,2023-11-20,0.018171376887296864,ABSL Small Cap Fund - Regular - Growth
101207,2023-11-21,-0.10978696910954991,ABSL Small Cap Fund - Regular - Growth
101207,2023-11-22,0.09973184610759704,ABSL Small Cap Fund - Regular - Growth
101207,2023-11-23,0.5612737019802776,ABSL Small Cap Fund - Regular - Growth
101207,2023-11-24,0.5521046066320986,ABSL Small Cap Fund - Regular - Growth
101207,2023-11-25,0.5521046066320986,ABSL Small Cap Fund - Regular - Growth
101207,2023-11-26,0.5658013380013432,ABSL Small Cap Fund - Regular - Growth
101207,2023-11-27,0.37893224602462194,ABSL Small Cap Fund - Regular - Growth
101207,2023-11-28,0.27653136033166864,ABSL Small Cap Fund - Regular - Growth
101207,2023-11-29,0.5048693792150725,ABSL Small Cap Fund - Regular - Growth
101207,2023-11-30,0.5905878552301063,ABSL Small Cap Fund - Regular - Growth
101207,2023-12-01,0.6893795212560653,ABSL Small Cap Fund - Regular - Growth
101207,2023-12-02,0.6893795212560653,ABSL Small Cap Fund - Regular - Growth
101207,2023-12-03,0.4568698633396561,ABSL Small Cap Fund - Regular - Growth
101207,2023-12-04,0.4278541193435995,ABSL Small Cap Fund - Regular - Growth
101207,2023-12-05,0.1418470044957527,ABSL Small Cap Fund - Regular - Growth
101207,2023-12-06,0.11225104482878565,ABSL Small Cap Fund - Regular - Growth
101207,2023-12-07,0.3728179599663879,ABSL Small Cap Fund - Regular - Growth
101207,2023-12-08,0.53057071227741,ABSL Small Cap Fund - Regular - Growth
101207,2023-12-09,0.53057071227741,ABSL Small Cap Fund - Regular - Growth
101207,2023-12-10,0.29713164373143514,ABSL Small Cap Fund - Regular - Growth
101207,2023-12-11,0.4356031379499513,ABSL Small Cap Fund - Regular - Growth
101207,2023-12-12,0.8185561948990197,ABSL Small Cap Fund - Regular - Growth
101207,2023-12-13,0.8957300919584277,ABSL Small Cap Fund - Regular - Growth
101207,2023-12-14,0.3521262074701835,ABSL Small Cap Fund - Regular - Growth
101207,2023-12-15,0.46483639984601927,ABSL Small Cap Fund - Regular - Growth
101207,2023-12-16,0.46483639984601927,ABSL Small Cap Fund - Regular - Growth
101207,2023-12-17,0.23478391384135258,ABSL Small Cap Fund - Regular - Growth
101207,2023-12-18,0.3700136740520175,ABSL Small Cap Fund - Regular - Growth
101207,2023-12-19,0.9423747417074192,ABSL Small Cap Fund - Regular - Growth
101207,2023-12-20,1.2632073060484508,ABSL Small Cap Fund - Regular - Growth
101207,2023-12-21,1.1459775161616494,ABSL Small Cap Fund - Regular - Growth
101207,2023-12-22,1.1387138785271445,ABSL Small Cap Fund - Regular - Growth
101207,2023-12-23,1.1387138785271445,ABSL Small Cap Fund - Regular - Growth
101207,2023-12-24,1.3998516073230336,ABSL Small Cap Fund - Regular - Growth
101207,2023-12-25,1.5185732147415176,ABSL Small Cap Fund - Regular - Growth
101207,2023-12-26,1.2525736089015573,ABSL Small Cap Fund - Regular - Growth
101207,2023-12-27,1.062209875333817,ABSL Small Cap Fund - Regular - Growth
101207,2023-12-28,0.9432446338588125,ABSL Small Cap Fund - Regular - Growth
101207,2023-12-29,0.7404401101289196,ABSL Small Cap Fund - Regular - Growth
101207,2023-12-30,0.7404401101289195,ABSL Small Cap Fund - Regular - Growth
101207,2023-12-31,0.8725700995275999,ABSL Small Cap Fund - Regular - Growth
101207,2024-01-01,1.071841744765917,ABSL Small Cap Fund - Regular - Growth
101207,2024-01-02,0.6448204327243547,ABSL Small Cap Fund - Regular - Growth
101207,2024-01-03,0.2676470437035579,ABSL Small Cap Fund - Regular - Growth
101207,2024-01-04,0.37102420185999263,ABSL Small Cap Fund - Regular - Growth
101207,2024-01-05,0.61295995640633,ABSL Small Cap Fund - Regular - Growth
101207,2024-01-06,0.61295995640633,ABSL Small Cap Fund - Regular - Growth
101207,2024-01-07,0.29232226489793406,ABSL Small Cap Fund - Regular - Growth
101207,2024-01-08,-0.021989460538515804,ABSL Small Cap Fund - Regular - Growth
101207,2024-01-09,0.2573663585765272,ABSL Small Cap Fund - Regular - Growth
101207,2024-01-10,0.4006585888002602,ABSL Small Cap Fund - Regular - Growth
101207,2024-01-11,0.2977393490215256,ABSL Small Cap Fund - Regular - Growth
101207,2024-01-12,0.18026683601827864,ABSL Small Cap Fund - Regular - Growth
101207,2024-01-13,0.18026683601827864,ABSL Small Cap Fund - Regular - Growth
101207,2024-01-14,0.1554931102076507,ABSL Small Cap Fund - Regular - Growth
101207,2024-01-15,0.03575477884764221,ABSL Small Cap Fund - Regular - Growth
101207,2024-01-16,-0.026393306180897868,ABSL Small Cap Fund - Regular - Growth
101207,2024-01-17,0.1520421326516334,ABSL Small Cap Fund - Regular - Growth
101207,2024-01-18,0.18193197369676037,ABSL Small Cap Fund - Regular - Growth
101207,2024-01-19,0.1985206002012215,ABSL Small Cap Fund - Regular - Growth
101207,2024-01-20,0.1985206002012215,ABSL Small Cap Fund - Regular - Growth
101207,2024-01-21,0.11651242526655674,ABSL Small Cap Fund - Regular - Growth
101207,2024-01-22,0.27962404308943667,ABSL Small Cap Fund - Regular - Growth
101207,2024-01-23,-0.0523849125911887,ABSL Small Cap Fund - Regular - Growth
101207,2024-01-24,0.058882798044382526,ABSL Small Cap Fund - Regular - Growth
101207,2024-01-25,0.23568023254515524,ABSL Small Cap Fund - Regular - Growth
101207,2024-01-26,0.6017457093114015,ABSL Small Cap Fund - Regular - Growth
101207,2024-01-27,0.6017457093114015,ABSL Small Cap Fund - Regular - Growth
101207,2024-01-28,1.1155165208921964,ABSL Small Cap Fund - Regular - Growth
101207,2024-01-29,1.5132996114676707,ABSL Small Cap Fund - Regular - Growth
101207,2024-01-30,1.55901361090977,ABSL Small Cap Fund - Regular - Growth
101207,2024-01-31,1.4626122177209437,ABSL Small Cap Fund - Regular - Growth
101207,2024-02-01,1.2804357555695474,ABSL Small Cap Fund - Regular - Growth
101207,2024-02-02,1.5901643319257843,ABSL Small Cap Fund - Regular - Growth
101207,2024-02-03,1.5901643319257843,ABSL Small Cap Fund - Regular - Growth
101207,2024-02-04,1.4767099354677178,ABSL Small Cap Fund - Regular - Growth
101207,2024-02-05,1.7998340294520725,ABSL Small Cap Fund - Regular - Growth
101207,2024-02-06,1.5584403257636075,ABSL Small Cap Fund - Regular - Growth
101207,2024-02-07,1.3886010909961752,ABSL Small Cap Fund - Regular - Growth
101207,2024-02-08,1.6356377626717948,ABSL Small Cap Fund - Regular - Growth
101207,2024-02-09,1.6641757630137248,ABSL Small Cap Fund - Regular - Growth
101207,2024-02-10,1.6641757630137248,ABSL Small Cap Fund - Regular - Growth
101207,2024-02-11,2.068335843353593,ABSL Small Cap Fund - Regular - Growth
101207,2024-02-12,1.7117611142917237,ABSL Small Cap Fund - Regular - Growth
101207,2024-02-13,1.3159489975280714,ABSL Small Cap Fund - Regular - Growth
101207,2024-02-14,0.4154102769199366,ABSL Small Cap Fund - Regular - Growth
101207,2024-02-15,0.4934794904331776,ABSL Small Cap Fund - Regular - Growth
101207,2024-02-16,0.0916077177888482,ABSL Small Cap Fund - Regular - Growth
101207,2024-02-17,0.0916077177888482,ABSL Small Cap Fund - Regular - Growth
101207,2024-02-18,-0.2677144421893675,ABSL Small Cap Fund - Regular - Growth
101207,2024-02-19,-0.770905042745546,ABSL Small Cap Fund - Regular - Growth
101207,2024-02-20,-0.7391873779213742,ABSL Small Cap Fund - Regular - Growth
101207,2024-02-21,-1.0348189878530214,ABSL Small Cap Fund - Regular - Growth
101207,2024-02-22,-1.122742388636554,ABSL Small Cap Fund - Regular - Growth
101207,2024-02-23,-1.0955202471626988,ABSL Small Cap Fund - Regular - Growth
101207,2024-02-24,-1.0955202471626988,ABSL Small Cap Fund - Regular - Growth
101207,2024-02-25,-1.2528305489781186,ABSL Small Cap Fund - Regular - Growth
101207,2024-02-26,-0.9751923797761864,ABSL Small Cap Fund - Regular - Growth
101207,2024-02-27,-0.9917646575871806,ABSL Small Cap Fund - Regular - Growth
101207,2024-02-28,-0.30917240906539156,ABSL Small Cap Fund - Regular - Growth
101207,2024-02-29,-0.4164504987626985,ABSL Small Cap Fund - Regular - Growth
101207,2024-03-01,-0.13405851133580945,ABSL Small Cap Fund - Regular - Growth
101207,2024-03-02,-0.13405851133580945,ABSL Small Cap Fund - Regular - Growth
101207,2024-03-03,0.06350113992405947,ABSL Small Cap Fund - Regular - Growth
101207,2024-03-04,0.11772146217379698,ABSL Small Cap Fund - Regular - Growth
101207,2024-03-05,0.46746985949435743,ABSL Small Cap Fund - Regular - Growth
101207,2024-03-06,0.5655515709234782,ABSL Small Cap Fund - Regular - Growth
101207,2024-03-07,0.4128130069354323,ABSL Small Cap Fund - Regular - Growth
101207,2024-03-08,0.556877563656814,ABSL Small Cap Fund - Regular - Growth
101207,2024-03-09,0.556877563656814,ABSL Small Cap Fund - Regular - Growth
101207,2024-03-10,0.590409806187549,ABSL Small Cap Fund - Regular - Growth
101207,2024-03-11,0.43270013347801595,ABSL Small Cap Fund - Regular - Growth
101207,2024-03-12,0.47876458191649085,ABSL Small Cap Fund - Regular - Growth
101207,2024-03-13,0.6275987510083819,ABSL Small Cap Fund - Regular - Growth
101207,2024-03-14,0.33819740793395753,ABSL Small Cap Fund - Regular - Growth
101207,2024-03-15,0.7730609648877745,ABSL Small Cap Fund - Regular - Growth
101207,2024-03-16,0.7730609648877745,ABSL Small Cap Fund - Regular - Growth
101207,2024-03-17,0.6998805349130708,ABSL Small Cap Fund - Regular - Growth
101207,2024-03-18,0.23881990915857113,ABSL Small Cap Fund - Regular - Growth
101207,2024-03-19,0.10837229336035105,ABSL Small Cap Fund - Regular - Growth
101207,2024-03-20,0.42460792479550674,ABSL Small Cap Fund - Regular - Growth
101207,2024-03-21,0.4312172348877608,ABSL Small Cap Fund - Regular - Growth
101207,2024-03-22,0.5233671810931945,ABSL Small Cap Fund - Regular - Growth
101207,2024-03-23,0.5233671810931945,ABSL Small Cap Fund - Regular - Growth
101207,2024-03-24,0.3258600518439131,ABSL Small Cap Fund - Regular - Growth
101207,2024-03-25,0.12545488310333813,ABSL Small Cap Fund - Regular - Growth
101207,2024-03-26,0.25098603418802024,ABSL Small Cap Fund - Regular - Growth
101207,2024-03-27,0.8515677188755163,ABSL Small Cap Fund - Regular - Growth
101207,2024-03-28,1.3366086714800254,ABSL Small Cap Fund - Regular - Growth
101207,2024-03-29,1.2907860374325644,ABSL Small Cap Fund - Regular - Growth
101207,2024-03-30,1.2907860374325644,ABSL Small Cap Fund - Regular - Growth
101207,2024-03-31,1.179129255933717,ABSL Small Cap Fund - Regular - Growth
101207,2024-04-01,1.6943414416214575,ABSL Small Cap Fund - Regular - Growth
101207,2024-04-02,1.500575538295556,ABSL Small Cap Fund - Regular - Growth
101207,2024-04-03,1.3317611665172115,ABSL Small Cap Fund - Regular - Growth
101207,2024-04-04,0.8337281522409367,ABSL Small Cap Fund - Regular - Growth
101207,2024-04-05,0.8358193589161322,ABSL Small Cap Fund - Regular - Growth
101207,2024-04-06,0.8358193589161321,ABSL Small Cap Fund - Regular - Growth
101207,2024-04-07,0.6939279195202147,ABSL Small Cap Fund - Regular - Growth
101207,2024-04-08,0.30260756220365076,ABSL Small Cap Fund - Regular - Growth
101207,2024-04-09,-0.08520180885832072,ABSL Small Cap Fund - Regular - Growth
101207,2024-04-10,0.011345718236112488,ABSL Small Cap Fund - Regular - Growth
101207,2024-04-11,-0.21752152923130166,ABSL Small Cap Fund - Regular - Growth
101207,2024-04-12,0.07309861591469573,ABSL Small Cap Fund - Regular - Growth
101207,2024-04-13,0.07309861591469576,ABSL Small Cap Fund - Regular - Growth
101207,2024-04-14,0.25370777673402894,ABSL Small Cap Fund - Regular - Growth
101207,2024-04-15,0.01599563902687322,ABSL Small Cap Fund - Regular - Growth
101207,2024-04-16,0.36290610545750435,ABSL Small Cap Fund - Regular - Growth
101207,2024-04-17,0.3426346076901919,ABSL Small Cap Fund - Regular - Growth
101207,2024-04-18,0.09318339353517731,ABSL Small Cap Fund - Regular - Growth
101207,2024-04-19,0.34267430480457917,ABSL Small Cap Fund - Regular - Growth
101207,2024-04-20,0.34267430480457917,ABSL Small Cap Fund - Regular - Growth
101207,2024-04-21,-0.00404391212226118,ABSL Small Cap Fund - Regular - Growth
101207,2024-04-22,-0.1224284797057509,ABSL Small Cap Fund - Regular - Growth
101207,2024-04-23,0.42232257182861555,ABSL Small Cap Fund - Regular - Growth
101207,2024-04-24,0.29746870260772285,ABSL Small Cap Fund - Regular - Growth
101207,2024-04-25,-0.1320478539044996,ABSL Small Cap Fund - Regular - Growth
101207,2024-04-26,0.08719994259725702,ABSL Small Cap Fund - Regular - Growth
101207,2024-04-27,0.08719994259725702,ABSL Small Cap Fund - Regular - Growth
101207,2024-04-28,-0.05050597042846256,ABSL Small Cap Fund - Regular - Growth
101207,2024-04-29,0.48632084542700366,ABSL Small Cap Fund - Regular - Growth
101207,2024-04-30,0.7101391652975049,ABSL Small Cap Fund - Regular - Growth
101207,2024-05-01,1.506200780053047,ABSL Small Cap Fund - Regular - Growth
101207,2024-05-02,1.1874750387530542,ABSL Small Cap Fund - Regular - Growth
101207,2024-05-03,0.9427767074223463,ABSL Small Cap Fund - Regular - Growth
101207,2024-05-04,0.9427767074223463,ABSL Small Cap Fund - Regular - Growth
101207,2024-05-05,0.6948136139701713,ABSL Small Cap Fund - Regular - Growth
101207,2024-05-06,0.6195681799110259,ABSL Small Cap Fund - Regular - Growth
101207,2024-05-07,0.6928647896298622,ABSL Small Cap Fund - Regular - Growth
101207,2024-05-08,0.967949131953714,ABSL Small Cap Fund - Regular - Growth
101207,2024-05-09,0.9177708547457074,ABSL Small Cap Fund - Regular - Growth
101207,2024-05-10,1.2124746236341843,ABSL Small Cap Fund - Regular - Growth
101207,2024-05-11,1.2124746236341843,ABSL Small Cap Fund - Regular - Growth
101207,2024-05-12,1.390624564099077,ABSL Small Cap Fund - Regular - Growth
101207,2024-05-13,1.5196613599723496,ABSL Small Cap Fund - Regular - Growth
101207,2024-05-14,2.014054866197942,ABSL Small Cap Fund - Regular - Growth
101207,2024-05-15,1.859960429280841,ABSL Small Cap Fund - Regular - Growth
101207,2024-05-16,2.317425767559843,ABSL Small Cap Fund - Regular - Growth
101207,2024-05-17,2.4699014152773784,ABSL Small Cap Fund - Regular - Growth
101207,2024-05-18,2.4699014152773784,ABSL Small Cap Fund - Regular - Growth
101207,2024-05-19,2.8702677887468786,ABSL Small Cap Fund - Regular - Growth
101207,2024-05-20,2.6626497197190315,ABSL Small Cap Fund - Regular - Growth
101207,2024-05-21,2.824773170409363,ABSL Small Cap Fund - Regular - Growth
101207,2024-05-22,3.0037072068872774,ABSL Small Cap Fund - Regular - Growth
101207,2024-05-23,3.307896868071183,ABSL Small Cap Fund - Regular - Growth
101207,2024-05-24,2.961705714740458,ABSL Small Cap Fund - Regular - Growth
101207,2024-05-25,2.961705714740458,ABSL Small Cap Fund - Regular - Growth
101207,2024-05-26,2.8246142762412387,ABSL Small Cap Fund - Regular - Growth
101207,2024-05-27,2.4087108221820617,ABSL Small Cap Fund - Regular - Growth
101207,2024-05-28,2.0558012133968235,ABSL Small Cap Fund - Regular - Growth
101207,2024-05-29,2.2424217807926508,ABSL Small Cap Fund - Regular - Growth
101207,2024-05-30,2.039182605078739,ABSL Small Cap Fund - Regular - Growth
101207,2024-05-31,1.8079291819161663,ABSL Small Cap Fund - Regular - Growth
101207,2024-06-01,1.8079291819161663,ABSL Small Cap Fund - Regular - Growth
101207,2024-06-02,1.7443322332507007,ABSL Small Cap Fund - Regular - Growth
101207,2024-06-03,1.3865881467100263,ABSL Small Cap Fund - Regular - Growth
101207,2024-06-04,0.8269816774032867,ABSL Small Cap Fund - Regular - Growth
101207,2024-06-05,0.9392943219810331,ABSL Small Cap Fund - Regular - Growth
101207,2024-06-06,0.7578708631097179,ABSL Small Cap Fund - Regular - Growth
101207,2024-06-07,0.75266558355336,ABSL Small Cap Fund - Regular - Growth
101207,2024-06-08,0.75266558355336,ABSL Small Cap Fund - Regular - Growth
101207,2024-06-09,0.7929663036897954,ABSL Small Cap Fund - Regular - Growth
101207,2024-06-10,0.9286303862435501,ABSL Small Cap Fund - Regular - Growth
101207,2024-06-11,1.234392948045791,ABSL Small Cap Fund - Regular - Growth
101207,2024-06-12,1.2897999724285973,ABSL Small Cap Fund - Regular - Growth
101207,2024-06-13,1.1075623566190618,ABSL Small Cap Fund - Regular - Growth
101207,2024-06-14,1.2753183528234169,ABSL Small Cap Fund - Regular - Growth
101207,2024-06-15,1.2753183528234169,ABSL Small Cap Fund - Regular - Growth
101207,2024-06-16,1.521050340921575,ABSL Small Cap Fund - Regular - Growth
101207,2024-06-17,1.2720099282859596,ABSL Small Cap Fund - Regular - Growth
101207,2024-06-18,1.2443789701239998,ABSL Small Cap Fund - Regular - Growth
101207,2024-06-19,1.033878878112538,ABSL Small Cap Fund - Regular - Growth
101207,2024-06-20,0.7019736484902694,ABSL Small Cap Fund - Regular - Growth
101207,2024-06-21,0.8165489136864914,ABSL Small Cap Fund - Regular - Growth
101207,2024-06-22,0.8165489136864914,ABSL Small Cap Fund - Regular - Growth
101207,2024-06-23,0.8984938566965773,ABSL Small Cap Fund - Regular - Growth
101207,2024-06-24,0.7291795983355445,ABSL Small Cap Fund - Regular - Growth
101207,2024-06-25,0.47975444532253625,ABSL Small Cap Fund - Regular - Growth
101207,2024-06-26,0.09555276580695596,ABSL Small Cap Fund - Regular - Growth
101207,2024-06-27,0.22290035305958922,ABSL Small Cap Fund - Regular - Growth
101207,2024-06-28,0.3687724910549346,ABSL Small Cap Fund - Regular - Growth
101207,2024-06-29,0.3687724910549346,ABSL Small Cap Fund - Regular - Growth
101207,2024-06-30,0.23626573380097626,ABSL Small Cap Fund - Regular - Growth
101207,2024-07-01,0.8801156260841821,ABSL Small Cap Fund - Regular - Growth
101207,2024-07-02,0.9877494121847495,ABSL Small Cap Fund - Regular - Growth
101207,2024-07-03,0.9308127589235294,ABSL Small Cap Fund - Regular - Growth
101207,2024-07-04,0.8408607328137947,ABSL Small Cap Fund - Regular - Growth
101207,2024-07-05,1.0118548711847088,ABSL Small Cap Fund - Regular - Growth
101207,2024-07-06,1.0118548711847088,ABSL Small Cap Fund - Regular - Growth
101207,2024-07-07,1.1715518853374096,ABSL Small Cap Fund - Regular - Growth
101207,2024-07-08,1.3292757123248824,ABSL Small Cap Fund - Regular - Growth
101207,2024-07-09,1.1021056922174084,ABSL Small Cap Fund - Regular - Growth
101207,2024-07-10,1.3084417303213134,ABSL Small Cap Fund - Regular - Growth
101207,2024-07-11,0.9503918882952739,ABSL Small Cap Fund - Regular - Growth
101207,2024-07-12,0.7422465624192016,ABSL Small Cap Fund - Regular - Growth
101207,2024-07-13,0.7422465624192016,ABSL Small Cap Fund - Regular - Growth
101207,2024-07-14,0.8424173992431729,ABSL Small Cap Fund - Regular - Growth
101207,2024-07-15,0.6940779896888961,ABSL Small Cap Fund - Regular - Growth
101207,2024-07-16,0.7770445935171274,ABSL Small Cap Fund - Regular - Growth
101207,2024-07-17,1.1773583014947135,ABSL Small Cap Fund - Regular - Growth
101207,2024-07-18,0.8584525997655738,ABSL Small Cap Fund - Regular - Growth
101207,2024-07-19,0.9805561985914083,ABSL Small Cap Fund - Regular - Growth
101207,2024-07-20,0.9805561985914083,ABSL Small Cap Fund - Regular - Growth
101207,2024-07-21,0.9515377451469037,ABSL Small Cap Fund - Regular - Growth
101207,2024-07-22,0.4793143694373551,ABSL Small Cap Fund - Regular - Growth
101207,2024-07-23,0.341255218726302,ABSL Small Cap Fund - Regular - Growth
101207,2024-07-24,0.32104113537228357,ABSL Small Cap Fund - Regular - Growth
101207,2024-07-25,-0.21255453848624342,ABSL Small Cap Fund - Regular - Growth
101207,2024-07-26,0.1631102802304306,ABSL Small Cap Fund - Regular - Growth
101207,2024-07-27,0.1631102802304306,ABSL Small Cap Fund - Regular - Growth
101207,2024-07-28,-0.05034165529940048,ABSL Small Cap Fund - Regular - Growth
101207,2024-07-29,-0.05252946273489158,ABSL Small Cap Fund - Regular - Growth
101207,2024-07-30,-0.98192116175089,ABSL Small Cap Fund - Regular - Growth
101207,2024-07-31,-1.0027241819332013,ABSL Small Cap Fund - Regular - Growth
101207,2024-08-01,-1.213335269208971,ABSL Small Cap Fund - Regular - Growth
101207,2024-08-02,-0.8767678578466768,ABSL Small Cap Fund - Regular - Growth
101207,2024-08-03,-0.8767678578466768,ABSL Small Cap Fund - Regular - Growth
101207,2024-08-04,-0.6857368409370584,ABSL Small Cap Fund - Regular - Growth
101207,2024-08-05,-0.3402281305446308,ABSL Small Cap Fund - Regular - Growth
101207,2024-08-06,-0.647710417851128,ABSL Small Cap Fund - Regular - Growth
101207,2024-08-07,-0.5405944919989182,ABSL Small Cap Fund - Regular - Growth
101207,2024-08-08,-1.1510114314355249,ABSL Small Cap Fund - Regular - Growth
101207,2024-08-09,-1.37828229309306,ABSL Small Cap Fund - Regular - Growth
101207,2024-08-10,-1.3782822930930603,ABSL Small Cap Fund - Regular - Growth
101207,2024-08-11,-1.4855304982014377,ABSL Small Cap Fund - Regular - Growth
101207,2024-08-12,-2.056973443089311,ABSL Small Cap Fund - Regular - Growth
101207,2024-08-13,-2.1775872012172766,ABSL Small Cap Fund - Regular - Growth
101207,2024-08-14,-2.0128508276453476,ABSL Small Cap Fund - Regular - Growth
101207,2024-08-15,-2.2646507720825517,ABSL Small Cap Fund - Regular - Growth
101207,2024-08-16,-2.1754775558449544,ABSL Small Cap Fund - Regular - Growth
101207,2024-08-17,-2.1754775558449544,ABSL Small Cap Fund - Regular - Growth
101207,2024-08-18,-2.071380018632177,ABSL Small Cap Fund - Regular - Growth
101207,2024-08-19,-1.733126396322328,ABSL Small Cap Fund - Regular - Growth
101207,2024-08-20,-2.1090080831719886,ABSL Small Cap Fund - Regular - Growth
101207,2024-08-21,-2.135802754256898,ABSL Small Cap Fund - Regular - Growth
101207,2024-08-22,-1.584777658571247,ABSL Small Cap Fund - Regular - Growth
101207,2024-08-23,-1.4626436925984911,ABSL Small Cap Fund - Regular - Growth
101207,2024-08-24,-1.4626436925984911,ABSL Small Cap Fund - Regular - Growth
101207,2024-08-25,-1.0943016176864626,ABSL Small Cap Fund - Regular - Growth
101207,2024-08-26,-0.83590740213259,ABSL Small Cap Fund - Regular - Growth
101207,2024-08-27,-0.8494835148120574,ABSL Small Cap Fund - Regular - Growth
101207,2024-08-28,-0.7980944890018286,ABSL Small Cap Fund - Regular - Growth
101207,2024-08-29,-0.2522426143221985,ABSL Small Cap Fund - Regular - Growth
101207,2024-08-30,-0.33371932743054,ABSL Small Cap Fund - Regular - Growth
101207,2024-08-31,-0.33371932743054,ABSL Small Cap Fund - Regular - Growth
101207,2024-09-01,-0.36159022795472723,ABSL Small Cap Fund - Regular - Growth
101207,2024-09-02,0.08923950990778486,ABSL Small Cap Fund - Regular - Growth
101207,2024-09-03,0.23472096715104104,ABSL Small Cap Fund - Regular - Growth
101207,2024-09-04,-0.23787861298153698,ABSL Small Cap Fund - Regular - Growth
101207,2024-09-05,-0.13422630966344024,ABSL Small Cap Fund - Regular - Growth
101207,2024-09-06,0.020894908612077052,ABSL Small Cap Fund - Regular - Growth
101207,2024-09-07,0.020894908612077063,ABSL Small Cap Fund - Regular - Growth
101207,2024-09-08,-0.07462893247938768,ABSL Small Cap Fund - Regular - Growth
101207,2024-09-09,-0.44026528149980315,ABSL Small Cap Fund - Regular - Growth
101207,2024-09-10,-0.28109208889685583,ABSL Small Cap Fund - Regular - Growth
101207,2024-09-11,-0.639777086580281,ABSL Small Cap Fund - Regular - Growth
101207,2024-09-12,-0.7213690137337976,ABSL Small Cap Fund - Regular - Growth
101207,2024-09-13,-0.7291129612105535,ABSL Small Cap Fund - Regular - Growth
101207,2024-09-14,-0.7291129612105535,ABSL Small Cap Fund - Regular - Growth
101207,2024-09-15,-0.4050805079274378,ABSL Small Cap Fund - Regular - Growth
101207,2024-09-16,-0.5440028375350225,ABSL Small Cap Fund - Regular - Growth
101207,2024-09-17,-0.10840421480892977,ABSL Small Cap Fund - Regular - Growth
101207,2024-09-18,0.05825738435244955,ABSL Small Cap Fund - Regular - Growth
101207,2024-09-19,0.004902152979696839,ABSL Small Cap Fund - Regular - Growth
101207,2024-09-20,0.27818368662909637,ABSL Small Cap Fund - Regular - Growth
101207,2024-09-21,0.27818368662909637,ABSL Small Cap Fund - Regular - Growth
101207,2024-09-22,0.350167339617294,ABSL Small Cap Fund - Regular - Growth
101207,2024-09-23,0.19729042408050923,ABSL Small Cap Fund - Regular - Growth
101207,2024-09-24,0.33086307987082114,ABSL Small Cap Fund - Regular - Growth
101207,2024-09-25,0.16021960782970815,ABSL Small Cap Fund - Regular - Growth
101207,2024-09-26,-0.027998889928552394,ABSL Small Cap Fund - Regular - Growth
101207,2024-09-27,0.40308444448556857,ABSL Small Cap Fund - Regular - Growth
101207,2024-09-28,0.40308444448556857,ABSL Small Cap Fund - Regular - Growth
101207,2024-09-29,-0.03091159446571149,ABSL Small Cap Fund - Regular - Growth
101207,2024-09-30,0.09549414025911918,ABSL Small Cap Fund - Regular - Growth
101207,2024-10-01,0.4465165296426288,ABSL Small Cap Fund - Regular - Growth
101207,2024-10-02,0.6520748970769116,ABSL Small Cap Fund - Regular - Growth
101207,2024-10-03,0.5701238412974362,ABSL Small Cap Fund - Regular - Growth
101207,2024-10-04,0.21467730055617273,ABSL Small Cap Fund - Regular - Growth
101207,2024-10-05,0.21467730055617273,ABSL Small Cap Fund - Regular - Growth
101207,2024-10-06,0.35605863221482065,ABSL Small Cap Fund - Regular - Growth
101207,2024-10-07,1.0807704761633474,ABSL Small Cap Fund - Regular - Growth
101207,2024-10-08,0.9362094397224014,ABSL Small Cap Fund - Regular - Growth
101207,2024-10-09,1.3484167661965947,ABSL Small Cap Fund - Regular - Growth
101207,2024-10-10,1.6753363937241177,ABSL Small Cap Fund - Regular - Growth
101207,2024-10-11,1.7198005356666977,ABSL Small Cap Fund - Regular - Growth
101207,2024-10-12,1.7198005356666977,ABSL Small Cap Fund - Regular - Growth
101207,2024-10-13,1.6685374670663726,ABSL Small Cap Fund - Regular - Growth
101207,2024-10-14,1.6248885065811396,ABSL Small Cap Fund - Regular - Growth
101207,2024-10-15,1.9014112951832676,ABSL Small Cap Fund - Regular - Growth
101207,2024-10-16,2.091617687283181,ABSL Small Cap Fund - Regular - Growth
101207,2024-10-17,1.9960888213424868,ABSL Small Cap Fund - Regular - Growth
101207,2024-10-18,1.905553339198678,ABSL Small Cap Fund - Regular - Growth
101207,2024-10-19,1.905553339198678,ABSL Small Cap Fund - Regular - Growth
101207,2024-10-20,1.9877638439208998,ABSL Small Cap Fund - Regular - Growth
101207,2024-10-21,2.0836975214802114,ABSL Small Cap Fund - Regular - Growth
101207,2024-10-22,2.196532044812455,ABSL Small Cap Fund - Regular - Growth
101207,2024-10-23,2.345474061157999,ABSL Small Cap Fund - Regular - Growth
101207,2024-10-24,2.1722906058396396,ABSL Small Cap Fund - Regular - Growth
101207,2024-10-25,2.055562155206266,ABSL Small Cap Fund - Regular - Growth
101207,2024-10-26,2.055562155206266,ABSL Small Cap Fund - Regular - Growth
101207,2024-10-27,2.018347303331433,ABSL Small Cap Fund - Regular - Growth
101207,2024-10-28,2.3541408085905338,ABSL Small Cap Fund - Regular - Growth
101207,2024-10-29,2.6002775439980033,ABSL Small Cap Fund - Regular - Growth
101207,2024-10-30,3.1659850724777825,ABSL Small Cap Fund - Regular - Growth
101207,2024-10-31,3.0296742916391213,ABSL Small Cap Fund - Regular - Growth
101207,2024-11-01,3.1598416357817753,ABSL Small Cap Fund - Regular - Growth
101207,2024-11-02,3.1598416357817753,ABSL Small Cap Fund - Regular - Growth
101207,2024-11-03,2.9145616243910673,ABSL Small Cap Fund - Regular - Growth
101207,2024-11-04,2.5637867726361114,ABSL Small Cap Fund - Regular - Growth
101207,2024-11-05,2.7923279553606237,ABSL Small Cap Fund - Regular - Growth
101207,2024-11-06,3.0184752789313842,ABSL Small Cap Fund - Regular - Growth
101207,2024-11-07,3.4154470103287795,ABSL Small Cap Fund - Regular - Growth
101207,2024-11-08,3.56109912360236,ABSL Small Cap Fund - Regular - Growth
101207,2024-11-09,3.56109912360236,ABSL Small Cap Fund - Regular - Growth
101207,2024-11-10,3.968185468556226,ABSL Small Cap Fund - Regular - Growth
101207,2024-11-11,3.3564209772390985,ABSL Small Cap Fund - Regular - Growth
101207,2024-11-12,3.0330186128691223,ABSL Small Cap Fund - Regular - Growth
101207,2024-11-13,3.262154462572307,ABSL Small Cap Fund - Regular - Growth
101207,2024-11-14,3.2084111640244317,ABSL Small Cap Fund - Regular - Growth
101207,2024-11-15,3.3451491708425367,ABSL Small Cap Fund - Regular - Growth
101207,2024-11-16,3.3451491708425363,ABSL Small Cap Fund - Regular - Growth
101207,2024-11-17,3.1610553793519363,ABSL Small Cap Fund - Regular - Growth
101207,2024-11-18,3.5575003081893226,ABSL Small Cap Fund - Regular - Growth
101207,2024-11-19,3.477226104346534,ABSL Small Cap Fund - Regular - Growth
101207,2024-11-20,3.293805023124627,ABSL Small Cap Fund - Regular - Growth
101207,2024-11-21,3.439648815446808,ABSL Small Cap Fund - Regular - Growth
101207,2024-11-22,3.2321339216644667,ABSL Small Cap Fund - Regular - Growth
101207,2024-11-23,3.2321339216644667,ABSL Small Cap Fund - Regular - Growth
101207,2024-11-24,3.0525107489934507,ABSL Small Cap Fund - Regular - Growth
101207,2024-11-25,2.8492394903774825,ABSL Small Cap Fund - Regular - Growth
101207,2024-11-26,2.6666867778395753,ABSL Small Cap Fund - Regular - Growth
101207,2024-11-27,2.489869628683048,ABSL Small Cap Fund - Regular - Growth
101207,2024-11-28,2.5271091972115585,ABSL Small Cap Fund - Regular - Growth
101207,2024-11-29,2.4910869497466672,ABSL Small Cap Fund - Regular - Growth
101207,2024-11-30,2.4910869497466672,ABSL Small Cap Fund - Regular - Growth
101207,2024-12-01,2.389934315423354,ABSL Small Cap Fund - Regular - Growth
101207,2024-12-02,1.9987195729689602,ABSL Small Cap Fund - Regular - Growth
101207,2024-12-03,2.5707321219334833,ABSL Small Cap Fund - Regular - Growth
101207,2024-12-04,2.4779098115014615,ABSL Small Cap Fund - Regular - Growth
101207,2024-12-05,1.8457404147203706,ABSL Small Cap Fund - Regular - Growth
101207,2024-12-06,1.338749308249109,ABSL Small Cap Fund - Regular - Growth
101207,2024-12-07,1.3387493082491098,ABSL Small Cap Fund - Regular - Growth
101207,2024-12-08,1.6974829936694977,ABSL Small Cap Fund - Regular - Growth
101207,2024-12-09,1.6530067982836807,ABSL Small Cap Fund - Regular - Growth
101207,2024-12-10,1.2046786743739974,ABSL Small Cap Fund - Regular - Growth
101207,2024-12-11,1.0914384976349913,ABSL Small Cap Fund - Regular - Growth
101207,2024-12-12,1.0361821710530421,ABSL Small Cap Fund - Regular - Growth
101207,2024-12-13,1.1497247656092247,ABSL Small Cap Fund - Regular - Growth
101207,2024-12-14,1.1497247656092247,ABSL Small Cap Fund - Regular - Growth
101207,2024-12-15,1.3280692865810384,ABSL Small Cap Fund - Regular - Growth
101207,2024-12-16,0.9867545646288264,ABSL Small Cap Fund - Regular - Growth
101207,2024-12-17,1.3562890530560026,ABSL Small Cap Fund - Regular - Growth
101207,2024-12-18,1.462112668369405,ABSL Small Cap Fund - Regular - Growth
101207,2024-12-19,0.9197226050083354,ABSL Small Cap Fund - Regular - Growth
101207,2024-12-20,0.8758476582361941,ABSL Small Cap Fund - Regular - Growth
101207,2024-12-21,0.8758476582361941,ABSL Small Cap Fund - Regular - Growth
101207,2024-12-22,1.0441014217053959,ABSL Small Cap Fund - Regular - Growth
101207,2024-12-23,1.3179142431333661,ABSL Small Cap Fund - Regular - Growth
101207,2024-12-24,1.2781265953591123,ABSL Small Cap Fund - Regular - Growth
101207,2024-12-25,1.3199520218260699,ABSL Small Cap Fund - Regular - Growth
101207,2024-12-26,1.1957661461409725,ABSL Small Cap Fund - Regular - Growth
101207,2024-12-27,1.101086698614537,ABSL Small Cap Fund - Regular - Growth
101207,2024-12-28,1.101086698614537,ABSL Small Cap Fund - Regular - Growth
101207,2024-12-29,1.0041743954140971,ABSL Small Cap Fund - Regular - Growth
101207,2024-12-30,1.1520013126140274,ABSL Small Cap Fund - Regular - Growth
101207,2024-12-31,0.8772188310103675,ABSL Small Cap Fund - Regular - Growth
101207,2025-01-01,0.24903430979757463,ABSL Small Cap Fund - Regular - Growth
101207,2025-01-02,0.8055456174392814,ABSL Small Cap Fund - Regular - Growth
101207,2025-01-03,0.8948396507072812,ABSL Small Cap Fund - Regular - Growth
101207,2025-01-04,0.8948396507072812,ABSL Small Cap Fund - Regular - Growth
101207,2025-01-05,0.47494153167956843,ABSL Small Cap Fund - Regular - Growth
101207,2025-01-06,0.8529124159487718,ABSL Small Cap Fund - Regular - Growth
101207,2025-01-07,0.31585562393287514,ABSL Small Cap Fund - Regular - Growth
101207,2025-01-08,0.0016538983718538023,ABSL Small Cap Fund - Regular - Growth
101207,2025-01-09,0.18857839908015567,ABSL Small Cap Fund - Regular - Growth
101207,2025-01-10,0.24549972190027114,ABSL Small Cap Fund - Regular - Growth
101207,2025-01-11,0.24549972190027114,ABSL Small Cap Fund - Regular - Growth
101207,2025-01-12,0.2931629767365067,ABSL Small Cap Fund - Regular - Growth
101207,2025-01-13,-0.2488417298953675,ABSL Small Cap Fund - Regular - Growth
101207,2025-01-14,-0.3272243850384793,ABSL Small Cap Fund - Regular - Growth
101207,2025-01-15,-0.02311924081272605,ABSL Small Cap Fund - Regular - Growth
101207,2025-01-16,0.22548369414322694,ABSL Small Cap Fund - Regular - Growth
101207,2025-01-17,0.14300540362286093,ABSL Small Cap Fund - Regular - Growth
101207,2025-01-18,0.14300540362286093,ABSL Small Cap Fund - Regular - Growth
101207,2025-01-19,0.26109591636528384,ABSL Small Cap Fund - Regular - Growth
101207,2025-01-20,-0.022599936317432817,ABSL Small Cap Fund - Regular - Growth
101207,2025-01-21,0.2733353591607661,ABSL Small Cap Fund - Regular - Growth
101207,2025-01-22,-0.039412182698896785,ABSL Small Cap Fund - Regular - Growth
101207,2025-01-23,-0.1417727555751144,ABSL Small Cap Fund - Regular - Growth
101207,2025-01-24,0.12520348991561317,ABSL Small Cap Fund - Regular - Growth
101207,2025-01-25,0.12520348991561317,ABSL Small Cap Fund - Regular - Growth
101207,2025-01-26,-0.07996942889760116,ABSL Small Cap Fund - Regular - Growth
101207,2025-01-27,-0.10168584516748141,ABSL Small Cap Fund - Regular - Growth
101207,2025-01-28,-0.01621590824261599,ABSL Small Cap Fund - Regular - Growth
101207,2025-01-29,-0.36309026255040416,ABSL Small Cap Fund - Regular - Growth
101207,2025-01-30,-0.13388162912537305,ABSL Small Cap Fund - Regular - Growth
101207,2025-01-31,0.07099717871312253,ABSL Small Cap Fund - Regular - Growth
101207,2025-02-01,0.07099717871312253,ABSL Small Cap Fund - Regular - Growth
101207,2025-02-02,0.3345221858460005,ABSL Small Cap Fund - Regular - Growth
101207,2025-02-03,-0.055525933541211145,ABSL Small Cap Fund - Regular - Growth
101207,2025-02-04,-0.10517412714244462,ABSL Small Cap Fund - Regular - Growth
101207,2025-02-05,-0.2256751863525852,ABSL Small Cap Fund - Regular - Growth
101207,2025-02-06,-0.4601660962855815,ABSL Small Cap Fund - Regular - Growth
101207,2025-02-07,-0.01215436351282357,ABSL Small Cap Fund - Regular - Growth
101207,2025-02-08,-0.012154363512823589,ABSL Small Cap Fund - Regular - Growth
101207,2025-02-09,0.4515902381076355,ABSL Small Cap Fund - Regular - Growth
101207,2025-02-10,0.5048984922317589,ABSL Small Cap Fund - Regular - Growth
101207,2025-02-11,0.13335281241626257,ABSL Small Cap Fund - Regular - Growth
101207,2025-02-12,0.42637240661192627,ABSL Small Cap Fund - Regular - Growth
101207,2025-02-13,0.18607058058349146,ABSL Small Cap Fund - Regular - Growth
101207,2025-02-14,0.34654766562030526,ABSL Small Cap Fund - Regular - Growth
101207,2025-02-15,0.34654766562030526,ABSL Small Cap Fund - Regular - Growth
101207,2025-02-16,0.3184270991689658,ABSL Small Cap Fund - Regular - Growth
101207,2025-02-17,0.21283776375139743,ABSL Small Cap Fund - Regular - Growth
101207,2025-02-18,0.1797249195045888,ABSL Small Cap Fund - Regular - Growth
101207,2025-02-19,-0.28486579610446144,ABSL Small Cap Fund - Regular - Growth
101207,2025-02-20,-0.10627816383996314,ABSL Small Cap Fund - Regular - Growth
101207,2025-02-21,-0.31881378165264784,ABSL Small Cap Fund - Regular - Growth
101207,2025-02-22,-0.3188137816526479,ABSL Small Cap Fund - Regular - Growth
101207,2025-02-23,-0.30487833688211147,ABSL Small Cap Fund - Regular - Growth
101207,2025-02-24,-0.1956218155428207,ABSL Small Cap Fund - Regular - Growth
101207,2025-02-25,-0.12014105510430886,ABSL Small Cap Fund - Regular - Growth
101207,2025-02-26,0.2641186212599192,ABSL Small Cap Fund - Regular - Growth
101207,2025-02-27,0.10283426907324035,ABSL Small Cap Fund - Regular - Growth
101207,2025-02-28,0.06628098100113192,ABSL Small Cap Fund - Regular - Growth
101207,2025-03-01,0.06628098100113192,ABSL Small Cap Fund - Regular - Growth
101207,2025-03-02,0.1879797847127184,ABSL Small Cap Fund - Regular - Growth
101207,2025-03-03,0.1759464565217749,ABSL Small Cap Fund - Regular - Growth
101207,2025-03-04,0.2293623823314834,ABSL Small Cap Fund - Regular - Growth
101207,2025-03-05,0.3241971751990959,ABSL Small Cap Fund - Regular - Growth
101207,2025-03-06,0.5951615386540201,ABSL Small Cap Fund - Regular - Growth
101207,2025-03-07,0.27447852781636384,ABSL Small Cap Fund - Regular - Growth
101207,2025-03-08,0.27447852781636384,ABSL Small Cap Fund - Regular - Growth
101207,2025-03-09,0.2525064484486836,ABSL Small Cap Fund - Regular - Growth
101207,2025-03-10,0.5180965007488394,ABSL Small Cap Fund - Regular - Growth
101207,2025-03-11,0.4245681537616674,ABSL Small Cap Fund - Regular - Growth
101207,2025-03-12,0.8191925992272057,ABSL Small Cap Fund - Regular - Growth
101207,2025-03-13,0.7820250191631309,ABSL Small Cap Fund - Regular - Growth
101207,2025-03-14,0.8054871798675634,ABSL Small Cap Fund - Regular - Growth
101207,2025-03-15,0.8054871798675634,ABSL Small Cap Fund - Regular - Growth
101207,2025-03-16,0.9277669302952727,ABSL Small Cap Fund - Regular - Growth
101207,2025-03-17,0.8873702268959617,ABSL Small Cap Fund - Regular - Growth
101207,2025-03-18,0.7985128413192291,ABSL Small Cap Fund - Regular - Growth
101207,2025-03-19,1.2049242886979405,ABSL Small Cap Fund - Regular - Growth
101207,2025-03-20,1.1661637236412028,ABSL Small Cap Fund - Regular - Growth
101207,2025-03-21,1.0474246867154542,ABSL Small Cap Fund - Regular - Growth
101207,2025-03-22,1.0474246867154542,ABSL Small Cap Fund - Regular - Growth
101207,2025-03-23,0.7412371870826361,ABSL Small Cap Fund - Regular - Growth
101207,2025-03-24,0.6134240165303727,ABSL Small Cap Fund - Regular - Growth
101207,2025-03-25,0.5025469606526788,ABSL Small Cap Fund - Regular - Growth
101207,2025-03-26,0.16411434525525484,ABSL Small Cap Fund - Regular - Growth
101207,2025-03-27,0.344376537466927,ABSL Small Cap Fund - Regular - Growth
101207,2025-03-28,0.3481894489598713,ABSL Small Cap Fund - Regular - Growth
101207,2025-03-29,0.3481894489598713,ABSL Small Cap Fund - Regular - Growth
101207,2025-03-30,0.10711044103188991,ABSL Small Cap Fund - Regular - Growth
101207,2025-03-31,0.21928444268225686,ABSL Small Cap Fund - Regular - Growth
101207,2025-04-01,0.6526591219573992,ABSL Small Cap Fund - Regular - Growth
101207,2025-04-02,0.4743922156869955,ABSL Small Cap Fund - Regular - Growth
101207,2025-04-03,0.2666613165818988,ABSL Small Cap Fund - Regular - Growth
101207,2025-04-04,0.35722943727046025,ABSL Small Cap Fund - Regular - Growth
101207,2025-04-05,0.35722943727046025,ABSL Small Cap Fund - Regular - Growth
101207,2025-04-06,0.23324116283011792,ABSL Small Cap Fund - Regular - Growth
101207,2025-04-07,0.054056657715295546,ABSL Small Cap Fund - Regular - Growth
101207,2025-04-08,0.34891255476110283,ABSL Small Cap Fund - Regular - Growth
101207,2025-04-09,0.2609211572139971,ABSL Small Cap Fund - Regular - Growth
101207,2025-04-10,0.34353647120244696,ABSL Small Cap Fund - Regular - Growth
101207,2025-04-11,0.3124229213652779,ABSL Small Cap Fund - Regular - Growth
101207,2025-04-12,0.3124229213652779,ABSL Small Cap Fund - Regular - Growth
101207,2025-04-13,0.32607549044838874,ABSL Small Cap Fund - Regular - Growth
101207,2025-04-14,0.4768004012267877,ABSL Small Cap Fund - Regular - Growth
101207,2025-04-15,-0.13343404272075585,ABSL Small Cap Fund - Regular - Growth
101207,2025-04-16,-0.3152714928782668,ABSL Small Cap Fund - Regular - Growth
101207,2025-04-17,-0.25357914624641875,ABSL Small Cap Fund - Regular - Growth
101207,2025-04-18,-0.009239184629226082,ABSL Small Cap Fund - Regular - Growth
101207,2025-04-19,-0.00923918462922607,ABSL Small Cap Fund - Regular - Growth
101207,2025-04-20,0.2879522494782191,ABSL Small Cap Fund - Regular - Growth
101207,2025-04-21,-0.27934950779388873,ABSL Small Cap Fund - Regular - Growth
101207,2025-04-22,-0.30734776454737756,ABSL Small Cap Fund - Regular - Growth
101207,2025-04-23,0.3235503357580063,ABSL Small Cap Fund - Regular - Growth
101207,2025-04-24,-0.45329961540554337,ABSL Small Cap Fund - Regular - Growth
101207,2025-04-25,-0.27068383813440555,ABSL Small Cap Fund - Regular - Growth
101207,2025-04-26,-0.27068383813440555,ABSL Small Cap Fund - Regular - Growth
101207,2025-04-27,-0.46585144975529885,ABSL Small Cap Fund - Regular - Growth
101207,2025-04-28,-0.6892655484636386,ABSL Small Cap Fund - Regular - Growth
101207,2025-04-29,-0.38654361324523323,ABSL Small Cap Fund - Regular - Growth
101207,2025-04-30,-0.47177708195582146,ABSL Small Cap Fund - Regular - Growth
101207,2025-05-01,-0.6341965810569145,ABSL Small Cap Fund - Regular - Growth
101207,2025-05-02,-0.30792067292257763,ABSL Small Cap Fund - Regular - Growth
101207,2025-05-03,-0.30792067292257763,ABSL Small Cap Fund - Regular - Growth
101207,2025-05-04,-0.25632454948323785,ABSL Small Cap Fund - Regular - Growth
101207,2025-05-05,-0.25160157787405196,ABSL Small Cap Fund - Regular - Growth
101207,2025-05-06,-0.3428664642367917,ABSL Small Cap Fund - Regular - Growth
101207,2025-05-07,-0.07766877856717157,ABSL Small Cap Fund - Regular - Growth
101207,2025-05-08,-0.66454386120359,ABSL Small Cap Fund - Regular - Growth
101207,2025-05-09,-0.520218785985044,ABSL Small Cap Fund - Regular - Growth
101207,2025-05-10,-0.520218785985044,ABSL Small Cap Fund - Regular - Growth
101207,2025-05-11,-0.44948131203974145,ABSL Small Cap Fund - Regular - Growth
101207,2025-05-12,0.03786665396459599,ABSL Small Cap Fund - Regular - Growth
101207,2025-05-13,-0.12210248604744388,ABSL Small Cap Fund - Regular - Growth
101207,2025-05-14,-0.3336217276763628,ABSL Small Cap Fund - Regular - Growth
101207,2025-05-15,-0.580410831685539,ABSL Small Cap Fund - Regular - Growth
101207,2025-05-16,-0.5067489906529596,ABSL Small Cap Fund - Regular - Growth
101207,2025-05-17,-0.5067489906529596,ABSL Small Cap Fund - Regular - Growth
101207,2025-05-18,-0.6687422004948744,ABSL Small Cap Fund - Regular - Growth
101207,2025-05-19,-0.7087563269441746,ABSL Small Cap Fund - Regular - Growth
101207,2025-05-20,-0.4849477461718073,ABSL Small Cap Fund - Regular - Growth
101207,2025-05-21,-0.40930930627146,ABSL Small Cap Fund - Regular - Growth
101207,2025-05-22,-0.27309445664691123,ABSL Small Cap Fund - Regular - Growth
101207,2025-05-23,-0.30337102609327216,ABSL Small Cap Fund - Regular - Growth
101207,2025-05-24,-0.30337102609327216,ABSL Small Cap Fund - Regular - Growth
101207,2025-05-25,-0.31035321203585015,ABSL Small Cap Fund - Regular - Growth
101207,2025-05-26,-0.7361119048215221,ABSL Small Cap Fund - Regular - Growth
101207,2025-05-27,-1.2584615065779592,ABSL Small Cap Fund - Regular - Growth
101207,2025-05-28,-1.3430944767790345,ABSL Small Cap Fund - Regular - Growth
101207,2025-05-29,-1.2606706193569366,ABSL Small Cap Fund - Regular - Growth
101207,2025-05-30,-1.2913932088951423,ABSL Small Cap Fund - Regular - Growth
101207,2025-05-31,-1.2913932088951423,ABSL Small Cap Fund - Regular - Growth
101207,2025-06-01,-1.1886399386320876,ABSL Small Cap Fund - Regular - Growth
101207,2025-06-02,-1.4475795879134796,ABSL Small Cap Fund - Regular - Growth
101207,2025-06-03,-0.6977588164835318,ABSL Small Cap Fund - Regular - Growth
101207,2025-06-04,-0.5523675617176584,ABSL Small Cap Fund - Regular - Growth
101207,2025-06-05,-0.12280292107369783,ABSL Small Cap Fund - Regular - Growth
101207,2025-06-06,-0.2529712012801875,ABSL Small Cap Fund - Regular - Growth
101207,2025-06-07,-0.2529712012801875,ABSL Small Cap Fund - Regular - Growth
101207,2025-06-08,0.055578190535289534,ABSL Small Cap Fund - Regular - Growth
101207,2025-06-09,0.11170452622928052,ABSL Small Cap Fund - Regular - Growth
101207,2025-06-10,-0.20805790679328737,ABSL Small Cap Fund - Regular - Growth
101207,2025-06-11,-0.3690193855335511,ABSL Small Cap Fund - Regular - Growth
101207,2025-06-12,-0.38366399349860325,ABSL Small Cap Fund - Regular - Growth
101207,2025-06-13,-0.17719972143953816,ABSL Small Cap Fund - Regular - Growth
101207,2025-06-14,-0.17719972143953816,ABSL Small Cap Fund - Regular - Growth
101207,2025-06-15,-0.5202626230831471,ABSL Small Cap Fund - Regular - Growth
101207,2025-06-16,-0.7362954768599281,ABSL Small Cap Fund - Regular - Growth
101207,2025-06-17,-1.15335276172184,ABSL Small Cap Fund - Regular - Growth
101207,2025-06-18,-1.3738786070306188,ABSL Small Cap Fund - Regular - Growth
101207,2025-06-19,-0.8697505028284904,ABSL Small Cap Fund - Regular - Growth
101207,2025-06-20,-0.6371755948208411,ABSL Small Cap Fund - Regular - Growth
101207,2025-06-21,-0.6371755948208411,ABSL Small Cap Fund - Regular - Growth
101207,2025-06-22,-0.3619338946613769,ABSL Small Cap Fund - Regular - Growth
101207,2025-06-23,-0.0741596347434302,ABSL Small Cap Fund - Regular - Growth
101207,2025-06-24,-0.10937175048561623,ABSL Small Cap Fund - Regular - Growth
101207,2025-06-25,-0.48265813091036125,ABSL Small Cap Fund - Regular - Growth
101207,2025-06-26,-0.5376039316819723,ABSL Small Cap Fund - Regular - Growth
101207,2025-06-27,-0.5461388099916283,ABSL Small Cap Fund - Regular - Growth
101207,2025-06-28,-0.5461388099916283,ABSL Small Cap Fund - Regular - Growth
101207,2025-06-29,-0.4770518193853017,ABSL Small Cap Fund - Regular - Growth
101207,2025-06-30,-0.5238299707227246,ABSL Small Cap Fund - Regular - Growth
101207,2025-07-01,-0.9260958758233218,ABSL Small Cap Fund - Regular - Growth
101207,2025-07-02,-1.1693283258484048,ABSL Small Cap Fund - Regular - Growth
101207,2025-07-03,-1.099508808480983,ABSL Small Cap Fund - Regular - Growth
101207,2025-07-04,-1.3324367350264523,ABSL Small Cap Fund - Regular - Growth
101207,2025-07-05,-1.3324367350264523,ABSL Small Cap Fund - Regular - Growth
101207,2025-07-06,-0.9666201368549453,ABSL Small Cap Fund - Regular - Growth
101207,2025-07-07,-0.9727800516226649,ABSL Small Cap Fund - Regular - Growth
101207,2025-07-08,-1.2319691329760574,ABSL Small Cap Fund - Regular - Growth
101207,2025-07-09,-1.2391011577257571,ABSL Small Cap Fund - Regular - Growth
101207,2025-07-10,-1.1193570940017612,ABSL Small Cap Fund - Regular - Growth
101207,2025-07-11,-1.158089772990177,ABSL Small Cap Fund - Regular - Growth
101207,2025-07-12,-1.158089772990177,ABSL Small Cap Fund - Regular - Growth
101207,2025-07-13,-1.38687507330539,ABSL Small Cap Fund - Regular - Growth
101207,2025-07-14,-1.0893742007775213,ABSL Small Cap Fund - Regular - Growth
101207,2025-07-15,-1.0941532148183242,ABSL Small Cap Fund - Regular - Growth
101207,2025-07-16,-1.185920448370352,ABSL Small Cap Fund - Regular - Growth
101207,2025-07-17,-1.2001830103364768,ABSL Small Cap Fund - Regular - Growth
101207,2025-07-18,-1.2815375706844307,ABSL Small Cap Fund - Regular - Growth
101207,2025-07-19,-1.2815375706844307,ABSL Small Cap Fund - Regular - Growth
101207,2025-07-20,-0.8756731750014277,ABSL Small Cap Fund - Regular - Growth
101207,2025-07-21,-0.6578694660764556,ABSL Small Cap Fund - Regular - Growth
101207,2025-07-22,-1.4278675236090865,ABSL Small Cap Fund - Regular - Growth
101207,2025-07-23,-0.8372012317472575,ABSL Small Cap Fund - Regular - Growth
101207,2025-07-24,-1.2056328982484823,ABSL Small Cap Fund - Regular - Growth
101207,2025-07-25,-1.310303838178252,ABSL Small Cap Fund - Regular - Growth
101207,2025-07-26,-1.310303838178252,ABSL Small Cap Fund - Regular - Growth
101207,2025-07-27,-1.1522310452470566,ABSL Small Cap Fund - Regular - Growth
101207,2025-07-28,-1.423275332120132,ABSL Small Cap Fund - Regular - Growth
101207,2025-07-29,-1.870623130841324,ABSL Small Cap Fund - Regular - Growth
101207,2025-07-30,-2.372851269954361,ABSL Small Cap Fund - Regular - Growth
101207,2025-07-31,-2.622312699247042,ABSL Small Cap Fund - Regular - Growth
101207,2025-08-01,-2.6178555820105127,ABSL Small Cap Fund - Regular - Growth
101207,2025-08-02,-2.6178555820105127,ABSL Small Cap Fund - Regular - Growth
101207,2025-08-03,-2.508806574607307,ABSL Small Cap Fund - Regular - Growth
101207,2025-08-04,-2.534618756307269,ABSL Small Cap Fund - Regular - Growth
101207,2025-08-05,-3.09899474765444,ABSL Small Cap Fund - Regular - Growth
101207,2025-08-06,-2.866184367237703,ABSL Small Cap Fund - Regular - Growth
101207,2025-08-07,-3.194191593729671,ABSL Small Cap Fund - Regular - Growth
101207,2025-08-08,-2.7715057898307234,ABSL Small Cap Fund - Regular - Growth
101207,2025-08-09,-2.7715057898307225,ABSL Small Cap Fund - Regular - Growth
101207,2025-08-10,-3.1490680644712516,ABSL Small Cap Fund - Regular - Growth
101207,2025-08-11,-3.272894521347854,ABSL Small Cap Fund - Regular - Growth
101207,2025-08-12,-2.4450280368244415,ABSL Small Cap Fund - Regular - Growth
101207,2025-08-13,-2.3229389703197665,ABSL Small Cap Fund - Regular - Growth
101207,2025-08-14,-2.0877848795276908,ABSL Small Cap Fund - Regular - Growth
101207,2025-08-15,-1.9506845989415684,ABSL Small Cap Fund - Regular - Growth
101207,2025-08-16,-1.9506845989415684,ABSL Small Cap Fund - Regular - Growth
101207,2025-08-17,-1.9042065103194488,ABSL Small Cap Fund - Regular - Growth
101207,2025-08-18,-2.0341226229046865,ABSL Small Cap Fund - Regular - Growth
101207,2025-08-19,-2.062828265050662,ABSL Small Cap Fund - Regular - Growth
101207,2025-08-20,-2.130581623420576,ABSL Small Cap Fund - Regular - Growth
101207,2025-08-21,-1.4842184874720998,ABSL Small Cap Fund - Regular - Growth
101207,2025-08-22,-1.4949158075263858,ABSL Small Cap Fund - Regular - Growth
101207,2025-08-23,-1.4949158075263858,ABSL Small Cap Fund - Regular - Growth
101207,2025-08-24,-1.2475151217880054,ABSL Small Cap Fund - Regular - Growth
101207,2025-08-25,-1.1298930251163437,ABSL Small Cap Fund - Regular - Growth
101207,2025-08-26,-0.6919853804230778,ABSL Small Cap Fund - Regular - Growth
101207,2025-08-27,-0.9708676223434767,ABSL Small Cap Fund - Regular - Growth
101207,2025-08-28,-0.5932534041290449,ABSL Small Cap Fund - Regular - Growth
101207,2025-08-29,-0.8116115216055413,ABSL Small Cap Fund - Regular - Growth
101207,2025-08-30,-0.8116115216055413,ABSL Small Cap Fund - Regular - Growth
101207,2025-08-31,-0.6173622914343486,ABSL Small Cap Fund - Regular - Growth
101207,2025-09-01,-1.3624740502497608,ABSL Small Cap Fund - Regular - Growth
101207,2025-09-02,-1.3438579751720934,ABSL Small Cap Fund - Regular - Growth
101207,2025-09-03,-1.696187417066122,ABSL Small Cap Fund - Regular - Growth
101207,2025-09-04,-1.1413634809822775,ABSL Small Cap Fund - Regular - Growth
101207,2025-09-05,-1.1815784094961632,ABSL Small Cap Fund - Regular - Growth
101207,2025-09-06,-1.1815784094961632,ABSL Small Cap Fund - Regular - Growth
101207,2025-09-07,-1.1000504175786234,ABSL Small Cap Fund - Regular - Growth
101207,2025-09-08,-1.7560407164763903,ABSL Small Cap Fund - Regular - Growth
101207,2025-09-09,-1.6414888773522942,ABSL Small Cap Fund - Regular - Growth
101207,2025-09-10,-1.5179652302243678,ABSL Small Cap Fund - Regular - Growth
101207,2025-09-11,-1.7917737528302318,ABSL Small Cap Fund - Regular - Growth
101207,2025-09-12,-2.0433438026551047,ABSL Small Cap Fund - Regular - Growth
101207,2025-09-13,-2.0433438026551047,ABSL Small Cap Fund - Regular - Growth
101207,2025-09-14,-1.9477964194255963,ABSL Small Cap Fund - Regular - Growth
101207,2025-09-15,-1.709614577495085,ABSL Small Cap Fund - Regular - Growth
101207,2025-09-16,-1.5117757540625367,ABSL Small Cap Fund - Regular - Growth
101207,2025-09-17,-2.0714935909118513,ABSL Small Cap Fund - Regular - Growth
101207,2025-09-18,-2.521277289993505,ABSL Small Cap Fund - Regular - Growth
101207,2025-09-19,-2.472202873790329,ABSL Small Cap Fund - Regular - Growth
101207,2025-09-20,-2.472202873790329,ABSL Small Cap Fund - Regular - Growth
101207,2025-09-21,-2.646733673899932,ABSL Small Cap Fund - Regular - Growth
101207,2025-09-22,-2.324057711279251,ABSL Small Cap Fund - Regular - Growth
101207,2025-09-23,-1.9471845567213102,ABSL Small Cap Fund - Regular - Growth
101207,2025-09-24,-2.2172506978097175,ABSL Small Cap Fund - Regular - Growth
101207,2025-09-25,-2.0514990364448478,ABSL Small Cap Fund - Regular - Growth
101207,2025-09-26,-1.8575560060815128,ABSL Small Cap Fund - Regular - Growth
101207,2025-09-27,-1.8575560060815128,ABSL Small Cap Fund - Regular - Growth
101207,2025-09-28,-1.6411762934042418,ABSL Small Cap Fund - Regular - Growth
101207,2025-09-29,-1.0154778657781134,ABSL Small Cap Fund - Regular - Growth
101207,2025-09-30,-0.8642435904913073,ABSL Small Cap Fund - Regular - Growth
101207,2025-10-01,-1.0267534526014628,ABSL Small Cap Fund - Regular - Growth
101207,2025-10-02,-0.6422213854198471,ABSL Small Cap Fund - Regular - Growth
101207,2025-10-03,-0.7452472190281761,ABSL Small Cap Fund - Regular - Growth
101207,2025-10-04,-0.7452472190281761,ABSL Small Cap Fund - Regular - Growth
101207,2025-10-05,-0.8274255005832714,ABSL Small Cap Fund - Regular - Growth
101207,2025-10-06,-0.6147240328351133,ABSL Small Cap Fund - Regular - Growth
101207,2025-10-07,-0.7541679395961275,ABSL Small Cap Fund - Regular - Growth
101207,2025-10-08,-1.0124715256777905,ABSL Small Cap Fund - Regular - Growth
101207,2025-10-09,-1.1247216350227216,ABSL Small Cap Fund - Regular - Growth
101207,2025-10-10,-0.8208293866115036,ABSL Small Cap Fund - Regular - Growth
101207,2025-10-11,-0.8208293866115037,ABSL Small Cap Fund - Regular - Growth
101207,2025-10-12,-0.8615757640587425,ABSL Small Cap Fund - Regular - Growth
101207,2025-10-13,-1.0454043777865787,ABSL Small Cap Fund - Regular - Growth
101207,2025-10-14,-1.1548228621354448,ABSL Small Cap Fund - Regular - Growth
101207,2025-10-15,-1.3033777382274196,ABSL Small Cap Fund - Regular - Growth
101207,2025-10-16,-1.2197503435086754,ABSL Small Cap Fund - Regular - Growth
101207,2025-10-17,-1.4714776440625752,ABSL Small Cap Fund - Regular - Growth
101207,2025-10-18,-1.4714776440625752,ABSL Small Cap Fund - Regular - Growth
101207,2025-10-19,-1.4647253548661618,ABSL Small Cap Fund - Regular - Growth
101207,2025-10-20,-1.2919038860899854,ABSL Small Cap Fund - Regular - Growth
101207,2025-10-21,-1.5229919061883406,ABSL Small Cap Fund - Regular - Growth
101207,2025-10-22,-1.5292596431601664,ABSL Small Cap Fund - Regular - Growth
101207,2025-10-23,-0.8231085990290687,ABSL Small Cap Fund - Regular - Growth
101207,2025-10-24,-0.8731140818986554,ABSL Small Cap Fund - Regular - Growth
101207,2025-10-25,-0.8731140818986554,ABSL Small Cap Fund - Regular - Growth
101207,2025-10-26,-0.7173193750896966,ABSL Small Cap Fund - Regular - Growth
101207,2025-10-27,-0.8671343542691032,ABSL Small Cap Fund - Regular - Growth
101207,2025-10-28,-0.04589042647496225,ABSL Small Cap Fund - Regular - Growth
101207,2025-10-29,-0.0036864041354326433,ABSL Small Cap Fund - Regular - Growth
101207,2025-10-30,0.15047877514448454,ABSL Small Cap Fund - Regular - Growth
101207,2025-10-31,-0.004597446276754664,ABSL Small Cap Fund - Regular - Growth
101207,2025-11-01,-0.004597446276754664,ABSL Small Cap Fund - Regular - Growth
101207,2025-11-02,0.07753212982031514,ABSL Small Cap Fund - Regular - Growth
101207,2025-11-03,0.6277360681875113,ABSL Small Cap Fund - Regular - Growth
101207,2025-11-04,0.7030555041250574,ABSL Small Cap Fund - Regular - Growth
101207,2025-11-05,0.8613797598036776,ABSL Small Cap Fund - Regular - Growth
101207,2025-11-06,0.25389108987009046,ABSL Small Cap Fund - Regular - Growth
101207,2025-11-07,0.26096713382524994,ABSL Small Cap Fund - Regular - Growth
101207,2025-11-08,0.26096713382524994,ABSL Small Cap Fund - Regular - Growth
101207,2025-11-09,0.15276038147262985,ABSL Small Cap Fund - Regular - Growth
101207,2025-11-10,0.1919097144403176,ABSL Small Cap Fund - Regular - Growth
101207,2025-11-11,0.20849091435038203,ABSL Small Cap Fund - Regular - Growth
101207,2025-11-12,-0.08320728799478583,ABSL Small Cap Fund - Regular - Growth
101207,2025-11-13,-0.22258166613990782,ABSL Small Cap Fund - Regular - Growth
101207,2025-11-14,-0.24341958052972126,ABSL Small Cap Fund - Regular - Growth
101207,2025-11-15,-0.24341958052972132,ABSL Small Cap Fund - Regular - Growth
101207,2025-11-16,-0.1643905755755534,ABSL Small Cap Fund - Regular - Growth
101207,2025-11-17,-0.3608475761047662,ABSL Small Cap Fund - Regular - Growth
101207,2025-11-18,-0.20376767742846294,ABSL Small Cap Fund - Regular - Growth
101207,2025-11-19,-0.33938311087343626,ABSL Small Cap Fund - Regular - Growth
101207,2025-11-20,-0.04257941465081627,ABSL Small Cap Fund - Regular - Growth
101207,2025-11-21,-0.1822595654141156,ABSL Small Cap Fund - Regular - Growth
101207,2025-11-22,-0.1822595654141156,ABSL Small Cap Fund - Regular - Growth
101207,2025-11-23,-0.19871123620018968,ABSL Small Cap Fund - Regular - Growth
101207,2025-11-24,-0.017767543400423386,ABSL Small Cap Fund - Regular - Growth
101207,2025-11-25,0.3500880378963613,ABSL Small Cap Fund - Regular - Growth
101207,2025-11-26,0.21283947422366326,ABSL Small Cap Fund - Regular - Growth
101207,2025-11-27,0.5081378849754622,ABSL Small Cap Fund - Regular - Growth
101207,2025-11-28,0.3301416036588536,ABSL Small Cap Fund - Regular - Growth
101207,2025-11-29,0.33014160365885353,ABSL Small Cap Fund - Regular - Growth
101207,2025-11-30,0.5749728612969129,ABSL Small Cap Fund - Regular - Growth
101207,2025-12-01,0.526018308217087,ABSL Small Cap Fund - Regular - Growth
101207,2025-12-02,0.9605965757571404,ABSL Small Cap Fund - Regular - Growth
101207,2025-12-03,0.3952103745345126,ABSL Small Cap Fund - Regular - Growth
101207,2025-12-04,0.2277318871496128,ABSL Small Cap Fund - Regular - Growth
101207,2025-12-05,0.30183450698674086,ABSL Small Cap Fund - Regular - Growth
101207,2025-12-06,0.30183450698674086,ABSL Small Cap Fund - Regular - Growth
101207,2025-12-07,1.0122448354895854,ABSL Small Cap Fund - Regular - Growth
101207,2025-12-08,0.7895693434621812,ABSL Small Cap Fund - Regular - Growth
101207,2025-12-09,0.8471061952280283,ABSL Small Cap Fund - Regular - Growth
101207,2025-12-10,0.7719304342293043,ABSL Small Cap Fund - Regular - Growth
101207,2025-12-11,1.1373237245105103,ABSL Small Cap Fund - Regular - Growth
101207,2025-12-12,1.2218616207839406,ABSL Small Cap Fund - Regular - Growth
101207,2025-12-13,1.2218616207839406,ABSL Small Cap Fund - Regular - Growth
101207,2025-12-14,1.2326043622356997,ABSL Small Cap Fund - Regular - Growth
101207,2025-12-15,1.232515275594159,ABSL Small Cap Fund - Regular - Growth
101207,2025-12-16,1.4061967611741064,ABSL Small Cap Fund - Regular - Growth
101207,2025-12-17,1.5003088736963803,ABSL Small Cap Fund - Regular - Growth
101207,2025-12-18,1.4610219070287371,ABSL Small Cap Fund - Regular - Growth
101207,2025-12-19,1.247270855170358,ABSL Small Cap Fund - Regular - Growth
101207,2025-12-20,1.247270855170358,ABSL Small Cap Fund - Regular - Growth
101207,2025-12-21,1.0388775890194464,ABSL Small Cap Fund - Regular - Growth
101207,2025-12-22,0.8853957020939526,ABSL Small Cap Fund - Regular - Growth
101207,2025-12-23,1.4733102310999193,ABSL Small Cap Fund - Regular - Growth
101207,2025-12-24,1.060682644136702,ABSL Small Cap Fund - Regular - Growth
101207,2025-12-25,0.7743501743773177,ABSL Small Cap Fund - Regular - Growth
101207,2025-12-26,0.9043296345750009,ABSL Small Cap Fund - Regular - Growth
101207,2025-12-27,0.9043296345750009,ABSL Small Cap Fund - Regular - Growth
101207,2025-12-28,0.57973776166049,ABSL Small Cap Fund - Regular - Growth
101207,2025-12-29,0.31232225283967247,ABSL Small Cap Fund - Regular - Growth
101207,2025-12-30,0.7279973578619623,ABSL Small Cap Fund - Regular - Growth
101207,2025-12-31,0.8284636866859119,ABSL Small Cap Fund - Regular - Growth
101207,2026-01-01,0.6014252935986769,ABSL Small Cap Fund - Regular - Growth
101207,2026-01-02,0.1640692043462175,ABSL Small Cap Fund - Regular - Growth
101207,2026-01-03,0.16406920434621758,ABSL Small Cap Fund - Regular - Growth
101207,2026-01-04,0.03773632713105715,ABSL Small Cap Fund - Regular - Growth
101207,2026-01-05,0.04889822558274017,ABSL Small Cap Fund - Regular - Growth
101207,2026-01-06,-0.007129495067520129,ABSL Small Cap Fund - Regular - Growth
101207,2026-01-07,0.3488841308516906,ABSL Small Cap Fund - Regular - Growth
101207,2026-01-08,0.17214622621766562,ABSL Small Cap Fund - Regular - Growth
101207,2026-01-09,0.20943511656446576,ABSL Small Cap Fund - Regular - Growth
101207,2026-01-10,0.20943511656446576,ABSL Small Cap Fund - Regular - Growth
101207,2026-01-11,0.4071064579309473,ABSL Small Cap Fund - Regular - Growth
101207,2026-01-12,0.5352438185768553,ABSL Small Cap Fund - Regular - Growth
101207,2026-01-13,0.7891526132813359,ABSL Small Cap Fund - Regular - Growth
101207,2026-01-14,0.9485397336575424,ABSL Small Cap Fund - Regular - Growth
101207,2026-01-15,1.3561568133220354,ABSL Small Cap Fund - Regular - Growth
101207,2026-01-16,1.6030829273775693,ABSL Small Cap Fund - Regular - Growth
101207,2026-01-17,1.6030829273775693,ABSL Small Cap Fund - Regular - Growth
101207,2026-01-18,1.702369831571253,ABSL Small Cap Fund - Regular - Growth
101207,2026-01-19,1.6562862410899621,ABSL Small Cap Fund - Regular - Growth
101207,2026-01-20,2.038749324848926,ABSL Small Cap Fund - Regular - Growth
101207,2026-01-21,1.5328279226829886,ABSL Small Cap Fund - Regular - Growth
101207,2026-01-22,1.6702471183274392,ABSL Small Cap Fund - Regular - Growth
101207,2026-01-23,1.6481651759464684,ABSL Small Cap Fund - Regular - Growth
101207,2026-01-24,1.6481651759464684,ABSL Small Cap Fund - Regular - Growth
101207,2026-01-25,1.8372677613730906,ABSL Small Cap Fund - Regular - Growth
101207,2026-01-26,0.996546674629838,ABSL Small Cap Fund - Regular - Growth
101207,2026-01-27,1.0106833704447917,ABSL Small Cap Fund - Regular - Growth
101207,2026-01-28,0.4504075775539051,ABSL Small Cap Fund - Regular - Growth
101207,2026-01-29,0.42158976259872055,ABSL Small Cap Fund - Regular - Growth
101207,2026-01-30,0.33695730375144983,ABSL Small Cap Fund - Regular - Growth
101207,2026-01-31,0.33695730375144983,ABSL Small Cap Fund - Regular - Growth
101207,2026-02-01,0.07072496452053904,ABSL Small Cap Fund - Regular - Growth
101207,2026-02-02,-0.5085534200481489,ABSL Small Cap Fund - Regular - Growth
101207,2026-02-03,-0.7634043018283501,ABSL Small Cap Fund - Regular - Growth
101207,2026-02-04,-0.3657060166296216,ABSL Small Cap Fund - Regular - Growth
101207,2026-02-05,-0.434854047677911,ABSL Small Cap Fund - Regular - Growth
101207,2026-02-06,-0.479057191973328,ABSL Small Cap Fund - Regular - Growth
101207,2026-02-07,-0.479057191973328,ABSL Small Cap Fund - Regular - Growth
101207,2026-02-08,-0.8893155481659782,ABSL Small Cap Fund - Regular - Growth
101207,2026-02-09,-1.1314428105500849,ABSL Small Cap Fund - Regular - Growth
101207,2026-02-10,-1.0399239376681981,ABSL Small Cap Fund - Regular - Growth
101207,2026-02-11,-1.060652829267736,ABSL Small Cap Fund - Regular - Growth
101207,2026-02-12,-1.3532785989957656,ABSL Small Cap Fund - Regular - Growth
101207,2026-02-13,-1.384346604774172,ABSL Small Cap Fund - Regular - Growth
101207,2026-02-14,-1.384346604774172,ABSL Small Cap Fund - Regular - Growth
101207,2026-02-15,-1.2307269920795878,ABSL Small Cap Fund - Regular - Growth
101207,2026-02-16,-1.4712433505116804,ABSL Small Cap Fund - Regular - Growth
101207,2026-02-17,-1.6086026086145502,ABSL Small Cap Fund - Regular - Growth
101207,2026-02-18,-2.0186894590645026,ABSL Small Cap Fund - Regular - Growth
101207,2026-02-19,-1.218623189188685,ABSL Small Cap Fund - Regular - Growth
101207,2026-02-20,-0.996361711992378,ABSL Small Cap Fund - Regular - Growth
101207,2026-02-21,-0.996361711992378,ABSL Small Cap Fund - Regular - Growth
101207,2026-02-22,-1.2916772965594636,ABSL Small Cap Fund - Regular - Growth
101207,2026-02-23,-1.4876566224983243,ABSL Small Cap Fund - Regular - Growth
101207,2026-02-24,-1.5000238342745142,ABSL Small Cap Fund - Regular - Growth
101207,2026-02-25,-1.9711907506423685,ABSL Small Cap Fund - Regular - Growth
101207,2026-02-26,-1.5761722580994404,ABSL Small Cap Fund - Regular - Growth
101207,2026-02-27,-1.725067144325633,ABSL Small Cap Fund - Regular - Growth
101207,2026-02-28,-1.725067144325633,ABSL Small Cap Fund - Regular - Growth
101207,2026-03-01,-1.655027129824143,ABSL Small Cap Fund - Regular - Growth
101207,2026-03-02,-1.8193847942609922,ABSL Small Cap Fund - Regular - Growth
101207,2026-03-03,-1.7329598823031573,ABSL Small Cap Fund - Regular - Growth
101207,2026-03-04,-1.6549724397477745,ABSL Small Cap Fund - Regular - Growth
101207,2026-03-05,-1.7584309613930222,ABSL Small Cap Fund - Regular - Growth
101207,2026-03-06,-1.730516198623825,ABSL Small Cap Fund - Regular - Growth
101207,2026-03-07,-1.730516198623825,ABSL Small Cap Fund - Regular - Growth
101207,2026-03-08,-1.5847478686212133,ABSL Small Cap Fund - Regular - Growth
101207,2026-03-09,-1.775146358082717,ABSL Small Cap Fund - Regular - Growth
101207,2026-03-10,-1.6234320187846467,ABSL Small Cap Fund - Regular - Growth
101207,2026-03-11,-1.9803204935507084,ABSL Small Cap Fund - Regular - Growth
101207,2026-03-12,-1.4895821321240563,ABSL Small Cap Fund - Regular - Growth
101207,2026-03-13,-1.4315599522815339,ABSL Small Cap Fund - Regular - Growth
101207,2026-03-14,-1.4315599522815339,ABSL Small Cap Fund - Regular - Growth
101207,2026-03-15,-1.3489804512657149,ABSL Small Cap Fund - Regular - Growth
101207,2026-03-16,-1.2126958347872567,ABSL Small Cap Fund - Regular - Growth
101207,2026-03-17,-1.14843500750159,ABSL Small Cap Fund - Regular - Growth
101207,2026-03-18,-1.3108360489636188,ABSL Small Cap Fund - Regular - Growth
101207,2026-03-19,-1.098560755149458,ABSL Small Cap Fund - Regular - Growth
101207,2026-03-20,-1.0293155506371157,ABSL Small Cap Fund - Regular - Growth
101207,2026-03-21,-1.0293155506371157,ABSL Small Cap Fund - Regular - Growth
101207,2026-03-22,-0.9963589540663174,ABSL Small Cap Fund - Regular - Growth
101207,2026-03-23,-0.8777924543011636,ABSL Small Cap Fund - Regular - Growth
101207,2026-03-24,-0.2396816531775266,ABSL Small Cap Fund - Regular - Growth
101207,2026-03-25,0.13505293159652434,ABSL Small Cap Fund - Regular - Growth
101207,2026-03-26,-0.2848764550174829,ABSL Small Cap Fund - Regular - Growth
101207,2026-03-27,-0.3590261243894549,ABSL Small Cap Fund - Regular - Growth
101207,2026-03-28,-0.3590261243894549,ABSL Small Cap Fund - Regular - Growth
101207,2026-03-29,0.00809080925400517,ABSL Small Cap Fund - Regular - Growth
101207,2026-03-30,-0.291239081225541,ABSL Small Cap Fund - Regular - Growth
101207,2026-03-31,-0.5773316326505636,ABSL Small Cap Fund - Regular - Growth
101207,2026-04-01,-0.29331681565263834,ABSL Small Cap Fund - Regular - Growth
101207,2026-04-02,-0.3008121232276683,ABSL Small Cap Fund - Regular - Growth
101207,2026-04-03,-0.10687250894613752,ABSL Small Cap Fund - Regular - Growth
101207,2026-04-04,-0.10687250894613752,ABSL Small Cap Fund - Regular - Growth
101207,2026-04-05,-0.12359102079760831,ABSL Small Cap Fund - Regular - Growth
101207,2026-04-06,-0.26476144929778933,ABSL Small Cap Fund - Regular - Growth
101207,2026-04-07,-0.7481438099955839,ABSL Small Cap Fund - Regular - Growth
101207,2026-04-08,-1.014090994445924,ABSL Small Cap Fund - Regular - Growth
101207,2026-04-09,-1.0568526464026629,ABSL Small Cap Fund - Regular - Growth
101207,2026-04-10,-1.3343069033269115,ABSL Small Cap Fund - Regular - Growth
101207,2026-04-11,-1.3343069033269115,ABSL Small Cap Fund - Regular - Growth
101207,2026-04-12,-1.2389455060107368,ABSL Small Cap Fund - Regular - Growth
101207,2026-04-13,-1.7710267693515434,ABSL Small Cap Fund - Regular - Growth
101207,2026-04-14,-1.6838775673815511,ABSL Small Cap Fund - Regular - Growth
101207,2026-04-15,-1.8280945282175802,ABSL Small Cap Fund - Regular - Growth
101207,2026-04-16,-1.997431068269454,ABSL Small Cap Fund - Regular - Growth
101207,2026-04-17,-2.2077235979035543,ABSL Small Cap Fund - Regular - Growth
101207,2026-04-18,-2.2077235979035543,ABSL Small Cap Fund - Regular - Growth
101207,2026-04-19,-2.0332315162812336,ABSL Small Cap Fund - Regular - Growth
101207,2026-04-20,-2.3286439489729824,ABSL Small Cap Fund - Regular - Growth
101207,2026-04-21,-2.303540001731849,ABSL Small Cap Fund - Regular - Growth
101207,2026-04-22,-2.522918660083159,ABSL Small Cap Fund - Regular - Growth
101207,2026-04-23,-2.5019680908840876,ABSL Small Cap Fund - Regular - Growth
101207,2026-04-24,-2.8039750319640824,ABSL Small Cap Fund - Regular - Growth
101207,2026-04-25,-2.8039750319640824,ABSL Small Cap Fund - Regular - Growth
101207,2026-04-26,-2.5038856300067245,ABSL Small Cap Fund - Regular - Growth
101207,2026-04-27,-2.6238974280678597,ABSL Small Cap Fund - Regular - Growth
101207,2026-04-28,-2.3906096847273655,ABSL Small Cap Fund - Regular - Growth
101207,2026-04-29,-2.259356337224851,ABSL Small Cap Fund - Regular - Growth
101207,2026-04-30,-1.9811840857481469,ABSL Small Cap Fund - Regular - Growth
101207,2026-05-01,-1.878621751728299,ABSL Small Cap Fund - Regular - Growth
101207,2026-05-02,-1.878621751728299,ABSL Small Cap Fund - Regular - Growth
101207,2026-05-03,-1.5406960410898283,ABSL Small Cap Fund - Regular - Growth
101207,2026-05-04,-1.3918752813737052,ABSL Small Cap Fund - Regular - Growth
101207,2026-05-05,-1.6600670203221526,ABSL Small Cap Fund - Regular - Growth
101207,2026-05-06,-1.2939539590414364,ABSL Small Cap Fund - Regular - Growth
101207,2026-05-07,-1.4925608705939608,ABSL Small Cap Fund - Regular - Growth
101207,2026-05-08,-1.3498536919937625,ABSL Small Cap Fund - Regular - Growth
101207,2026-05-09,-1.3498536919937625,ABSL Small Cap Fund - Regular - Growth
101207,2026-05-10,-1.185706301435369,ABSL Small Cap Fund - Regular - Growth
101207,2026-05-11,-1.487453093508998,ABSL Small Cap Fund - Regular - Growth
101207,2026-05-12,-1.2329067916030452,ABSL Small Cap Fund - Regular - Growth
101207,2026-05-13,-0.7234987861305757,ABSL Small Cap Fund - Regular - Growth
101207,2026-05-14,-1.0315726059621761,ABSL Small Cap Fund - Regular - Growth
101207,2026-05-15,-0.9323315224612001,ABSL Small Cap Fund - Regular - Growth
101207,2026-05-16,-0.9323315224612001,ABSL Small Cap Fund - Regular - Growth
101207,2026-05-17,-0.7131763787055454,ABSL Small Cap Fund - Regular - Growth
101207,2026-05-18,-0.8213116283729636,ABSL Small Cap Fund - Regular - Growth
101207,2026-05-19,-0.6057042499407416,ABSL Small Cap Fund - Regular - Growth
101207,2026-05-20,-1.085158647470646,ABSL Small Cap Fund - Regular - Growth
101207,2026-05-21,-1.4834599714010037,ABSL Small Cap Fund - Regular - Growth
101207,2026-05-22,-1.5164395672551982,ABSL Small Cap Fund - Regular - Growth
101207,2026-05-23,-1.5164395672551982,ABSL Small Cap Fund - Regular - Growth
101207,2026-05-24,-1.5011221443667153,ABSL Small Cap Fund - Regular - Growth
101207,2026-05-25,-1.2494886779808856,ABSL Small Cap Fund - Regular - Growth
101207,2026-05-26,-1.079926607599084,ABSL Small Cap Fund - Regular - Growth
101207,2026-05-27,-1.2209685301276776,ABSL Small Cap Fund - Regular - Growth
101207,2026-05-28,-0.807300892839287,ABSL Small Cap Fund - Regular - Growth
101207,2026-05-29,-0.9908656001324139,ABSL Small Cap Fund - Regular - Growth
102886,2022-01-03,,UTI Mid Cap Fund - Regular - Growth
102886,2022-01-04,,UTI Mid Cap Fund - Regular - Growth
102886,2022-01-05,,UTI Mid Cap Fund - Regular - Growth
102886,2022-01-06,,UTI Mid Cap Fund - Regular - Growth
102886,2022-01-07,,UTI Mid Cap Fund - Regular - Growth
102886,2022-01-08,,UTI Mid Cap Fund - Regular - Growth
102886,2022-01-09,,UTI Mid Cap Fund - Regular - Growth
102886,2022-01-10,,UTI Mid Cap Fund - Regular - Growth
102886,2022-01-11,,UTI Mid Cap Fund - Regular - Growth
102886,2022-01-12,,UTI Mid Cap Fund - Regular - Growth
102886,2022-01-13,,UTI Mid Cap Fund - Regular - Growth
102886,2022-01-14,,UTI Mid Cap Fund - Regular - Growth
102886,2022-01-15,,UTI Mid Cap Fund - Regular - Growth
102886,2022-01-16,,UTI Mid Cap Fund - Regular - Growth
102886,2022-01-17,,UTI Mid Cap Fund - Regular - Growth
102886,2022-01-18,,UTI Mid Cap Fund - Regular - Growth
102886,2022-01-19,,UTI Mid Cap Fund - Regular - Growth
102886,2022-01-20,,UTI Mid Cap Fund - Regular - Growth
102886,2022-01-21,,UTI Mid Cap Fund - Regular - Growth
102886,2022-01-22,,UTI Mid Cap Fund - Regular - Growth
102886,2022-01-23,,UTI Mid Cap Fund - Regular - Growth
102886,2022-01-24,,UTI Mid Cap Fund - Regular - Growth
102886,2022-01-25,,UTI Mid Cap Fund - Regular - Growth
102886,2022-01-26,,UTI Mid Cap Fund - Regular - Growth
102886,2022-01-27,,UTI Mid Cap Fund - Regular - Growth
102886,2022-01-28,,UTI Mid Cap Fund - Regular - Growth
102886,2022-01-29,,UTI Mid Cap Fund - Regular - Growth
102886,2022-01-30,,UTI Mid Cap Fund - Regular - Growth
102886,2022-01-31,,UTI Mid Cap Fund - Regular - Growth
102886,2022-02-01,,UTI Mid Cap Fund - Regular - Growth
102886,2022-02-02,,UTI Mid Cap Fund - Regular - Growth
102886,2022-02-03,,UTI Mid Cap Fund - Regular - Growth
102886,2022-02-04,,UTI Mid Cap Fund - Regular - Growth
102886,2022-02-05,,UTI Mid Cap Fund - Regular - Growth
102886,2022-02-06,,UTI Mid Cap Fund - Regular - Growth
102886,2022-02-07,,UTI Mid Cap Fund - Regular - Growth
102886,2022-02-08,,UTI Mid Cap Fund - Regular - Growth
102886,2022-02-09,,UTI Mid Cap Fund - Regular - Growth
102886,2022-02-10,,UTI Mid Cap Fund - Regular - Growth
102886,2022-02-11,,UTI Mid Cap Fund - Regular - Growth
102886,2022-02-12,,UTI Mid Cap Fund - Regular - Growth
102886,2022-02-13,,UTI Mid Cap Fund - Regular - Growth
102886,2022-02-14,,UTI Mid Cap Fund - Regular - Growth
102886,2022-02-15,,UTI Mid Cap Fund - Regular - Growth
102886,2022-02-16,,UTI Mid Cap Fund - Regular - Growth
102886,2022-02-17,,UTI Mid Cap Fund - Regular - Growth
102886,2022-02-18,,UTI Mid Cap Fund - Regular - Growth
102886,2022-02-19,,UTI Mid Cap Fund - Regular - Growth
102886,2022-02-20,,UTI Mid Cap Fund - Regular - Growth
102886,2022-02-21,,UTI Mid Cap Fund - Regular - Growth
102886,2022-02-22,,UTI Mid Cap Fund - Regular - Growth
102886,2022-02-23,,UTI Mid Cap Fund - Regular - Growth
102886,2022-02-24,,UTI Mid Cap Fund - Regular - Growth
102886,2022-02-25,,UTI Mid Cap Fund - Regular - Growth
102886,2022-02-26,,UTI Mid Cap Fund - Regular - Growth
102886,2022-02-27,,UTI Mid Cap Fund - Regular - Growth
102886,2022-02-28,,UTI Mid Cap Fund - Regular - Growth
102886,2022-03-01,,UTI Mid Cap Fund - Regular - Growth
102886,2022-03-02,,UTI Mid Cap Fund - Regular - Growth
102886,2022-03-03,,UTI Mid Cap Fund - Regular - Growth
102886,2022-03-04,,UTI Mid Cap Fund - Regular - Growth
102886,2022-03-05,,UTI Mid Cap Fund - Regular - Growth
102886,2022-03-06,,UTI Mid Cap Fund - Regular - Growth
102886,2022-03-07,,UTI Mid Cap Fund - Regular - Growth
102886,2022-03-08,,UTI Mid Cap Fund - Regular - Growth
102886,2022-03-09,,UTI Mid Cap Fund - Regular - Growth
102886,2022-03-10,,UTI Mid Cap Fund - Regular - Growth
102886,2022-03-11,,UTI Mid Cap Fund - Regular - Growth
102886,2022-03-12,,UTI Mid Cap Fund - Regular - Growth
102886,2022-03-13,,UTI Mid Cap Fund - Regular - Growth
102886,2022-03-14,,UTI Mid Cap Fund - Regular - Growth
102886,2022-03-15,,UTI Mid Cap Fund - Regular - Growth
102886,2022-03-16,,UTI Mid Cap Fund - Regular - Growth
102886,2022-03-17,,UTI Mid Cap Fund - Regular - Growth
102886,2022-03-18,,UTI Mid Cap Fund - Regular - Growth
102886,2022-03-19,,UTI Mid Cap Fund - Regular - Growth
102886,2022-03-20,,UTI Mid Cap Fund - Regular - Growth
102886,2022-03-21,,UTI Mid Cap Fund - Regular - Growth
102886,2022-03-22,,UTI Mid Cap Fund - Regular - Growth
102886,2022-03-23,,UTI Mid Cap Fund - Regular - Growth
102886,2022-03-24,,UTI Mid Cap Fund - Regular - Growth
102886,2022-03-25,,UTI Mid Cap Fund - Regular - Growth
102886,2022-03-26,,UTI Mid Cap Fund - Regular - Growth
102886,2022-03-27,,UTI Mid Cap Fund - Regular - Growth
102886,2022-03-28,,UTI Mid Cap Fund - Regular - Growth
102886,2022-03-29,,UTI Mid Cap Fund - Regular - Growth
102886,2022-03-30,,UTI Mid Cap Fund - Regular - Growth
102886,2022-03-31,,UTI Mid Cap Fund - Regular - Growth
102886,2022-04-01,,UTI Mid Cap Fund - Regular - Growth
102886,2022-04-02,,UTI Mid Cap Fund - Regular - Growth
102886,2022-04-03,1.394604026722282,UTI Mid Cap Fund - Regular - Growth
102886,2022-04-04,1.2259315933708737,UTI Mid Cap Fund - Regular - Growth
102886,2022-04-05,1.0391067400477505,UTI Mid Cap Fund - Regular - Growth
102886,2022-04-06,0.5629979616164217,UTI Mid Cap Fund - Regular - Growth
102886,2022-04-07,0.8700358104418457,UTI Mid Cap Fund - Regular - Growth
102886,2022-04-08,1.1614167631774406,UTI Mid Cap Fund - Regular - Growth
102886,2022-04-09,1.1614167631774406,UTI Mid Cap Fund - Regular - Growth
102886,2022-04-10,1.1756047484038248,UTI Mid Cap Fund - Regular - Growth
102886,2022-04-11,1.1950616136627623,UTI Mid Cap Fund - Regular - Growth
102886,2022-04-12,1.113211150198806,UTI Mid Cap Fund - Regular - Growth
102886,2022-04-13,0.8892761807945567,UTI Mid Cap Fund - Regular - Growth
102886,2022-04-14,0.6688411560978278,UTI Mid Cap Fund - Regular - Growth
102886,2022-04-15,0.4893441416956382,UTI Mid Cap Fund - Regular - Growth
102886,2022-04-16,0.4893441416956382,UTI Mid Cap Fund - Regular - Growth
102886,2022-04-17,0.35291914410752984,UTI Mid Cap Fund - Regular - Growth
102886,2022-04-18,0.5582160357133661,UTI Mid Cap Fund - Regular - Growth
102886,2022-04-19,0.6450576535379372,UTI Mid Cap Fund - Regular - Growth
102886,2022-04-20,1.1109257738635707,UTI Mid Cap Fund - Regular - Growth
102886,2022-04-21,1.3316860584072079,UTI Mid Cap Fund - Regular - Growth
102886,2022-04-22,1.075367219974589,UTI Mid Cap Fund - Regular - Growth
102886,2022-04-23,1.075367219974589,UTI Mid Cap Fund - Regular - Growth
102886,2022-04-24,1.2199939217961364,UTI Mid Cap Fund - Regular - Growth
102886,2022-04-25,1.0509647999673866,UTI Mid Cap Fund - Regular - Growth
102886,2022-04-26,1.221381851392313,UTI Mid Cap Fund - Regular - Growth
102886,2022-04-27,0.8202047796558034,UTI Mid Cap Fund - Regular - Growth
102886,2022-04-28,0.8096347601210736,UTI Mid Cap Fund - Regular - Growth
102886,2022-04-29,0.7448099553871381,UTI Mid Cap Fund - Regular - Growth
102886,2022-04-30,0.7448099553871381,UTI Mid Cap Fund - Regular - Growth
102886,2022-05-01,0.405318182810836,UTI Mid Cap Fund - Regular - Growth
102886,2022-05-02,0.41485408561128345,UTI Mid Cap Fund - Regular - Growth
102886,2022-05-03,0.7584193644575374,UTI Mid Cap Fund - Regular - Growth
102886,2022-05-04,0.8245617463339213,UTI Mid Cap Fund - Regular - Growth
102886,2022-05-05,0.37263371484210667,UTI Mid Cap Fund - Regular - Growth
102886,2022-05-06,0.36772920989864216,UTI Mid Cap Fund - Regular - Growth
102886,2022-05-07,0.36772920989864216,UTI Mid Cap Fund - Regular - Growth
102886,2022-05-08,0.46540564404448587,UTI Mid Cap Fund - Regular - Growth
102886,2022-05-09,0.10225230392702161,UTI Mid Cap Fund - Regular - Growth
102886,2022-05-10,0.2671770511707316,UTI Mid Cap Fund - Regular - Growth
102886,2022-05-11,0.4040678782291518,UTI Mid Cap Fund - Regular - Growth
102886,2022-05-12,0.21567972553797726,UTI Mid Cap Fund - Regular - Growth
102886,2022-05-13,0.12660276152348532,UTI Mid Cap Fund - Regular - Growth
102886,2022-05-14,0.12660276152348535,UTI Mid Cap Fund - Regular - Growth
102886,2022-05-15,0.10642256968605861,UTI Mid Cap Fund - Regular - Growth
102886,2022-05-16,-0.24318610645671943,UTI Mid Cap Fund - Regular - Growth
102886,2022-05-17,-0.12483585767204447,UTI Mid Cap Fund - Regular - Growth
102886,2022-05-18,-0.24718392549351728,UTI Mid Cap Fund - Regular - Growth
102886,2022-05-19,-0.6266297961846582,UTI Mid Cap Fund - Regular - Growth
102886,2022-05-20,-0.9993489878875865,UTI Mid Cap Fund - Regular - Growth
102886,2022-05-21,-0.9993489878875865,UTI Mid Cap Fund - Regular - Growth
102886,2022-05-22,-0.8027179073143349,UTI Mid Cap Fund - Regular - Growth
102886,2022-05-23,-0.8514045186040319,UTI Mid Cap Fund - Regular - Growth
102886,2022-05-24,-0.6304333855472875,UTI Mid Cap Fund - Regular - Growth
102886,2022-05-25,-0.5616352833017868,UTI Mid Cap Fund - Regular - Growth
102886,2022-05-26,-0.8025202992024225,UTI Mid Cap Fund - Regular - Growth
102886,2022-05-27,-0.7951921231351162,UTI Mid Cap Fund - Regular - Growth
102886,2022-05-28,-0.7951921231351162,UTI Mid Cap Fund - Regular - Growth
102886,2022-05-29,-0.5108595704353392,UTI Mid Cap Fund - Regular - Growth
102886,2022-05-30,-0.8127065593582227,UTI Mid Cap Fund - Regular - Growth
102886,2022-05-31,-0.5686540110346827,UTI Mid Cap Fund - Regular - Growth
102886,2022-06-01,-0.6159943322185093,UTI Mid Cap Fund - Regular - Growth
102886,2022-06-02,-0.677977132618264,UTI Mid Cap Fund - Regular - Growth
102886,2022-06-03,-0.6621452191989442,UTI Mid Cap Fund - Regular - Growth
102886,2022-06-04,-0.6621452191989442,UTI Mid Cap Fund - Regular - Growth
102886,2022-06-05,-0.8399679840459677,UTI Mid Cap Fund - Regular - Growth
102886,2022-06-06,-0.5719793381047282,UTI Mid Cap Fund - Regular - Growth
102886,2022-06-07,-0.25181131923430883,UTI Mid Cap Fund - Regular - Growth
102886,2022-06-08,-0.08388577672578526,UTI Mid Cap Fund - Regular - Growth
102886,2022-06-09,0.007611641569699844,UTI Mid Cap Fund - Regular - Growth
102886,2022-06-10,-0.10098666869062467,UTI Mid Cap Fund - Regular - Growth
102886,2022-06-11,-0.10098666869062467,UTI Mid Cap Fund - Regular - Growth
102886,2022-06-12,-0.24324468284756212,UTI Mid Cap Fund - Regular - Growth
102886,2022-06-13,-0.25111812364924546,UTI Mid Cap Fund - Regular - Growth
102886,2022-06-14,-0.28408241923191097,UTI Mid Cap Fund - Regular - Growth
102886,2022-06-15,-0.15771277725933924,UTI Mid Cap Fund - Regular - Growth
102886,2022-06-16,-0.3843793582380201,UTI Mid Cap Fund - Regular - Growth
102886,2022-06-17,-0.1921575864318288,UTI Mid Cap Fund - Regular - Growth
102886,2022-06-18,-0.1921575864318288,UTI Mid Cap Fund - Regular - Growth
102886,2022-06-19,-0.18888650367827717,UTI Mid Cap Fund - Regular - Growth
102886,2022-06-20,-0.666579433183574,UTI Mid Cap Fund - Regular - Growth
102886,2022-06-21,-0.276813986308699,UTI Mid Cap Fund - Regular - Growth
102886,2022-06-22,-0.11390932115834371,UTI Mid Cap Fund - Regular - Growth
102886,2022-06-23,0.1768502790820311,UTI Mid Cap Fund - Regular - Growth
102886,2022-06-24,0.369300477401702,UTI Mid Cap Fund - Regular - Growth
102886,2022-06-25,0.369300477401702,UTI Mid Cap Fund - Regular - Growth
102886,2022-06-26,0.26701600457688407,UTI Mid Cap Fund - Regular - Growth
102886,2022-06-27,0.29492851776507145,UTI Mid Cap Fund - Regular - Growth
102886,2022-06-28,0.10667858341807102,UTI Mid Cap Fund - Regular - Growth
102886,2022-06-29,0.28033118200348367,UTI Mid Cap Fund - Regular - Growth
102886,2022-06-30,0.7179683968333964,UTI Mid Cap Fund - Regular - Growth
102886,2022-07-01,0.3511553590029724,UTI Mid Cap Fund - Regular - Growth
102886,2022-07-02,0.35115535900297234,UTI Mid Cap Fund - Regular - Growth
102886,2022-07-03,0.3228074165415305,UTI Mid Cap Fund - Regular - Growth
102886,2022-07-04,0.6921653221965784,UTI Mid Cap Fund - Regular - Growth
102886,2022-07-05,0.5753796547859658,UTI Mid Cap Fund - Regular - Growth
102886,2022-07-06,0.7612375335220709,UTI Mid Cap Fund - Regular - Growth
102886,2022-07-07,0.5118584630204362,UTI Mid Cap Fund - Regular - Growth
102886,2022-07-08,0.7111812430996677,UTI Mid Cap Fund - Regular - Growth
102886,2022-07-09,0.7111812430996677,UTI Mid Cap Fund - Regular - Growth
102886,2022-07-10,0.8901590931689876,UTI Mid Cap Fund - Regular - Growth
102886,2022-07-11,0.9801706521910629,UTI Mid Cap Fund - Regular - Growth
102886,2022-07-12,1.1371732170858493,UTI Mid Cap Fund - Regular - Growth
102886,2022-07-13,1.3148460261477692,UTI Mid Cap Fund - Regular - Growth
102886,2022-07-14,1.4193565496994336,UTI Mid Cap Fund - Regular - Growth
102886,2022-07-15,1.2518955686324325,UTI Mid Cap Fund - Regular - Growth
102886,2022-07-16,1.2518955686324325,UTI Mid Cap Fund - Regular - Growth
102886,2022-07-17,0.9672922833765193,UTI Mid Cap Fund - Regular - Growth
102886,2022-07-18,0.313888793293169,UTI Mid Cap Fund - Regular - Growth
102886,2022-07-19,-0.22678755076178791,UTI Mid Cap Fund - Regular - Growth
102886,2022-07-20,-0.08993488530404849,UTI Mid Cap Fund - Regular - Growth
102886,2022-07-21,-0.13179907988481415,UTI Mid Cap Fund - Regular - Growth
102886,2022-07-22,-0.3444063764717157,UTI Mid Cap Fund - Regular - Growth
102886,2022-07-23,-0.3444063764717157,UTI Mid Cap Fund - Regular - Growth
102886,2022-07-24,-0.20285135418991845,UTI Mid Cap Fund - Regular - Growth
102886,2022-07-25,-0.6686903146388212,UTI Mid Cap Fund - Regular - Growth
102886,2022-07-26,-0.4174370783392536,UTI Mid Cap Fund - Regular - Growth
102886,2022-07-27,-0.6936768917900398,UTI Mid Cap Fund - Regular - Growth
102886,2022-07-28,-0.38646018494365636,UTI Mid Cap Fund - Regular - Growth
102886,2022-07-29,-0.23529108965341944,UTI Mid Cap Fund - Regular - Growth
102886,2022-07-30,-0.23529108965341947,UTI Mid Cap Fund - Regular - Growth
102886,2022-07-31,-0.07214457516451828,UTI Mid Cap Fund - Regular - Growth
102886,2022-08-01,-0.30280826666887867,UTI Mid Cap Fund - Regular - Growth
102886,2022-08-02,-0.13207173563481456,UTI Mid Cap Fund - Regular - Growth
102886,2022-08-03,-0.11984976863507323,UTI Mid Cap Fund - Regular - Growth
102886,2022-08-04,-0.24971034157087446,UTI Mid Cap Fund - Regular - Growth
102886,2022-08-05,-0.1018170528300209,UTI Mid Cap Fund - Regular - Growth
102886,2022-08-06,-0.1018170528300209,UTI Mid Cap Fund - Regular - Growth
102886,2022-08-07,-0.015968592216622907,UTI Mid Cap Fund - Regular - Growth
102886,2022-08-08,-0.27725176828260845,UTI Mid Cap Fund - Regular - Growth
102886,2022-08-09,-0.35013768043798016,UTI Mid Cap Fund - Regular - Growth
102886,2022-08-10,-0.326799477234526,UTI Mid Cap Fund - Regular - Growth
102886,2022-08-11,-0.31040588721031204,UTI Mid Cap Fund - Regular - Growth
102886,2022-08-12,-0.4801419801057092,UTI Mid Cap Fund - Regular - Growth
102886,2022-08-13,-0.4801419801057092,UTI Mid Cap Fund - Regular - Growth
102886,2022-08-14,-0.10111257068613508,UTI Mid Cap Fund - Regular - Growth
102886,2022-08-15,0.026987234503990525,UTI Mid Cap Fund - Regular - Growth
102886,2022-08-16,-0.2088073734437259,UTI Mid Cap Fund - Regular - Growth
102886,2022-08-17,-0.6352534552899527,UTI Mid Cap Fund - Regular - Growth
102886,2022-08-18,-0.6418487223739339,UTI Mid Cap Fund - Regular - Growth
102886,2022-08-19,-1.008508287046869,UTI Mid Cap Fund - Regular - Growth
102886,2022-08-20,-1.008508287046869,UTI Mid Cap Fund - Regular - Growth
102886,2022-08-21,-1.0140423481869207,UTI Mid Cap Fund - Regular - Growth
102886,2022-08-22,-1.086623559576796,UTI Mid Cap Fund - Regular - Growth
102886,2022-08-23,-0.9438948347782786,UTI Mid Cap Fund - Regular - Growth
102886,2022-08-24,-1.0173898888287045,UTI Mid Cap Fund - Regular - Growth
102886,2022-08-25,-1.0332968071904374,UTI Mid Cap Fund - Regular - Growth
102886,2022-08-26,-0.736885979554919,UTI Mid Cap Fund - Regular - Growth
102886,2022-08-27,-0.736885979554919,UTI Mid Cap Fund - Regular - Growth
102886,2022-08-28,-0.7354378438711753,UTI Mid Cap Fund - Regular - Growth
102886,2022-08-29,-1.0832726509726895,UTI Mid Cap Fund - Regular - Growth
102886,2022-08-30,-0.5977542490403787,UTI Mid Cap Fund - Regular - Growth
102886,2022-08-31,-0.40317912768396225,UTI Mid Cap Fund - Regular - Growth
102886,2022-09-01,-0.5263602544307833,UTI Mid Cap Fund - Regular - Growth
102886,2022-09-02,-0.7093581680852592,UTI Mid Cap Fund - Regular - Growth
102886,2022-09-03,-0.7093581680852592,UTI Mid Cap Fund - Regular - Growth
102886,2022-09-04,-0.755834972561339,UTI Mid Cap Fund - Regular - Growth
102886,2022-09-05,-0.8569287345756393,UTI Mid Cap Fund - Regular - Growth
102886,2022-09-06,-0.8217908758707717,UTI Mid Cap Fund - Regular - Growth
102886,2022-09-07,-1.1975842360214566,UTI Mid Cap Fund - Regular - Growth
102886,2022-09-08,-1.154414225655419,UTI Mid Cap Fund - Regular - Growth
102886,2022-09-09,-0.8946954223478272,UTI Mid Cap Fund - Regular - Growth
102886,2022-09-10,-0.8946954223478272,UTI Mid Cap Fund - Regular - Growth
102886,2022-09-11,-0.7796578649807889,UTI Mid Cap Fund - Regular - Growth
102886,2022-09-12,-0.3449446107279716,UTI Mid Cap Fund - Regular - Growth
102886,2022-09-13,-0.49408258455764403,UTI Mid Cap Fund - Regular - Growth
102886,2022-09-14,-0.4718876943913813,UTI Mid Cap Fund - Regular - Growth
102886,2022-09-15,-0.6952861365696352,UTI Mid Cap Fund - Regular - Growth
102886,2022-09-16,-0.592409854155106,UTI Mid Cap Fund - Regular - Growth
102886,2022-09-17,-0.592409854155106,UTI Mid Cap Fund - Regular - Growth
102886,2022-09-18,-0.5100065050853695,UTI Mid Cap Fund - Regular - Growth
102886,2022-09-19,-1.0123274321021534,UTI Mid Cap Fund - Regular - Growth
102886,2022-09-20,-0.9771322388441495,UTI Mid Cap Fund - Regular - Growth
102886,2022-09-21,-1.2831576712329889,UTI Mid Cap Fund - Regular - Growth
102886,2022-09-22,-1.4836929465580353,UTI Mid Cap Fund - Regular - Growth
102886,2022-09-23,-1.1799750337156578,UTI Mid Cap Fund - Regular - Growth
102886,2022-09-24,-1.1799750337156578,UTI Mid Cap Fund - Regular - Growth
102886,2022-09-25,-1.2983038390422075,UTI Mid Cap Fund - Regular - Growth
102886,2022-09-26,-1.3058301976101505,UTI Mid Cap Fund - Regular - Growth
102886,2022-09-27,-1.368856118407879,UTI Mid Cap Fund - Regular - Growth
102886,2022-09-28,-1.4488744192599072,UTI Mid Cap Fund - Regular - Growth
102886,2022-09-29,-1.1604124096441384,UTI Mid Cap Fund - Regular - Growth
102886,2022-09-30,-0.8206564742140148,UTI Mid Cap Fund - Regular - Growth
102886,2022-10-01,-0.8206564742140148,UTI Mid Cap Fund - Regular - Growth
102886,2022-10-02,-1.1648228764347583,UTI Mid Cap Fund - Regular - Growth
102886,2022-10-03,-1.0792919814535014,UTI Mid Cap Fund - Regular - Growth
102886,2022-10-04,-1.5858340065974612,UTI Mid Cap Fund - Regular - Growth
102886,2022-10-05,-1.3788524235475417,UTI Mid Cap Fund - Regular - Growth
102886,2022-10-06,-1.4167131651595761,UTI Mid Cap Fund - Regular - Growth
102886,2022-10-07,-1.5986280180914358,UTI Mid Cap Fund - Regular - Growth
102886,2022-10-08,-1.5986280180914358,UTI Mid Cap Fund - Regular - Growth
102886,2022-10-09,-1.4427696611994665,UTI Mid Cap Fund - Regular - Growth
102886,2022-10-10,-1.7141192426054304,UTI Mid Cap Fund - Regular - Growth
102886,2022-10-11,-1.65754291853077,UTI Mid Cap Fund - Regular - Growth
102886,2022-10-12,-1.5995090695582321,UTI Mid Cap Fund - Regular - Growth
102886,2022-10-13,-1.5247009767290316,UTI Mid Cap Fund - Regular - Growth
102886,2022-10-14,-1.2858045616659006,UTI Mid Cap Fund - Regular - Growth
102886,2022-10-15,-1.2858045616659006,UTI Mid Cap Fund - Regular - Growth
102886,2022-10-16,-0.7428810033312306,UTI Mid Cap Fund - Regular - Growth
102886,2022-10-17,-0.6912218603530581,UTI Mid Cap Fund - Regular - Growth
102886,2022-10-18,-0.753366342261733,UTI Mid Cap Fund - Regular - Growth
102886,2022-10-19,-0.2047080954389657,UTI Mid Cap Fund - Regular - Growth
102886,2022-10-20,-0.024908818014169793,UTI Mid Cap Fund - Regular - Growth
102886,2022-10-21,-0.3937752538684121,UTI Mid Cap Fund - Regular - Growth
102886,2022-10-22,-0.3937752538684121,UTI Mid Cap Fund - Regular - Growth
102886,2022-10-23,-0.10737788434294777,UTI Mid Cap Fund - Regular - Growth
102886,2022-10-24,-0.23808436275104944,UTI Mid Cap Fund - Regular - Growth
102886,2022-10-25,-0.0075240823740407485,UTI Mid Cap Fund - Regular - Growth
102886,2022-10-26,-0.055111705301470804,UTI Mid Cap Fund - Regular - Growth
102886,2022-10-27,-0.3278390348853857,UTI Mid Cap Fund - Regular - Growth
102886,2022-10-28,0.060064225355498914,UTI Mid Cap Fund - Regular - Growth
102886,2022-10-29,0.060064225355498914,UTI Mid Cap Fund - Regular - Growth
102886,2022-10-30,0.0059013515144860735,UTI Mid Cap Fund - Regular - Growth
102886,2022-10-31,-0.32685670919756044,UTI Mid Cap Fund - Regular - Growth
102886,2022-11-01,-0.13440787384818342,UTI Mid Cap Fund - Regular - Growth
102886,2022-11-02,-0.025472998856785247,UTI Mid Cap Fund - Regular - Growth
102886,2022-11-03,0.10871909966196795,UTI Mid Cap Fund - Regular - Growth
102886,2022-11-04,-0.18057916339227675,UTI Mid Cap Fund - Regular - Growth
102886,2022-11-05,-0.18057916339227675,UTI Mid Cap Fund - Regular - Growth
102886,2022-11-06,-0.38309921212009473,UTI Mid Cap Fund - Regular - Growth
102886,2022-11-07,-0.4417861909662678,UTI Mid Cap Fund - Regular - Growth
102886,2022-11-08,-0.39553184088404886,UTI Mid Cap Fund - Regular - Growth
102886,2022-11-09,0.004924523818202847,UTI Mid Cap Fund - Regular - Growth
102886,2022-11-10,0.025707150482939263,UTI Mid Cap Fund - Regular - Growth
102886,2022-11-11,0.12171179433256352,UTI Mid Cap Fund - Regular - Growth
102886,2022-11-12,0.12171179433256352,UTI Mid Cap Fund - Regular - Growth
102886,2022-11-13,-0.0467954216960965,UTI Mid Cap Fund - Regular - Growth
102886,2022-11-14,0.1829068020928976,UTI Mid Cap Fund - Regular - Growth
102886,2022-11-15,0.7023054672206991,UTI Mid Cap Fund - Regular - Growth
102886,2022-11-16,1.0871139105752954,UTI Mid Cap Fund - Regular - Growth
102886,2022-11-17,1.5368918254257102,UTI Mid Cap Fund - Regular - Growth
102886,2022-11-18,1.0520941032263844,UTI Mid Cap Fund - Regular - Growth
102886,2022-11-19,1.0520941032263844,UTI Mid Cap Fund - Regular - Growth
102886,2022-11-20,0.7445776436990343,UTI Mid Cap Fund - Regular - Growth
102886,2022-11-21,0.6616385283532471,UTI Mid Cap Fund - Regular - Growth
102886,2022-11-22,0.6897485924144683,UTI Mid Cap Fund - Regular - Growth
102886,2022-11-23,0.45327562505464036,UTI Mid Cap Fund - Regular - Growth
102886,2022-11-24,-0.2358156191874073,UTI Mid Cap Fund - Regular - Growth
102886,2022-11-25,-0.4585271278518841,UTI Mid Cap Fund - Regular - Growth
102886,2022-11-26,-0.4585271278518841,UTI Mid Cap Fund - Regular - Growth
102886,2022-11-27,-0.5866922761643778,UTI Mid Cap Fund - Regular - Growth
102886,2022-11-28,-1.0032989171115494,UTI Mid Cap Fund - Regular - Growth
102886,2022-11-29,-0.8660064814277566,UTI Mid Cap Fund - Regular - Growth
102886,2022-11-30,-0.5521972588792878,UTI Mid Cap Fund - Regular - Growth
102886,2022-12-01,-0.5401307216559094,UTI Mid Cap Fund - Regular - Growth
102886,2022-12-02,-0.4755412924378405,UTI Mid Cap Fund - Regular - Growth
102886,2022-12-03,-0.4755412924378405,UTI Mid Cap Fund - Regular - Growth
102886,2022-12-04,-0.49449653069905897,UTI Mid Cap Fund - Regular - Growth
102886,2022-12-05,-0.8687075745958405,UTI Mid Cap Fund - Regular - Growth
102886,2022-12-06,-0.6564642002949407,UTI Mid Cap Fund - Regular - Growth
102886,2022-12-07,-0.47073430023987095,UTI Mid Cap Fund - Regular - Growth
102886,2022-12-08,-0.9365785012361074,UTI Mid Cap Fund - Regular - Growth
102886,2022-12-09,-0.6642165856415747,UTI Mid Cap Fund - Regular - Growth
102886,2022-12-10,-0.6642165856415747,UTI Mid Cap Fund - Regular - Growth
102886,2022-12-11,-0.8056644658529553,UTI Mid Cap Fund - Regular - Growth
102886,2022-12-12,-0.6560545815092936,UTI Mid Cap Fund - Regular - Growth
102886,2022-12-13,-0.7909970290088058,UTI Mid Cap Fund - Regular - Growth
102886,2022-12-14,-1.0920700770822562,UTI Mid Cap Fund - Regular - Growth
102886,2022-12-15,-1.488763059007018,UTI Mid Cap Fund - Regular - Growth
102886,2022-12-16,-1.0699669528869884,UTI Mid Cap Fund - Regular - Growth
102886,2022-12-17,-1.0699669528869882,UTI Mid Cap Fund - Regular - Growth
102886,2022-12-18,-0.9157500836026724,UTI Mid Cap Fund - Regular - Growth
102886,2022-12-19,-0.8717466821543329,UTI Mid Cap Fund - Regular - Growth
102886,2022-12-20,-0.33627724113918195,UTI Mid Cap Fund - Regular - Growth
102886,2022-12-21,-0.5480769126296834,UTI Mid Cap Fund - Regular - Growth
102886,2022-12-22,-1.0959397524187469,UTI Mid Cap Fund - Regular - Growth
102886,2022-12-23,-0.8875455684833591,UTI Mid Cap Fund - Regular - Growth
102886,2022-12-24,-0.8875455684833591,UTI Mid Cap Fund - Regular - Growth
102886,2022-12-25,-0.6611092083025678,UTI Mid Cap Fund - Regular - Growth
102886,2022-12-26,-0.5065870725492807,UTI Mid Cap Fund - Regular - Growth
102886,2022-12-27,-0.3282754891960605,UTI Mid Cap Fund - Regular - Growth
102886,2022-12-28,-0.13568675496654034,UTI Mid Cap Fund - Regular - Growth
102886,2022-12-29,-0.6427301573540418,UTI Mid Cap Fund - Regular - Growth
102886,2022-12-30,-0.44780784820289415,UTI Mid Cap Fund - Regular - Growth
102886,2022-12-31,-0.44780784820289415,UTI Mid Cap Fund - Regular - Growth
102886,2023-01-01,-0.4772291627158728,UTI Mid Cap Fund - Regular - Growth
102886,2023-01-02,-0.2334762190470678,UTI Mid Cap Fund - Regular - Growth
102886,2023-01-03,-0.5065474852096155,UTI Mid Cap Fund - Regular - Growth
102886,2023-01-04,-0.6672977981126482,UTI Mid Cap Fund - Regular - Growth
102886,2023-01-05,-0.21844555184053563,UTI Mid Cap Fund - Regular - Growth
102886,2023-01-06,-0.1210702825044825,UTI Mid Cap Fund - Regular - Growth
102886,2023-01-07,-0.1210702825044825,UTI Mid Cap Fund - Regular - Growth
102886,2023-01-08,0.123852098359016,UTI Mid Cap Fund - Regular - Growth
102886,2023-01-09,-0.4167159027264199,UTI Mid Cap Fund - Regular - Growth
102886,2023-01-10,-0.2190024152781981,UTI Mid Cap Fund - Regular - Growth
102886,2023-01-11,0.05056378286535672,UTI Mid Cap Fund - Regular - Growth
102886,2023-01-12,-0.25223112175772744,UTI Mid Cap Fund - Regular - Growth
102886,2023-01-13,-0.2157289481046018,UTI Mid Cap Fund - Regular - Growth
102886,2023-01-14,-0.2157289481046018,UTI Mid Cap Fund - Regular - Growth
102886,2023-01-15,-0.10365278798189835,UTI Mid Cap Fund - Regular - Growth
102886,2023-01-16,-0.1692655407454783,UTI Mid Cap Fund - Regular - Growth
102886,2023-01-17,-0.8196792990495905,UTI Mid Cap Fund - Regular - Growth
102886,2023-01-18,-0.8324198561456856,UTI Mid Cap Fund - Regular - Growth
102886,2023-01-19,-0.5438461732036536,UTI Mid Cap Fund - Regular - Growth
102886,2023-01-20,-0.5655869177876557,UTI Mid Cap Fund - Regular - Growth
102886,2023-01-21,-0.5655869177876557,UTI Mid Cap Fund - Regular - Growth
102886,2023-01-22,-0.4924196540592007,UTI Mid Cap Fund - Regular - Growth
102886,2023-01-23,-0.6437948275015417,UTI Mid Cap Fund - Regular - Growth
102886,2023-01-24,-0.720641012714241,UTI Mid Cap Fund - Regular - Growth
102886,2023-01-25,-0.7796511807659517,UTI Mid Cap Fund - Regular - Growth
102886,2023-01-26,-0.9749345018569555,UTI Mid Cap Fund - Regular - Growth
102886,2023-01-27,-0.8245850823469105,UTI Mid Cap Fund - Regular - Growth
102886,2023-01-28,-0.8245850823469105,UTI Mid Cap Fund - Regular - Growth
102886,2023-01-29,-0.5645181423841172,UTI Mid Cap Fund - Regular - Growth
102886,2023-01-30,-0.2946107158873431,UTI Mid Cap Fund - Regular - Growth
102886,2023-01-31,0.13084459670809204,UTI Mid Cap Fund - Regular - Growth
102886,2023-02-01,0.21277147888324435,UTI Mid Cap Fund - Regular - Growth
102886,2023-02-02,0.2731955203580576,UTI Mid Cap Fund - Regular - Growth
102886,2023-02-03,0.35660023785484546,UTI Mid Cap Fund - Regular - Growth
102886,2023-02-04,0.35660023785484546,UTI Mid Cap Fund - Regular - Growth
102886,2023-02-05,0.2562414311729659,UTI Mid Cap Fund - Regular - Growth
102886,2023-02-06,0.15732160798916073,UTI Mid Cap Fund - Regular - Growth
102886,2023-02-07,0.49899426351475873,UTI Mid Cap Fund - Regular - Growth
102886,2023-02-08,0.7814122861416225,UTI Mid Cap Fund - Regular - Growth
102886,2023-02-09,0.9667603957195221,UTI Mid Cap Fund - Regular - Growth
102886,2023-02-10,1.0605360281747886,UTI Mid Cap Fund - Regular - Growth
102886,2023-02-11,1.0605360281747886,UTI Mid Cap Fund - Regular - Growth
102886,2023-02-12,1.2161867243537539,UTI Mid Cap Fund - Regular - Growth
102886,2023-02-13,0.6486552989313291,UTI Mid Cap Fund - Regular - Growth
102886,2023-02-14,0.5707636405863575,UTI Mid Cap Fund - Regular - Growth
102886,2023-02-15,0.5146129117763336,UTI Mid Cap Fund - Regular - Growth
102886,2023-02-16,0.8239778300050875,UTI Mid Cap Fund - Regular - Growth
102886,2023-02-17,0.9019116357025551,UTI Mid Cap Fund - Regular - Growth
102886,2023-02-18,0.9019116357025551,UTI Mid Cap Fund - Regular - Growth
102886,2023-02-19,0.8137787723903324,UTI Mid Cap Fund - Regular - Growth
102886,2023-02-20,1.1184158633445338,UTI Mid Cap Fund - Regular - Growth
102886,2023-02-21,0.8093929254954175,UTI Mid Cap Fund - Regular - Growth
102886,2023-02-22,1.063959664452899,UTI Mid Cap Fund - Regular - Growth
102886,2023-02-23,1.1756724274260018,UTI Mid Cap Fund - Regular - Growth
102886,2023-02-24,1.4301244100766723,UTI Mid Cap Fund - Regular - Growth
102886,2023-02-25,1.4301244100766723,UTI Mid Cap Fund - Regular - Growth
102886,2023-02-26,1.328581285312677,UTI Mid Cap Fund - Regular - Growth
102886,2023-02-27,1.3536988537717007,UTI Mid Cap Fund - Regular - Growth
102886,2023-02-28,1.1992455530786523,UTI Mid Cap Fund - Regular - Growth
102886,2023-03-01,1.4396763098315335,UTI Mid Cap Fund - Regular - Growth
102886,2023-03-02,1.068685628189054,UTI Mid Cap Fund - Regular - Growth
102886,2023-03-03,1.1978745578828445,UTI Mid Cap Fund - Regular - Growth
102886,2023-03-04,1.1978745578828445,UTI Mid Cap Fund - Regular - Growth
102886,2023-03-05,1.3029585849992682,UTI Mid Cap Fund - Regular - Growth
102886,2023-03-06,1.058943364652883,UTI Mid Cap Fund - Regular - Growth
102886,2023-03-07,0.8296795133994377,UTI Mid Cap Fund - Regular - Growth
102886,2023-03-08,1.1840383489116622,UTI Mid Cap Fund - Regular - Growth
102886,2023-03-09,1.0493759699874026,UTI Mid Cap Fund - Regular - Growth
102886,2023-03-10,0.9355809961756564,UTI Mid Cap Fund - Regular - Growth
102886,2023-03-11,0.9355809961756562,UTI Mid Cap Fund - Regular - Growth
102886,2023-03-12,0.8334249436748771,UTI Mid Cap Fund - Regular - Growth
102886,2023-03-13,0.984366370689718,UTI Mid Cap Fund - Regular - Growth
102886,2023-03-14,1.3813568500490134,UTI Mid Cap Fund - Regular - Growth
102886,2023-03-15,1.7071625805037467,UTI Mid Cap Fund - Regular - Growth
102886,2023-03-16,1.420640130790882,UTI Mid Cap Fund - Regular - Growth
102886,2023-03-17,1.1882529398848412,UTI Mid Cap Fund - Regular - Growth
102886,2023-03-18,1.1882529398848412,UTI Mid Cap Fund - Regular - Growth
102886,2023-03-19,1.380791233857661,UTI Mid Cap Fund - Regular - Growth
102886,2023-03-20,0.8252696777154068,UTI Mid Cap Fund - Regular - Growth
102886,2023-03-21,0.8907872391633606,UTI Mid Cap Fund - Regular - Growth
102886,2023-03-22,1.0923030214059146,UTI Mid Cap Fund - Regular - Growth
102886,2023-03-23,0.9130199594555457,UTI Mid Cap Fund - Regular - Growth
102886,2023-03-24,0.892159460726853,UTI Mid Cap Fund - Regular - Growth
102886,2023-03-25,0.892159460726853,UTI Mid Cap Fund - Regular - Growth
102886,2023-03-26,0.6990152336052584,UTI Mid Cap Fund - Regular - Growth
102886,2023-03-27,0.5649575632478377,UTI Mid Cap Fund - Regular - Growth
102886,2023-03-28,0.7936739252418645,UTI Mid Cap Fund - Regular - Growth
102886,2023-03-29,1.1189312122018114,UTI Mid Cap Fund - Regular - Growth
102886,2023-03-30,1.1838348437923534,UTI Mid Cap Fund - Regular - Growth
102886,2023-03-31,1.2845062116848238,UTI Mid Cap Fund - Regular - Growth
102886,2023-04-01,1.2845062116848238,UTI Mid Cap Fund - Regular - Growth
102886,2023-04-02,1.2267391953996258,UTI Mid Cap Fund - Regular - Growth
102886,2023-04-03,1.3137035447664516,UTI Mid Cap Fund - Regular - Growth
102886,2023-04-04,1.3743792322244601,UTI Mid Cap Fund - Regular - Growth
102886,2023-04-05,1.2184187999278067,UTI Mid Cap Fund - Regular - Growth
102886,2023-04-06,1.296716741974388,UTI Mid Cap Fund - Regular - Growth
102886,2023-04-07,1.1095423184540105,UTI Mid Cap Fund - Regular - Growth
102886,2023-04-08,1.1095423184540105,UTI Mid Cap Fund - Regular - Growth
102886,2023-04-09,1.5657527128424602,UTI Mid Cap Fund - Regular - Growth
102886,2023-04-10,1.534764546806033,UTI Mid Cap Fund - Regular - Growth
102886,2023-04-11,1.409254387875813,UTI Mid Cap Fund - Regular - Growth
102886,2023-04-12,1.0975152008861988,UTI Mid Cap Fund - Regular - Growth
102886,2023-04-13,1.091373368365056,UTI Mid Cap Fund - Regular - Growth
102886,2023-04-14,0.8349159945678324,UTI Mid Cap Fund - Regular - Growth
102886,2023-04-15,0.8349159945678324,UTI Mid Cap Fund - Regular - Growth
102886,2023-04-16,0.8017488590237373,UTI Mid Cap Fund - Regular - Growth
102886,2023-04-17,1.1091251598671836,UTI Mid Cap Fund - Regular - Growth
102886,2023-04-18,1.1590258570200662,UTI Mid Cap Fund - Regular - Growth
102886,2023-04-19,0.9166348038953691,UTI Mid Cap Fund - Regular - Growth
102886,2023-04-20,0.9376254415847799,UTI Mid Cap Fund - Regular - Growth
102886,2023-04-21,0.9624249909696849,UTI Mid Cap Fund - Regular - Growth
102886,2023-04-22,0.9624249909696849,UTI Mid Cap Fund - Regular - Growth
102886,2023-04-23,1.0574787980639524,UTI Mid Cap Fund - Regular - Growth
102886,2023-04-24,1.0749833744747026,UTI Mid Cap Fund - Regular - Growth
102886,2023-04-25,1.1488380135781315,UTI Mid Cap Fund - Regular - Growth
102886,2023-04-26,1.0266663249457362,UTI Mid Cap Fund - Regular - Growth
102886,2023-04-27,0.8859222753896661,UTI Mid Cap Fund - Regular - Growth
102886,2023-04-28,0.8123135818584527,UTI Mid Cap Fund - Regular - Growth
102886,2023-04-29,0.8123135818584527,UTI Mid Cap Fund - Regular - Growth
102886,2023-04-30,0.5328414386583276,UTI Mid Cap Fund - Regular - Growth
102886,2023-05-01,-0.16248309566360017,UTI Mid Cap Fund - Regular - Growth
102886,2023-05-02,-0.5602126792362071,UTI Mid Cap Fund - Regular - Growth
102886,2023-05-03,-0.1559284113360863,UTI Mid Cap Fund - Regular - Growth
102886,2023-05-04,-0.42304747987725616,UTI Mid Cap Fund - Regular - Growth
102886,2023-05-05,-0.45687977522611584,UTI Mid Cap Fund - Regular - Growth
102886,2023-05-06,-0.45687977522611584,UTI Mid Cap Fund - Regular - Growth
102886,2023-05-07,-0.3194740842952479,UTI Mid Cap Fund - Regular - Growth
102886,2023-05-08,-1.155708236842849,UTI Mid Cap Fund - Regular - Growth
102886,2023-05-09,-1.030281350372918,UTI Mid Cap Fund - Regular - Growth
102886,2023-05-10,-1.387190108898678,UTI Mid Cap Fund - Regular - Growth
102886,2023-05-11,-1.4244445146443552,UTI Mid Cap Fund - Regular - Growth
102886,2023-05-12,-1.4129692939660787,UTI Mid Cap Fund - Regular - Growth
102886,2023-05-13,-1.4129692939660787,UTI Mid Cap Fund - Regular - Growth
102886,2023-05-14,-0.8653434279248174,UTI Mid Cap Fund - Regular - Growth
102886,2023-05-15,-0.794652225044198,UTI Mid Cap Fund - Regular - Growth
102886,2023-05-16,-0.9005256477109445,UTI Mid Cap Fund - Regular - Growth
102886,2023-05-17,-0.8745244825167537,UTI Mid Cap Fund - Regular - Growth
102886,2023-05-18,-0.8655969213333103,UTI Mid Cap Fund - Regular - Growth
102886,2023-05-19,-0.8196424799635798,UTI Mid Cap Fund - Regular - Growth
102886,2023-05-20,-0.8196424799635798,UTI Mid Cap Fund - Regular - Growth
102886,2023-05-21,-0.9653493384883697,UTI Mid Cap Fund - Regular - Growth
102886,2023-05-22,0.07619825149792309,UTI Mid Cap Fund - Regular - Growth
102886,2023-05-23,0.38829103731995296,UTI Mid Cap Fund - Regular - Growth
102886,2023-05-24,0.8305104904779653,UTI Mid Cap Fund - Regular - Growth
102886,2023-05-25,-0.048771258623581934,UTI Mid Cap Fund - Regular - Growth
102886,2023-05-26,0.35841891798649966,UTI Mid Cap Fund - Regular - Growth
102886,2023-05-27,0.35841891798649966,UTI Mid Cap Fund - Regular - Growth
102886,2023-05-28,0.1993746647763655,UTI Mid Cap Fund - Regular - Growth
102886,2023-05-29,0.310232885217577,UTI Mid Cap Fund - Regular - Growth
102886,2023-05-30,0.3555760966068976,UTI Mid Cap Fund - Regular - Growth
102886,2023-05-31,1.0094552660628249,UTI Mid Cap Fund - Regular - Growth
102886,2023-06-01,0.8523557261317631,UTI Mid Cap Fund - Regular - Growth
102886,2023-06-02,0.5904487341086052,UTI Mid Cap Fund - Regular - Growth
102886,2023-06-03,0.5904487341086052,UTI Mid Cap Fund - Regular - Growth
102886,2023-06-04,0.6759261881715534,UTI Mid Cap Fund - Regular - Growth
102886,2023-06-05,1.2207932002807413,UTI Mid Cap Fund - Regular - Growth
102886,2023-06-06,0.7168551988076888,UTI Mid Cap Fund - Regular - Growth
102886,2023-06-07,0.4008184416446799,UTI Mid Cap Fund - Regular - Growth
102886,2023-06-08,0.5086868595536373,UTI Mid Cap Fund - Regular - Growth
102886,2023-06-09,0.42660609612127753,UTI Mid Cap Fund - Regular - Growth
102886,2023-06-10,0.42660609612127753,UTI Mid Cap Fund - Regular - Growth
102886,2023-06-11,0.5637589219146539,UTI Mid Cap Fund - Regular - Growth
102886,2023-06-12,0.47443986706021024,UTI Mid Cap Fund - Regular - Growth
102886,2023-06-13,0.3785943796086209,UTI Mid Cap Fund - Regular - Growth
102886,2023-06-14,0.6947816175770024,UTI Mid Cap Fund - Regular - Growth
102886,2023-06-15,1.112648759720705,UTI Mid Cap Fund - Regular - Growth
102886,2023-06-16,0.9086397159124461,UTI Mid Cap Fund - Regular - Growth
102886,2023-06-17,0.9086397159124461,UTI Mid Cap Fund - Regular - Growth
102886,2023-06-18,1.165669928695665,UTI Mid Cap Fund - Regular - Growth
102886,2023-06-19,1.1730425287451383,UTI Mid Cap Fund - Regular - Growth
102886,2023-06-20,1.124176703901087,UTI Mid Cap Fund - Regular - Growth
102886,2023-06-21,1.037779103641433,UTI Mid Cap Fund - Regular - Growth
102886,2023-06-22,0.9479192802846066,UTI Mid Cap Fund - Regular - Growth
102886,2023-06-23,0.6829820237650482,UTI Mid Cap Fund - Regular - Growth
102886,2023-06-24,0.6829820237650482,UTI Mid Cap Fund - Regular - Growth
102886,2023-06-25,0.6971238738523369,UTI Mid Cap Fund - Regular - Growth
102886,2023-06-26,0.3168073372163346,UTI Mid Cap Fund - Regular - Growth
102886,2023-06-27,-0.015485217900311179,UTI Mid Cap Fund - Regular - Growth
102886,2023-06-28,-0.569550059540975,UTI Mid Cap Fund - Regular - Growth
102886,2023-06-29,-0.5638737545634745,UTI Mid Cap Fund - Regular - Growth
102886,2023-06-30,-0.32575942388380497,UTI Mid Cap Fund - Regular - Growth
102886,2023-07-01,-0.32575942388380497,UTI Mid Cap Fund - Regular - Growth
102886,2023-07-02,-0.35878106483011163,UTI Mid Cap Fund - Regular - Growth
102886,2023-07-03,-0.5279586986323522,UTI Mid Cap Fund - Regular - Growth
102886,2023-07-04,-0.11943795236119112,UTI Mid Cap Fund - Regular - Growth
102886,2023-07-05,0.22318907467290422,UTI Mid Cap Fund - Regular - Growth
102886,2023-07-06,0.5717718648134893,UTI Mid Cap Fund - Regular - Growth
102886,2023-07-07,0.47358537088512354,UTI Mid Cap Fund - Regular - Growth
102886,2023-07-08,0.47358537088512354,UTI Mid Cap Fund - Regular - Growth
102886,2023-07-09,0.29012659176503325,UTI Mid Cap Fund - Regular - Growth
102886,2023-07-10,0.31421880394853563,UTI Mid Cap Fund - Regular - Growth
102886,2023-07-11,0.457937922343028,UTI Mid Cap Fund - Regular - Growth
102886,2023-07-12,0.22612527862787116,UTI Mid Cap Fund - Regular - Growth
102886,2023-07-13,0.13592993158316288,UTI Mid Cap Fund - Regular - Growth
102886,2023-07-14,0.0007362627728040352,UTI Mid Cap Fund - Regular - Growth
102886,2023-07-15,0.0007362627728040352,UTI Mid Cap Fund - Regular - Growth
102886,2023-07-16,0.1137912639876226,UTI Mid Cap Fund - Regular - Growth
102886,2023-07-17,-0.13666541579627878,UTI Mid Cap Fund - Regular - Growth
102886,2023-07-18,0.365006998149375,UTI Mid Cap Fund - Regular - Growth
102886,2023-07-19,0.1994925917934815,UTI Mid Cap Fund - Regular - Growth
102886,2023-07-20,0.248601048864086,UTI Mid Cap Fund - Regular - Growth
102886,2023-07-21,0.436682980958259,UTI Mid Cap Fund - Regular - Growth
102886,2023-07-22,0.436682980958259,UTI Mid Cap Fund - Regular - Growth
102886,2023-07-23,0.24691085612291908,UTI Mid Cap Fund - Regular - Growth
102886,2023-07-24,0.6244792433555804,UTI Mid Cap Fund - Regular - Growth
102886,2023-07-25,0.4780215211373749,UTI Mid Cap Fund - Regular - Growth
102886,2023-07-26,0.5722112335106233,UTI Mid Cap Fund - Regular - Growth
102886,2023-07-27,0.7495208220558202,UTI Mid Cap Fund - Regular - Growth
102886,2023-07-28,1.0443468758021064,UTI Mid Cap Fund - Regular - Growth
102886,2023-07-29,1.0443468758021064,UTI Mid Cap Fund - Regular - Growth
102886,2023-07-30,1.448910483843052,UTI Mid Cap Fund - Regular - Growth
102886,2023-07-31,1.651064528684013,UTI Mid Cap Fund - Regular - Growth
102886,2023-08-01,1.7637871342445766,UTI Mid Cap Fund - Regular - Growth
102886,2023-08-02,1.568691557961265,UTI Mid Cap Fund - Regular - Growth
102886,2023-08-03,1.4621513562070312,UTI Mid Cap Fund - Regular - Growth
102886,2023-08-04,1.6940917583204786,UTI Mid Cap Fund - Regular - Growth
102886,2023-08-05,1.6940917583204786,UTI Mid Cap Fund - Regular - Growth
102886,2023-08-06,1.697295466533422,UTI Mid Cap Fund - Regular - Growth
102886,2023-08-07,1.5915832264779213,UTI Mid Cap Fund - Regular - Growth
102886,2023-08-08,1.5561989354603665,UTI Mid Cap Fund - Regular - Growth
102886,2023-08-09,1.3818979035246988,UTI Mid Cap Fund - Regular - Growth
102886,2023-08-10,1.554234186696836,UTI Mid Cap Fund - Regular - Growth
102886,2023-08-11,1.089767570016156,UTI Mid Cap Fund - Regular - Growth
102886,2023-08-12,1.089767570016156,UTI Mid Cap Fund - Regular - Growth
102886,2023-08-13,1.1865217076110437,UTI Mid Cap Fund - Regular - Growth
102886,2023-08-14,1.61442646934579,UTI Mid Cap Fund - Regular - Growth
102886,2023-08-15,1.6979451780736083,UTI Mid Cap Fund - Regular - Growth
102886,2023-08-16,1.5031880565548548,UTI Mid Cap Fund - Regular - Growth
102886,2023-08-17,1.5834613198142615,UTI Mid Cap Fund - Regular - Growth
102886,2023-08-18,1.5095786836077918,UTI Mid Cap Fund - Regular - Growth
102886,2023-08-19,1.5095786836077918,UTI Mid Cap Fund - Regular - Growth
102886,2023-08-20,1.1944278993551687,UTI Mid Cap Fund - Regular - Growth
102886,2023-08-21,0.9975362391409889,UTI Mid Cap Fund - Regular - Growth
102886,2023-08-22,0.7175302783443832,UTI Mid Cap Fund - Regular - Growth
102886,2023-08-23,1.3896317335212545,UTI Mid Cap Fund - Regular - Growth
102886,2023-08-24,1.079659270421626,UTI Mid Cap Fund - Regular - Growth
102886,2023-08-25,0.6156942200496881,UTI Mid Cap Fund - Regular - Growth
102886,2023-08-26,0.6156942200496881,UTI Mid Cap Fund - Regular - Growth
102886,2023-08-27,0.5408104949043692,UTI Mid Cap Fund - Regular - Growth
102886,2023-08-28,0.12168510541313317,UTI Mid Cap Fund - Regular - Growth
102886,2023-08-29,-0.331884320546988,UTI Mid Cap Fund - Regular - Growth
102886,2023-08-30,-0.23123635042676252,UTI Mid Cap Fund - Regular - Growth
102886,2023-08-31,0.14054693179598687,UTI Mid Cap Fund - Regular - Growth
102886,2023-09-01,0.526805433004785,UTI Mid Cap Fund - Regular - Growth
102886,2023-09-02,0.5268054330047849,UTI Mid Cap Fund - Regular - Growth
102886,2023-09-03,0.1914613704677734,UTI Mid Cap Fund - Regular - Growth
102886,2023-09-04,0.13529824085247527,UTI Mid Cap Fund - Regular - Growth
102886,2023-09-05,0.6527573072934817,UTI Mid Cap Fund - Regular - Growth
102886,2023-09-06,0.2650756774517144,UTI Mid Cap Fund - Regular - Growth
102886,2023-09-07,0.3535002270995297,UTI Mid Cap Fund - Regular - Growth
102886,2023-09-08,0.4192937078041583,UTI Mid Cap Fund - Regular - Growth
102886,2023-09-09,0.4192937078041583,UTI Mid Cap Fund - Regular - Growth
102886,2023-09-10,0.4061415760487335,UTI Mid Cap Fund - Regular - Growth
102886,2023-09-11,0.4802314591282035,UTI Mid Cap Fund - Regular - Growth
102886,2023-09-12,0.11778660884436107,UTI Mid Cap Fund - Regular - Growth
102886,2023-09-13,0.041735420126521074,UTI Mid Cap Fund - Regular - Growth
102886,2023-09-14,-0.040978123689280936,UTI Mid Cap Fund - Regular - Growth
102886,2023-09-15,0.1626598484431743,UTI Mid Cap Fund - Regular - Growth
102886,2023-09-16,0.1626598484431743,UTI Mid Cap Fund - Regular - Growth
102886,2023-09-17,0.3090374592482202,UTI Mid Cap Fund - Regular - Growth
102886,2023-09-18,0.4497183633426341,UTI Mid Cap Fund - Regular - Growth
102886,2023-09-19,0.6141569769833798,UTI Mid Cap Fund - Regular - Growth
102886,2023-09-20,0.6669127994682418,UTI Mid Cap Fund - Regular - Growth
102886,2023-09-21,0.8442430789137029,UTI Mid Cap Fund - Regular - Growth
102886,2023-09-22,0.971644371951927,UTI Mid Cap Fund - Regular - Growth
102886,2023-09-23,0.971644371951927,UTI Mid Cap Fund - Regular - Growth
102886,2023-09-24,0.8951419459152498,UTI Mid Cap Fund - Regular - Growth
102886,2023-09-25,1.3256089296481433,UTI Mid Cap Fund - Regular - Growth
102886,2023-09-26,1.220005652490896,UTI Mid Cap Fund - Regular - Growth
102886,2023-09-27,0.7935637772827586,UTI Mid Cap Fund - Regular - Growth
102886,2023-09-28,0.6726651293879715,UTI Mid Cap Fund - Regular - Growth
102886,2023-09-29,0.6132869637981238,UTI Mid Cap Fund - Regular - Growth
102886,2023-09-30,0.6132869637981238,UTI Mid Cap Fund - Regular - Growth
102886,2023-10-01,0.6539568566901948,UTI Mid Cap Fund - Regular - Growth
102886,2023-10-02,0.3037569685910581,UTI Mid Cap Fund - Regular - Growth
102886,2023-10-03,-0.20538120585042963,UTI Mid Cap Fund - Regular - Growth
102886,2023-10-04,-0.17602152407031937,UTI Mid Cap Fund - Regular - Growth
102886,2023-10-05,-0.13421539569695962,UTI Mid Cap Fund - Regular - Growth
102886,2023-10-06,-0.39341920354453463,UTI Mid Cap Fund - Regular - Growth
102886,2023-10-07,-0.39341920354453463,UTI Mid Cap Fund - Regular - Growth
102886,2023-10-08,-0.4682660800006368,UTI Mid Cap Fund - Regular - Growth
102886,2023-10-09,-0.3730021956809152,UTI Mid Cap Fund - Regular - Growth
102886,2023-10-10,-0.21154000197092468,UTI Mid Cap Fund - Regular - Growth
102886,2023-10-11,-0.11555042230429437,UTI Mid Cap Fund - Regular - Growth
102886,2023-10-12,0.022525571384151902,UTI Mid Cap Fund - Regular - Growth
102886,2023-10-13,0.050045436229566025,UTI Mid Cap Fund - Regular - Growth
102886,2023-10-14,0.050045436229566025,UTI Mid Cap Fund - Regular - Growth
102886,2023-10-15,0.3287896578123476,UTI Mid Cap Fund - Regular - Growth
102886,2023-10-16,0.0948574649569967,UTI Mid Cap Fund - Regular - Growth
102886,2023-10-17,0.32470862923225946,UTI Mid Cap Fund - Regular - Growth
102886,2023-10-18,-0.12291165089642467,UTI Mid Cap Fund - Regular - Growth
102886,2023-10-19,-0.5211016999768647,UTI Mid Cap Fund - Regular - Growth
102886,2023-10-20,-0.7656483465839828,UTI Mid Cap Fund - Regular - Growth
102886,2023-10-21,-0.7656483465839828,UTI Mid Cap Fund - Regular - Growth
102886,2023-10-22,-1.0694128750736256,UTI Mid Cap Fund - Regular - Growth
102886,2023-10-23,-0.770866107052961,UTI Mid Cap Fund - Regular - Growth
102886,2023-10-24,-0.2819494086941375,UTI Mid Cap Fund - Regular - Growth
102886,2023-10-25,-0.5497696641629939,UTI Mid Cap Fund - Regular - Growth
102886,2023-10-26,-0.8991965763964612,UTI Mid Cap Fund - Regular - Growth
102886,2023-10-27,-1.038231446954207,UTI Mid Cap Fund - Regular - Growth
102886,2023-10-28,-1.0382314469542069,UTI Mid Cap Fund - Regular - Growth
102886,2023-10-29,-1.2358757221700076,UTI Mid Cap Fund - Regular - Growth
102886,2023-10-30,-1.5089841648029125,UTI Mid Cap Fund - Regular - Growth
102886,2023-10-31,-1.2960075860525768,UTI Mid Cap Fund - Regular - Growth
102886,2023-11-01,-1.0763851257905654,UTI Mid Cap Fund - Regular - Growth
102886,2023-11-02,-1.1715604554917878,UTI Mid Cap Fund - Regular - Growth
102886,2023-11-03,-1.4279208609876852,UTI Mid Cap Fund - Regular - Growth
102886,2023-11-04,-1.4279208609876852,UTI Mid Cap Fund - Regular - Growth
102886,2023-11-05,-1.5847993246178116,UTI Mid Cap Fund - Regular - Growth
102886,2023-11-06,-1.4893848056318186,UTI Mid Cap Fund - Regular - Growth
102886,2023-11-07,-1.7501100090361823,UTI Mid Cap Fund - Regular - Growth
102886,2023-11-08,-2.0060103538299656,UTI Mid Cap Fund - Regular - Growth
102886,2023-11-09,-1.6832592303743237,UTI Mid Cap Fund - Regular - Growth
102886,2023-11-10,-1.724222384691069,UTI Mid Cap Fund - Regular - Growth
102886,2023-11-11,-1.724222384691069,UTI Mid Cap Fund - Regular - Growth
102886,2023-11-12,-1.9441872247686747,UTI Mid Cap Fund - Regular - Growth
102886,2023-11-13,-2.041302099775681,UTI Mid Cap Fund - Regular - Growth
102886,2023-11-14,-2.042679171464752,UTI Mid Cap Fund - Regular - Growth
102886,2023-11-15,-2.2370965141717414,UTI Mid Cap Fund - Regular - Growth
102886,2023-11-16,-2.0845629439031312,UTI Mid Cap Fund - Regular - Growth
102886,2023-11-17,-2.0033404060068185,UTI Mid Cap Fund - Regular - Growth
102886,2023-11-18,-2.0033404060068185,UTI Mid Cap Fund - Regular - Growth
102886,2023-11-19,-2.0243450608458926,UTI Mid Cap Fund - Regular - Growth
102886,2023-11-20,-1.984295557770912,UTI Mid Cap Fund - Regular - Growth
102886,2023-11-21,-2.3168244870852948,UTI Mid Cap Fund - Regular - Growth
102886,2023-11-22,-2.061058923255541,UTI Mid Cap Fund - Regular - Growth
102886,2023-11-23,-1.2483006822181364,UTI Mid Cap Fund - Regular - Growth
102886,2023-11-24,-1.519523198987183,UTI Mid Cap Fund - Regular - Growth
102886,2023-11-25,-1.519523198987183,UTI Mid Cap Fund - Regular - Growth
102886,2023-11-26,-1.2270794042816768,UTI Mid Cap Fund - Regular - Growth
102886,2023-11-27,-0.9381699032904361,UTI Mid Cap Fund - Regular - Growth
102886,2023-11-28,-1.1639233363331678,UTI Mid Cap Fund - Regular - Growth
102886,2023-11-29,-1.0667005366028568,UTI Mid Cap Fund - Regular - Growth
102886,2023-11-30,-1.5281989267067404,UTI Mid Cap Fund - Regular - Growth
102886,2023-12-01,-1.500456593990099,UTI Mid Cap Fund - Regular - Growth
102886,2023-12-02,-1.500456593990099,UTI Mid Cap Fund - Regular - Growth
102886,2023-12-03,-1.2746735211112339,UTI Mid Cap Fund - Regular - Growth
102886,2023-12-04,-1.510890329530333,UTI Mid Cap Fund - Regular - Growth
102886,2023-12-05,-1.1404608715709244,UTI Mid Cap Fund - Regular - Growth
102886,2023-12-06,-0.6666064697573599,UTI Mid Cap Fund - Regular - Growth
102886,2023-12-07,-0.596761209578027,UTI Mid Cap Fund - Regular - Growth
102886,2023-12-08,-0.3388190988501839,UTI Mid Cap Fund - Regular - Growth
102886,2023-12-09,-0.3388190988501839,UTI Mid Cap Fund - Regular - Growth
102886,2023-12-10,-0.41463488644548385,UTI Mid Cap Fund - Regular - Growth
102886,2023-12-11,-0.39233022495638076,UTI Mid Cap Fund - Regular - Growth
102886,2023-12-12,-0.4534150335050534,UTI Mid Cap Fund - Regular - Growth
102886,2023-12-13,0.06369666562079558,UTI Mid Cap Fund - Regular - Growth
102886,2023-12-14,0.024169509356886675,UTI Mid Cap Fund - Regular - Growth
102886,2023-12-15,-0.27370982802501975,UTI Mid Cap Fund - Regular - Growth
102886,2023-12-16,-0.27370982802501975,UTI Mid Cap Fund - Regular - Growth
102886,2023-12-17,-0.3511937391756613,UTI Mid Cap Fund - Regular - Growth
102886,2023-12-18,-0.4111477969250763,UTI Mid Cap Fund - Regular - Growth
102886,2023-12-19,-0.2204313597102859,UTI Mid Cap Fund - Regular - Growth
102886,2023-12-20,-0.17096072360059947,UTI Mid Cap Fund - Regular - Growth
102886,2023-12-21,-0.20822198508733658,UTI Mid Cap Fund - Regular - Growth
102886,2023-12-22,-0.21619102353498554,UTI Mid Cap Fund - Regular - Growth
102886,2023-12-23,-0.21619102353498554,UTI Mid Cap Fund - Regular - Growth
102886,2023-12-24,-0.6566678576326026,UTI Mid Cap Fund - Regular - Growth
102886,2023-12-25,-0.8451360074134117,UTI Mid Cap Fund - Regular - Growth
102886,2023-12-26,-0.8152549692547375,UTI Mid Cap Fund - Regular - Growth
102886,2023-12-27,-0.6272973071839086,UTI Mid Cap Fund - Regular - Growth
102886,2023-12-28,-0.6056606183034622,UTI Mid Cap Fund - Regular - Growth
102886,2023-12-29,-0.543625359541491,UTI Mid Cap Fund - Regular - Growth
102886,2023-12-30,-0.543625359541491,UTI Mid Cap Fund - Regular - Growth
102886,2023-12-31,-0.5890246261569528,UTI Mid Cap Fund - Regular - Growth
102886,2024-01-01,-0.5839615297839295,UTI Mid Cap Fund - Regular - Growth
102886,2024-01-02,-0.9451745208700532,UTI Mid Cap Fund - Regular - Growth
102886,2024-01-03,-0.9890726457175354,UTI Mid Cap Fund - Regular - Growth
102886,2024-01-04,-0.6145679158721998,UTI Mid Cap Fund - Regular - Growth
102886,2024-01-05,-0.4896492910193966,UTI Mid Cap Fund - Regular - Growth
102886,2024-01-06,-0.4896492910193966,UTI Mid Cap Fund - Regular - Growth
102886,2024-01-07,-0.3075735311198274,UTI Mid Cap Fund - Regular - Growth
102886,2024-01-08,0.27873391622265953,UTI Mid Cap Fund - Regular - Growth
102886,2024-01-09,0.46913414013775867,UTI Mid Cap Fund - Regular - Growth
102886,2024-01-10,0.8611419288838843,UTI Mid Cap Fund - Regular - Growth
102886,2024-01-11,0.6408650605875962,UTI Mid Cap Fund - Regular - Growth
102886,2024-01-12,0.766644954754321,UTI Mid Cap Fund - Regular - Growth
102886,2024-01-13,0.766644954754321,UTI Mid Cap Fund - Regular - Growth
102886,2024-01-14,0.8377194146013405,UTI Mid Cap Fund - Regular - Growth
102886,2024-01-15,0.8304857153168638,UTI Mid Cap Fund - Regular - Growth
102886,2024-01-16,1.2047015680999635,UTI Mid Cap Fund - Regular - Growth
102886,2024-01-17,1.4440163091735818,UTI Mid Cap Fund - Regular - Growth
102886,2024-01-18,1.5838619037271187,UTI Mid Cap Fund - Regular - Growth
102886,2024-01-19,1.8044084292461493,UTI Mid Cap Fund - Regular - Growth
102886,2024-01-20,1.8044084292461493,UTI Mid Cap Fund - Regular - Growth
102886,2024-01-21,1.5890644450385765,UTI Mid Cap Fund - Regular - Growth
102886,2024-01-22,0.8590113843557702,UTI Mid Cap Fund - Regular - Growth
102886,2024-01-23,1.1757773999875665,UTI Mid Cap Fund - Regular - Growth
102886,2024-01-24,1.4249081392184253,UTI Mid Cap Fund - Regular - Growth
102886,2024-01-25,1.9309833493456636,UTI Mid Cap Fund - Regular - Growth
102886,2024-01-26,2.171186761374918,UTI Mid Cap Fund - Regular - Growth
102886,2024-01-27,2.171186761374918,UTI Mid Cap Fund - Regular - Growth
102886,2024-01-28,2.101966668560575,UTI Mid Cap Fund - Regular - Growth
102886,2024-01-29,2.4024778628753864,UTI Mid Cap Fund - Regular - Growth
102886,2024-01-30,2.1612566881387507,UTI Mid Cap Fund - Regular - Growth
102886,2024-01-31,1.7928338451152597,UTI Mid Cap Fund - Regular - Growth
102886,2024-02-01,1.8179413107150253,UTI Mid Cap Fund - Regular - Growth
102886,2024-02-02,1.4993716768141732,UTI Mid Cap Fund - Regular - Growth
102886,2024-02-03,1.4993716768141732,UTI Mid Cap Fund - Regular - Growth
102886,2024-02-04,1.4195698297305235,UTI Mid Cap Fund - Regular - Growth
102886,2024-02-05,1.9253986421109095,UTI Mid Cap Fund - Regular - Growth
102886,2024-02-06,1.7956518821778487,UTI Mid Cap Fund - Regular - Growth
102886,2024-02-07,2.153134000756208,UTI Mid Cap Fund - Regular - Growth
102886,2024-02-08,2.0588327962384643,UTI Mid Cap Fund - Regular - Growth
102886,2024-02-09,2.096542469181333,UTI Mid Cap Fund - Regular - Growth
102886,2024-02-10,2.096542469181333,UTI Mid Cap Fund - Regular - Growth
102886,2024-02-11,2.1629555828879674,UTI Mid Cap Fund - Regular - Growth
102886,2024-02-12,2.2250734126983223,UTI Mid Cap Fund - Regular - Growth
102886,2024-02-13,1.9014503443368689,UTI Mid Cap Fund - Regular - Growth
102886,2024-02-14,2.0872823337959376,UTI Mid Cap Fund - Regular - Growth
102886,2024-02-15,2.1830506137226156,UTI Mid Cap Fund - Regular - Growth
102886,2024-02-16,2.3787958482312606,UTI Mid Cap Fund - Regular - Growth
102886,2024-02-17,2.3787958482312606,UTI Mid Cap Fund - Regular - Growth
102886,2024-02-18,2.3374466540536902,UTI Mid Cap Fund - Regular - Growth
102886,2024-02-19,2.6205621316235996,UTI Mid Cap Fund - Regular - Growth
102886,2024-02-20,2.187426863321752,UTI Mid Cap Fund - Regular - Growth
102886,2024-02-21,1.6684506483826944,UTI Mid Cap Fund - Regular - Growth
102886,2024-02-22,2.129199121575117,UTI Mid Cap Fund - Regular - Growth
102886,2024-02-23,2.4697143004670696,UTI Mid Cap Fund - Regular - Growth
102886,2024-02-24,2.4697143004670696,UTI Mid Cap Fund - Regular - Growth
102886,2024-02-25,2.4159404281027506,UTI Mid Cap Fund - Regular - Growth
102886,2024-02-26,2.62853704290816,UTI Mid Cap Fund - Regular - Growth
102886,2024-02-27,2.6388708570724613,UTI Mid Cap Fund - Regular - Growth
102886,2024-02-28,2.5051536943438033,UTI Mid Cap Fund - Regular - Growth
102886,2024-02-29,2.7292468068349396,UTI Mid Cap Fund - Regular - Growth
102886,2024-03-01,2.63628465609499,UTI Mid Cap Fund - Regular - Growth
102886,2024-03-02,2.63628465609499,UTI Mid Cap Fund - Regular - Growth
102886,2024-03-03,2.508432435747499,UTI Mid Cap Fund - Regular - Growth
102886,2024-03-04,2.6400735642495876,UTI Mid Cap Fund - Regular - Growth
102886,2024-03-05,2.203856260621828,UTI Mid Cap Fund - Regular - Growth
102886,2024-03-06,2.2856445886539114,UTI Mid Cap Fund - Regular - Growth
102886,2024-03-07,2.2797644250976816,UTI Mid Cap Fund - Regular - Growth
102886,2024-03-08,1.8885538532435475,UTI Mid Cap Fund - Regular - Growth
102886,2024-03-09,1.8885538532435475,UTI Mid Cap Fund - Regular - Growth
102886,2024-03-10,1.928964440627138,UTI Mid Cap Fund - Regular - Growth
102886,2024-03-11,2.2407373694358244,UTI Mid Cap Fund - Regular - Growth
102886,2024-03-12,2.4954952169803013,UTI Mid Cap Fund - Regular - Growth
102886,2024-03-13,2.2603856440262438,UTI Mid Cap Fund - Regular - Growth
102886,2024-03-14,2.5502551494370307,UTI Mid Cap Fund - Regular - Growth
102886,2024-03-15,2.813001422481546,UTI Mid Cap Fund - Regular - Growth
102886,2024-03-16,2.813001422481546,UTI Mid Cap Fund - Regular - Growth
102886,2024-03-17,2.770978363315201,UTI Mid Cap Fund - Regular - Growth
102886,2024-03-18,2.682592044983702,UTI Mid Cap Fund - Regular - Growth
102886,2024-03-19,2.712064070800684,UTI Mid Cap Fund - Regular - Growth
102886,2024-03-20,2.971727219638445,UTI Mid Cap Fund - Regular - Growth
102886,2024-03-21,2.6495431068180966,UTI Mid Cap Fund - Regular - Growth
102886,2024-03-22,2.476976113535562,UTI Mid Cap Fund - Regular - Growth
102886,2024-03-23,2.476976113535562,UTI Mid Cap Fund - Regular - Growth
102886,2024-03-24,3.0792896171710704,UTI Mid Cap Fund - Regular - Growth
102886,2024-03-25,3.526990833774157,UTI Mid Cap Fund - Regular - Growth
102886,2024-03-26,2.878151914496077,UTI Mid Cap Fund - Regular - Growth
102886,2024-03-27,2.8467846915933417,UTI Mid Cap Fund - Regular - Growth
102886,2024-03-28,2.7137873066849165,UTI Mid Cap Fund - Regular - Growth
102886,2024-03-29,2.922790298473288,UTI Mid Cap Fund - Regular - Growth
102886,2024-03-30,2.922790298473288,UTI Mid Cap Fund - Regular - Growth
102886,2024-03-31,2.9107471776877056,UTI Mid Cap Fund - Regular - Growth
102886,2024-04-01,3.2619909685701316,UTI Mid Cap Fund - Regular - Growth
102886,2024-04-02,2.921439228941847,UTI Mid Cap Fund - Regular - Growth
102886,2024-04-03,2.6868583857107082,UTI Mid Cap Fund - Regular - Growth
102886,2024-04-04,2.4349036221266895,UTI Mid Cap Fund - Regular - Growth
102886,2024-04-05,2.3990501462629696,UTI Mid Cap Fund - Regular - Growth
102886,2024-04-06,2.3990501462629696,UTI Mid Cap Fund - Regular - Growth
102886,2024-04-07,1.9880072729017066,UTI Mid Cap Fund - Regular - Growth
102886,2024-04-08,1.8331909311035917,UTI Mid Cap Fund - Regular - Growth
102886,2024-04-09,1.5954171254573926,UTI Mid Cap Fund - Regular - Growth
102886,2024-04-10,1.6369950335765735,UTI Mid Cap Fund - Regular - Growth
102886,2024-04-11,1.65839250014002,UTI Mid Cap Fund - Regular - Growth
102886,2024-04-12,1.6707080566759365,UTI Mid Cap Fund - Regular - Growth
102886,2024-04-13,1.6707080566759365,UTI Mid Cap Fund - Regular - Growth
102886,2024-04-14,1.6174288327036532,UTI Mid Cap Fund - Regular - Growth
102886,2024-04-15,1.4125609088598983,UTI Mid Cap Fund - Regular - Growth
102886,2024-04-16,1.7011270116106618,UTI Mid Cap Fund - Regular - Growth
102886,2024-04-17,2.129077977315124,UTI Mid Cap Fund - Regular - Growth
102886,2024-04-18,2.0053191929562018,UTI Mid Cap Fund - Regular - Growth
102886,2024-04-19,1.963783253749017,UTI Mid Cap Fund - Regular - Growth
102886,2024-04-20,1.963783253749017,UTI Mid Cap Fund - Regular - Growth
102886,2024-04-21,2.1511422976794243,UTI Mid Cap Fund - Regular - Growth
102886,2024-04-22,1.828873190591765,UTI Mid Cap Fund - Regular - Growth
102886,2024-04-23,1.8897668526586562,UTI Mid Cap Fund - Regular - Growth
102886,2024-04-24,1.7841170322521207,UTI Mid Cap Fund - Regular - Growth
102886,2024-04-25,1.3910034217795022,UTI Mid Cap Fund - Regular - Growth
102886,2024-04-26,1.2464851963990555,UTI Mid Cap Fund - Regular - Growth
102886,2024-04-27,1.2464851963990555,UTI Mid Cap Fund - Regular - Growth
102886,2024-04-28,1.1103174946918664,UTI Mid Cap Fund - Regular - Growth
102886,2024-04-29,1.3550483207932287,UTI Mid Cap Fund - Regular - Growth
102886,2024-04-30,1.2610863986410996,UTI Mid Cap Fund - Regular - Growth
102886,2024-05-01,1.38396009835734,UTI Mid Cap Fund - Regular - Growth
102886,2024-05-02,1.43202270047625,UTI Mid Cap Fund - Regular - Growth
102886,2024-05-03,1.2099393058949999,UTI Mid Cap Fund - Regular - Growth
102886,2024-05-04,1.2099393058949999,UTI Mid Cap Fund - Regular - Growth
102886,2024-05-05,1.1977535423193288,UTI Mid Cap Fund - Regular - Growth
102886,2024-05-06,1.1994654589621865,UTI Mid Cap Fund - Regular - Growth
102886,2024-05-07,1.1401517471160956,UTI Mid Cap Fund - Regular - Growth
102886,2024-05-08,0.86211934872302,UTI Mid Cap Fund - Regular - Growth
102886,2024-05-09,0.9345513269765731,UTI Mid Cap Fund - Regular - Growth
102886,2024-05-10,1.002217934031142,UTI Mid Cap Fund - Regular - Growth
102886,2024-05-11,1.002217934031142,UTI Mid Cap Fund - Regular - Growth
102886,2024-05-12,1.0478493392728312,UTI Mid Cap Fund - Regular - Growth
102886,2024-05-13,1.574954982370486,UTI Mid Cap Fund - Regular - Growth
102886,2024-05-14,1.4048206542246222,UTI Mid Cap Fund - Regular - Growth
102886,2024-05-15,1.1704011311934028,UTI Mid Cap Fund - Regular - Growth
102886,2024-05-16,0.8103481260486923,UTI Mid Cap Fund - Regular - Growth
102886,2024-05-17,1.0344148320705597,UTI Mid Cap Fund - Regular - Growth
102886,2024-05-18,1.0344148320705597,UTI Mid Cap Fund - Regular - Growth
102886,2024-05-19,0.8937263765931428,UTI Mid Cap Fund - Regular - Growth
102886,2024-05-20,1.1733680294599251,UTI Mid Cap Fund - Regular - Growth
102886,2024-05-21,1.2308255013017144,UTI Mid Cap Fund - Regular - Growth
102886,2024-05-22,1.325597275097255,UTI Mid Cap Fund - Regular - Growth
102886,2024-05-23,0.9022908648313932,UTI Mid Cap Fund - Regular - Growth
102886,2024-05-24,0.9147531778739214,UTI Mid Cap Fund - Regular - Growth
102886,2024-05-25,0.9147531778739214,UTI Mid Cap Fund - Regular - Growth
102886,2024-05-26,0.8163049302043585,UTI Mid Cap Fund - Regular - Growth
102886,2024-05-27,0.46206581444329897,UTI Mid Cap Fund - Regular - Growth
102886,2024-05-28,0.7016863905792553,UTI Mid Cap Fund - Regular - Growth
102886,2024-05-29,0.22857668048001692,UTI Mid Cap Fund - Regular - Growth
102886,2024-05-30,0.2561056548111849,UTI Mid Cap Fund - Regular - Growth
102886,2024-05-31,0.12025863905423358,UTI Mid Cap Fund - Regular - Growth
102886,2024-06-01,0.12025863905423358,UTI Mid Cap Fund - Regular - Growth
102886,2024-06-02,0.05304496294668241,UTI Mid Cap Fund - Regular - Growth
102886,2024-06-03,0.19579111085103576,UTI Mid Cap Fund - Regular - Growth
102886,2024-06-04,0.08191430792872605,UTI Mid Cap Fund - Regular - Growth
102886,2024-06-05,-0.3751880356462038,UTI Mid Cap Fund - Regular - Growth
102886,2024-06-06,0.05228287107176035,UTI Mid Cap Fund - Regular - Growth
102886,2024-06-07,-0.26886056750762666,UTI Mid Cap Fund - Regular - Growth
102886,2024-06-08,-0.26886056750762666,UTI Mid Cap Fund - Regular - Growth
102886,2024-06-09,-0.5968358305055409,UTI Mid Cap Fund - Regular - Growth
102886,2024-06-10,-0.646516971361277,UTI Mid Cap Fund - Regular - Growth
102886,2024-06-11,-0.6821340276234577,UTI Mid Cap Fund - Regular - Growth
102886,2024-06-12,-0.40069820795233785,UTI Mid Cap Fund - Regular - Growth
102886,2024-06-13,-0.6530762386868163,UTI Mid Cap Fund - Regular - Growth
102886,2024-06-14,-0.5824232533465483,UTI Mid Cap Fund - Regular - Growth
102886,2024-06-15,-0.5824232533465483,UTI Mid Cap Fund - Regular - Growth
102886,2024-06-16,-0.6114102732102071,UTI Mid Cap Fund - Regular - Growth
102886,2024-06-17,-0.8722155269736263,UTI Mid Cap Fund - Regular - Growth
102886,2024-06-18,-1.1568326152399595,UTI Mid Cap Fund - Regular - Growth
102886,2024-06-19,-0.8368802571382312,UTI Mid Cap Fund - Regular - Growth
102886,2024-06-20,-0.5322471444824052,UTI Mid Cap Fund - Regular - Growth
102886,2024-06-21,-0.540616064636094,UTI Mid Cap Fund - Regular - Growth
102886,2024-06-22,-0.540616064636094,UTI Mid Cap Fund - Regular - Growth
102886,2024-06-23,-0.6581926577835964,UTI Mid Cap Fund - Regular - Growth
102886,2024-06-24,-0.24053848700162309,UTI Mid Cap Fund - Regular - Growth
102886,2024-06-25,-0.3660500665778861,UTI Mid Cap Fund - Regular - Growth
102886,2024-06-26,-0.3094580305959966,UTI Mid Cap Fund - Regular - Growth
102886,2024-06-27,-0.6622065766272096,UTI Mid Cap Fund - Regular - Growth
102886,2024-06-28,-0.8215396348783117,UTI Mid Cap Fund - Regular - Growth
102886,2024-06-29,-0.8215396348783117,UTI Mid Cap Fund - Regular - Growth
102886,2024-06-30,-1.0175358777561687,UTI Mid Cap Fund - Regular - Growth
102886,2024-07-01,-0.5788229012067425,UTI Mid Cap Fund - Regular - Growth
102886,2024-07-02,-0.3052284384005785,UTI Mid Cap Fund - Regular - Growth
102886,2024-07-03,-0.06078213201868984,UTI Mid Cap Fund - Regular - Growth
102886,2024-07-04,-0.030952880018629003,UTI Mid Cap Fund - Regular - Growth
102886,2024-07-05,0.0914093518919449,UTI Mid Cap Fund - Regular - Growth
102886,2024-07-06,0.0914093518919449,UTI Mid Cap Fund - Regular - Growth
102886,2024-07-07,0.36625435740863765,UTI Mid Cap Fund - Regular - Growth
102886,2024-07-08,0.3112424997522028,UTI Mid Cap Fund - Regular - Growth
102886,2024-07-09,0.5231245450676176,UTI Mid Cap Fund - Regular - Growth
102886,2024-07-10,0.41187835733812533,UTI Mid Cap Fund - Regular - Growth
102886,2024-07-11,0.7178419382860579,UTI Mid Cap Fund - Regular - Growth
102886,2024-07-12,0.4114691844224104,UTI Mid Cap Fund - Regular - Growth
102886,2024-07-13,0.4114691844224104,UTI Mid Cap Fund - Regular - Growth
102886,2024-07-14,0.6537707305778827,UTI Mid Cap Fund - Regular - Growth
102886,2024-07-15,0.21041718892226055,UTI Mid Cap Fund - Regular - Growth
102886,2024-07-16,-0.08396835767114243,UTI Mid Cap Fund - Regular - Growth
102886,2024-07-17,-0.5789022567684257,UTI Mid Cap Fund - Regular - Growth
102886,2024-07-18,-0.13828722462440743,UTI Mid Cap Fund - Regular - Growth
102886,2024-07-19,-0.05706271482717799,UTI Mid Cap Fund - Regular - Growth
102886,2024-07-20,-0.05706271482717799,UTI Mid Cap Fund - Regular - Growth
102886,2024-07-21,0.20385345822908804,UTI Mid Cap Fund - Regular - Growth
102886,2024-07-22,0.1739393173555061,UTI Mid Cap Fund - Regular - Growth
102886,2024-07-23,0.25142109027514414,UTI Mid Cap Fund - Regular - Growth
102886,2024-07-24,0.5749864049496478,UTI Mid Cap Fund - Regular - Growth
102886,2024-07-25,0.1661401344419665,UTI Mid Cap Fund - Regular - Growth
102886,2024-07-26,0.2171714050442903,UTI Mid Cap Fund - Regular - Growth
102886,2024-07-27,0.2171714050442903,UTI Mid Cap Fund - Regular - Growth
102886,2024-07-28,0.08863787737308251,UTI Mid Cap Fund - Regular - Growth
102886,2024-07-29,0.44095740865673233,UTI Mid Cap Fund - Regular - Growth
102886,2024-07-30,0.3219976370938463,UTI Mid Cap Fund - Regular - Growth
102886,2024-07-31,0.13311024147890724,UTI Mid Cap Fund - Regular - Growth
102886,2024-08-01,0.49831441802453935,UTI Mid Cap Fund - Regular - Growth
102886,2024-08-02,0.20091644571542855,UTI Mid Cap Fund - Regular - Growth
102886,2024-08-03,0.2009164457154286,UTI Mid Cap Fund - Regular - Growth
102886,2024-08-04,0.3643492576331068,UTI Mid Cap Fund - Regular - Growth
102886,2024-08-05,0.6292468920742442,UTI Mid Cap Fund - Regular - Growth
102886,2024-08-06,1.1363343815156657,UTI Mid Cap Fund - Regular - Growth
102886,2024-08-07,1.3389410840537355,UTI Mid Cap Fund - Regular - Growth
102886,2024-08-08,1.2853358012350307,UTI Mid Cap Fund - Regular - Growth
102886,2024-08-09,1.471493684937307,UTI Mid Cap Fund - Regular - Growth
102886,2024-08-10,1.471493684937307,UTI Mid Cap Fund - Regular - Growth
102886,2024-08-11,1.2376608601662844,UTI Mid Cap Fund - Regular - Growth
102886,2024-08-12,1.189280495320372,UTI Mid Cap Fund - Regular - Growth
102886,2024-08-13,1.510553214621231,UTI Mid Cap Fund - Regular - Growth
102886,2024-08-14,1.182529925346096,UTI Mid Cap Fund - Regular - Growth
102886,2024-08-15,1.1608343390885743,UTI Mid Cap Fund - Regular - Growth
102886,2024-08-16,1.3235179197433629,UTI Mid Cap Fund - Regular - Growth
102886,2024-08-17,1.3235179197433629,UTI Mid Cap Fund - Regular - Growth
102886,2024-08-18,1.1985147128558051,UTI Mid Cap Fund - Regular - Growth
102886,2024-08-19,1.2791704496629728,UTI Mid Cap Fund - Regular - Growth
102886,2024-08-20,0.9797568064998989,UTI Mid Cap Fund - Regular - Growth
102886,2024-08-21,1.0148384849472152,UTI Mid Cap Fund - Regular - Growth
102886,2024-08-22,1.0801924244204435,UTI Mid Cap Fund - Regular - Growth
102886,2024-08-23,1.358488209351111,UTI Mid Cap Fund - Regular - Growth
102886,2024-08-24,1.358488209351111,UTI Mid Cap Fund - Regular - Growth
102886,2024-08-25,1.4891312533096692,UTI Mid Cap Fund - Regular - Growth
102886,2024-08-26,1.2428513619890382,UTI Mid Cap Fund - Regular - Growth
102886,2024-08-27,1.063665930584288,UTI Mid Cap Fund - Regular - Growth
102886,2024-08-28,1.61193565440958,UTI Mid Cap Fund - Regular - Growth
102886,2024-08-29,1.8972609249206884,UTI Mid Cap Fund - Regular - Growth
102886,2024-08-30,1.822970557618278,UTI Mid Cap Fund - Regular - Growth
102886,2024-08-31,1.822970557618278,UTI Mid Cap Fund - Regular - Growth
102886,2024-09-01,1.7549580523826542,UTI Mid Cap Fund - Regular - Growth
102886,2024-09-02,1.9088799833072048,UTI Mid Cap Fund - Regular - Growth
102886,2024-09-03,2.3511669577663037,UTI Mid Cap Fund - Regular - Growth
102886,2024-09-04,2.3682764672915115,UTI Mid Cap Fund - Regular - Growth
102886,2024-09-05,2.623322196797311,UTI Mid Cap Fund - Regular - Growth
102886,2024-09-06,2.7730220708272735,UTI Mid Cap Fund - Regular - Growth
102886,2024-09-07,2.7730220708272735,UTI Mid Cap Fund - Regular - Growth
102886,2024-09-08,2.374827196605587,UTI Mid Cap Fund - Regular - Growth
102886,2024-09-09,2.7184311497378877,UTI Mid Cap Fund - Regular - Growth
102886,2024-09-10,2.0626999089252323,UTI Mid Cap Fund - Regular - Growth
102886,2024-09-11,2.067683767128465,UTI Mid Cap Fund - Regular - Growth
102886,2024-09-12,2.0796370354083913,UTI Mid Cap Fund - Regular - Growth
102886,2024-09-13,2.149755145853908,UTI Mid Cap Fund - Regular - Growth
102886,2024-09-14,2.149755145853908,UTI Mid Cap Fund - Regular - Growth
102886,2024-09-15,2.422216383511183,UTI Mid Cap Fund - Regular - Growth
102886,2024-09-16,2.256756316601288,UTI Mid Cap Fund - Regular - Growth
102886,2024-09-17,2.484073215086478,UTI Mid Cap Fund - Regular - Growth
102886,2024-09-18,2.3352698949774577,UTI Mid Cap Fund - Regular - Growth
102886,2024-09-19,2.355076497931168,UTI Mid Cap Fund - Regular - Growth
102886,2024-09-20,2.4363459804320735,UTI Mid Cap Fund - Regular - Growth
102886,2024-09-21,2.4363459804320735,UTI Mid Cap Fund - Regular - Growth
102886,2024-09-22,2.394940387179053,UTI Mid Cap Fund - Regular - Growth
102886,2024-09-23,2.5696598203872245,UTI Mid Cap Fund - Regular - Growth
102886,2024-09-24,2.2573511198841802,UTI Mid Cap Fund - Regular - Growth
102886,2024-09-25,2.4000516057959183,UTI Mid Cap Fund - Regular - Growth
102886,2024-09-26,2.616326520858443,UTI Mid Cap Fund - Regular - Growth
102886,2024-09-27,2.5446566431221487,UTI Mid Cap Fund - Regular - Growth
102886,2024-09-28,2.5446566431221487,UTI Mid Cap Fund - Regular - Growth
102886,2024-09-29,2.502431112898739,UTI Mid Cap Fund - Regular - Growth
102886,2024-09-30,2.3944041079464564,UTI Mid Cap Fund - Regular - Growth
102886,2024-10-01,1.5259946509855398,UTI Mid Cap Fund - Regular - Growth
102886,2024-10-02,1.775488937480216,UTI Mid Cap Fund - Regular - Growth
102886,2024-10-03,1.8664047679608609,UTI Mid Cap Fund - Regular - Growth
102886,2024-10-04,1.5911574836034328,UTI Mid Cap Fund - Regular - Growth
102886,2024-10-05,1.5911574836034328,UTI Mid Cap Fund - Regular - Growth
102886,2024-10-06,1.5325958106095294,UTI Mid Cap Fund - Regular - Growth
102886,2024-10-07,1.375946850163333,UTI Mid Cap Fund - Regular - Growth
102886,2024-10-08,1.607899715405449,UTI Mid Cap Fund - Regular - Growth
102886,2024-10-09,1.1544513073922493,UTI Mid Cap Fund - Regular - Growth
102886,2024-10-10,1.4923599953725144,UTI Mid Cap Fund - Regular - Growth
102886,2024-10-11,1.4049057437675765,UTI Mid Cap Fund - Regular - Growth
102886,2024-10-12,1.4049057437675765,UTI Mid Cap Fund - Regular - Growth
102886,2024-10-13,1.4571085081541897,UTI Mid Cap Fund - Regular - Growth
102886,2024-10-14,1.470732308746145,UTI Mid Cap Fund - Regular - Growth
102886,2024-10-15,1.8192920350474016,UTI Mid Cap Fund - Regular - Growth
102886,2024-10-16,1.504652718880574,UTI Mid Cap Fund - Regular - Growth
102886,2024-10-17,1.5307957213610723,UTI Mid Cap Fund - Regular - Growth
102886,2024-10-18,1.4404431339588575,UTI Mid Cap Fund - Regular - Growth
102886,2024-10-19,1.4404431339588575,UTI Mid Cap Fund - Regular - Growth
102886,2024-10-20,1.243848487552287,UTI Mid Cap Fund - Regular - Growth
102886,2024-10-21,0.6502359584509493,UTI Mid Cap Fund - Regular - Growth
102886,2024-10-22,0.38196269323621557,UTI Mid Cap Fund - Regular - Growth
102886,2024-10-23,0.6296041970377477,UTI Mid Cap Fund - Regular - Growth
102886,2024-10-24,0.27026930222325785,UTI Mid Cap Fund - Regular - Growth
102886,2024-10-25,0.35539343017590885,UTI Mid Cap Fund - Regular - Growth
102886,2024-10-26,0.35539343017590885,UTI Mid Cap Fund - Regular - Growth
102886,2024-10-27,0.3017450459015114,UTI Mid Cap Fund - Regular - Growth
102886,2024-10-28,0.48736847598065997,UTI Mid Cap Fund - Regular - Growth
102886,2024-10-29,0.9371439634538157,UTI Mid Cap Fund - Regular - Growth
102886,2024-10-30,0.9489818467418238,UTI Mid Cap Fund - Regular - Growth
102886,2024-10-31,1.3721795290630914,UTI Mid Cap Fund - Regular - Growth
102886,2024-11-01,1.4670765553462473,UTI Mid Cap Fund - Regular - Growth
102886,2024-11-02,1.4670765553462473,UTI Mid Cap Fund - Regular - Growth
102886,2024-11-03,1.0579228791290618,UTI Mid Cap Fund - Regular - Growth
102886,2024-11-04,0.7861403850797062,UTI Mid Cap Fund - Regular - Growth
102886,2024-11-05,0.6274093564035806,UTI Mid Cap Fund - Regular - Growth
102886,2024-11-06,0.6683942043031041,UTI Mid Cap Fund - Regular - Growth
102886,2024-11-07,0.9503691980385862,UTI Mid Cap Fund - Regular - Growth
102886,2024-11-08,0.9638025531235663,UTI Mid Cap Fund - Regular - Growth
102886,2024-11-09,0.9638025531235663,UTI Mid Cap Fund - Regular - Growth
102886,2024-11-10,0.9409375556662931,UTI Mid Cap Fund - Regular - Growth
102886,2024-11-11,0.8156390571213591,UTI Mid Cap Fund - Regular - Growth
102886,2024-11-12,1.2600671070768872,UTI Mid Cap Fund - Regular - Growth
102886,2024-11-13,1.08404970492706,UTI Mid Cap Fund - Regular - Growth
102886,2024-11-14,0.936840715589586,UTI Mid Cap Fund - Regular - Growth
102886,2024-11-15,0.8527125118304815,UTI Mid Cap Fund - Regular - Growth
102886,2024-11-16,0.8527125118304815,UTI Mid Cap Fund - Regular - Growth
102886,2024-11-17,0.8742625118935912,UTI Mid Cap Fund - Regular - Growth
102886,2024-11-18,1.0037737961267719,UTI Mid Cap Fund - Regular - Growth
102886,2024-11-19,1.2031557869991956,UTI Mid Cap Fund - Regular - Growth
102886,2024-11-20,1.048662414065149,UTI Mid Cap Fund - Regular - Growth
102886,2024-11-21,0.971539415149496,UTI Mid Cap Fund - Regular - Growth
102886,2024-11-22,1.136848783229824,UTI Mid Cap Fund - Regular - Growth
102886,2024-11-23,1.1368487832298237,UTI Mid Cap Fund - Regular - Growth
102886,2024-11-24,1.2443302224608817,UTI Mid Cap Fund - Regular - Growth
102886,2024-11-25,1.4488030739920181,UTI Mid Cap Fund - Regular - Growth
102886,2024-11-26,0.7052878082252926,UTI Mid Cap Fund - Regular - Growth
102886,2024-11-27,0.6539508905861494,UTI Mid Cap Fund - Regular - Growth
102886,2024-11-28,0.6066727113007946,UTI Mid Cap Fund - Regular - Growth
102886,2024-11-29,0.37082815762396953,UTI Mid Cap Fund - Regular - Growth
102886,2024-11-30,0.37082815762396953,UTI Mid Cap Fund - Regular - Growth
102886,2024-12-01,0.07897573295145324,UTI Mid Cap Fund - Regular - Growth
102886,2024-12-02,0.2620783379234068,UTI Mid Cap Fund - Regular - Growth
102886,2024-12-03,-0.07535029870459019,UTI Mid Cap Fund - Regular - Growth
102886,2024-12-04,-0.30865590052673286,UTI Mid Cap Fund - Regular - Growth
102886,2024-12-05,-0.638115476391551,UTI Mid Cap Fund - Regular - Growth
102886,2024-12-06,-0.5721149110562026,UTI Mid Cap Fund - Regular - Growth
102886,2024-12-07,-0.5721149110562026,UTI Mid Cap Fund - Regular - Growth
102886,2024-12-08,-0.844831747335799,UTI Mid Cap Fund - Regular - Growth
102886,2024-12-09,-0.4477117196287525,UTI Mid Cap Fund - Regular - Growth
102886,2024-12-10,-0.04884856342786221,UTI Mid Cap Fund - Regular - Growth
102886,2024-12-11,-0.28955284256868336,UTI Mid Cap Fund - Regular - Growth
102886,2024-12-12,-0.29638761795350843,UTI Mid Cap Fund - Regular - Growth
102886,2024-12-13,-0.02594942179730789,UTI Mid Cap Fund - Regular - Growth
102886,2024-12-14,-0.025949421797307883,UTI Mid Cap Fund - Regular - Growth
102886,2024-12-15,-0.04887956843402889,UTI Mid Cap Fund - Regular - Growth
102886,2024-12-16,-0.4679992610876578,UTI Mid Cap Fund - Regular - Growth
102886,2024-12-17,-0.25905921757103945,UTI Mid Cap Fund - Regular - Growth
102886,2024-12-18,-0.6484845188481547,UTI Mid Cap Fund - Regular - Growth
102886,2024-12-19,-0.31952750915622197,UTI Mid Cap Fund - Regular - Growth
102886,2024-12-20,-0.09350711903607899,UTI Mid Cap Fund - Regular - Growth
102886,2024-12-21,-0.09350711903607899,UTI Mid Cap Fund - Regular - Growth
102886,2024-12-22,-0.06786251089234172,UTI Mid Cap Fund - Regular - Growth
102886,2024-12-23,0.0800467668422182,UTI Mid Cap Fund - Regular - Growth
102886,2024-12-24,0.21101461728935023,UTI Mid Cap Fund - Regular - Growth
102886,2024-12-25,0.4376073463428419,UTI Mid Cap Fund - Regular - Growth
102886,2024-12-26,0.2436344887136907,UTI Mid Cap Fund - Regular - Growth
102886,2024-12-27,0.1313523720378976,UTI Mid Cap Fund - Regular - Growth
102886,2024-12-28,0.1313523720378976,UTI Mid Cap Fund - Regular - Growth
102886,2024-12-29,0.14700658178580542,UTI Mid Cap Fund - Regular - Growth
102886,2024-12-30,1.140279826438013,UTI Mid Cap Fund - Regular - Growth
102886,2024-12-31,0.8994093251040659,UTI Mid Cap Fund - Regular - Growth
102886,2025-01-01,0.799693428112555,UTI Mid Cap Fund - Regular - Growth
102886,2025-01-02,1.130472957218861,UTI Mid Cap Fund - Regular - Growth
102886,2025-01-03,1.3373494611219354,UTI Mid Cap Fund - Regular - Growth
102886,2025-01-04,1.3373494611219354,UTI Mid Cap Fund - Regular - Growth
102886,2025-01-05,1.482933386401463,UTI Mid Cap Fund - Regular - Growth
102886,2025-01-06,1.2905726977357264,UTI Mid Cap Fund - Regular - Growth
102886,2025-01-07,1.6005573761217797,UTI Mid Cap Fund - Regular - Growth
102886,2025-01-08,0.9646375245489119,UTI Mid Cap Fund - Regular - Growth
102886,2025-01-09,1.217508139615022,UTI Mid Cap Fund - Regular - Growth
102886,2025-01-10,1.3880686592477007,UTI Mid Cap Fund - Regular - Growth
102886,2025-01-11,1.3880686592477007,UTI Mid Cap Fund - Regular - Growth
102886,2025-01-12,1.2853969041849258,UTI Mid Cap Fund - Regular - Growth
102886,2025-01-13,0.9854095624706872,UTI Mid Cap Fund - Regular - Growth
102886,2025-01-14,0.7823600792675801,UTI Mid Cap Fund - Regular - Growth
102886,2025-01-15,0.8098596251096476,UTI Mid Cap Fund - Regular - Growth
102886,2025-01-16,0.9611166851627844,UTI Mid Cap Fund - Regular - Growth
102886,2025-01-17,0.5301130542483264,UTI Mid Cap Fund - Regular - Growth
102886,2025-01-18,0.5301130542483266,UTI Mid Cap Fund - Regular - Growth
102886,2025-01-19,0.9149795253694859,UTI Mid Cap Fund - Regular - Growth
102886,2025-01-20,0.93914724129331,UTI Mid Cap Fund - Regular - Growth
102886,2025-01-21,1.2446493813221524,UTI Mid Cap Fund - Regular - Growth
102886,2025-01-22,1.775886138552817,UTI Mid Cap Fund - Regular - Growth
102886,2025-01-23,1.5593044174550228,UTI Mid Cap Fund - Regular - Growth
102886,2025-01-24,1.538691937161548,UTI Mid Cap Fund - Regular - Growth
102886,2025-01-25,1.538691937161548,UTI Mid Cap Fund - Regular - Growth
102886,2025-01-26,1.565075338990821,UTI Mid Cap Fund - Regular - Growth
102886,2025-01-27,1.2829357647051876,UTI Mid Cap Fund - Regular - Growth
102886,2025-01-28,1.4441131535172873,UTI Mid Cap Fund - Regular - Growth
102886,2025-01-29,1.322087955685622,UTI Mid Cap Fund - Regular - Growth
102886,2025-01-30,1.0833900924219277,UTI Mid Cap Fund - Regular - Growth
102886,2025-01-31,0.834414022980978,UTI Mid Cap Fund - Regular - Growth
102886,2025-02-01,0.834414022980978,UTI Mid Cap Fund - Regular - Growth
102886,2025-02-02,1.0417626206963586,UTI Mid Cap Fund - Regular - Growth
102886,2025-02-03,0.6330817265459466,UTI Mid Cap Fund - Regular - Growth
102886,2025-02-04,0.9547629856963348,UTI Mid Cap Fund - Regular - Growth
102886,2025-02-05,0.470096977955549,UTI Mid Cap Fund - Regular - Growth
102886,2025-02-06,0.3804137295004323,UTI Mid Cap Fund - Regular - Growth
102886,2025-02-07,0.3459729073675742,UTI Mid Cap Fund - Regular - Growth
102886,2025-02-08,0.3459729073675742,UTI Mid Cap Fund - Regular - Growth
102886,2025-02-09,0.2498711469407654,UTI Mid Cap Fund - Regular - Growth
102886,2025-02-10,0.1324353105269408,UTI Mid Cap Fund - Regular - Growth
102886,2025-02-11,0.09831531450907918,UTI Mid Cap Fund - Regular - Growth
102886,2025-02-12,0.11002703302913605,UTI Mid Cap Fund - Regular - Growth
102886,2025-02-13,0.2084901128438025,UTI Mid Cap Fund - Regular - Growth
102886,2025-02-14,-0.05321070197058275,UTI Mid Cap Fund - Regular - Growth
102886,2025-02-15,-0.05321070197058274,UTI Mid Cap Fund - Regular - Growth
102886,2025-02-16,-0.10390009780627463,UTI Mid Cap Fund - Regular - Growth
102886,2025-02-17,-0.04455861843951345,UTI Mid Cap Fund - Regular - Growth
102886,2025-02-18,-0.07312398170306111,UTI Mid Cap Fund - Regular - Growth
102886,2025-02-19,-0.39724565667343087,UTI Mid Cap Fund - Regular - Growth
102886,2025-02-20,-0.7058561580092197,UTI Mid Cap Fund - Regular - Growth
102886,2025-02-21,-0.913614682050485,UTI Mid Cap Fund - Regular - Growth
102886,2025-02-22,-0.913614682050485,UTI Mid Cap Fund - Regular - Growth
102886,2025-02-23,-0.7409318056388247,UTI Mid Cap Fund - Regular - Growth
102886,2025-02-24,-0.4780639437659292,UTI Mid Cap Fund - Regular - Growth
102886,2025-02-25,-0.37787419521070187,UTI Mid Cap Fund - Regular - Growth
102886,2025-02-26,-0.406414679474771,UTI Mid Cap Fund - Regular - Growth
102886,2025-02-27,-0.5657464376916531,UTI Mid Cap Fund - Regular - Growth
102886,2025-02-28,-0.7651602909724902,UTI Mid Cap Fund - Regular - Growth
102886,2025-03-01,-0.7651602909724902,UTI Mid Cap Fund - Regular - Growth
102886,2025-03-02,-1.1751615224790695,UTI Mid Cap Fund - Regular - Growth
102886,2025-03-03,-1.0693212404832224,UTI Mid Cap Fund - Regular - Growth
102886,2025-03-04,-1.0129800200467085,UTI Mid Cap Fund - Regular - Growth
102886,2025-03-05,-0.9745578808994699,UTI Mid Cap Fund - Regular - Growth
102886,2025-03-06,-1.145532754466832,UTI Mid Cap Fund - Regular - Growth
102886,2025-03-07,-1.1365041615641591,UTI Mid Cap Fund - Regular - Growth
102886,2025-03-08,-1.1365041615641591,UTI Mid Cap Fund - Regular - Growth
102886,2025-03-09,-1.1653543630405447,UTI Mid Cap Fund - Regular - Growth
102886,2025-03-10,-1.943361311528832,UTI Mid Cap Fund - Regular - Growth
102886,2025-03-11,-1.6388441735543957,UTI Mid Cap Fund - Regular - Growth
102886,2025-03-12,-1.2799271877154048,UTI Mid Cap Fund - Regular - Growth
102886,2025-03-13,-1.2044948250063647,UTI Mid Cap Fund - Regular - Growth
102886,2025-03-14,-1.315968635274535,UTI Mid Cap Fund - Regular - Growth
102886,2025-03-15,-1.3159686352745354,UTI Mid Cap Fund - Regular - Growth
102886,2025-03-16,-1.1891349246055918,UTI Mid Cap Fund - Regular - Growth
102886,2025-03-17,-1.1973761117349548,UTI Mid Cap Fund - Regular - Growth
102886,2025-03-18,-0.699911994509449,UTI Mid Cap Fund - Regular - Growth
102886,2025-03-19,-1.1392667409811776,UTI Mid Cap Fund - Regular - Growth
102886,2025-03-20,-1.3423961072474548,UTI Mid Cap Fund - Regular - Growth
102886,2025-03-21,-1.163602977233601,UTI Mid Cap Fund - Regular - Growth
102886,2025-03-22,-1.1636029772336012,UTI Mid Cap Fund - Regular - Growth
102886,2025-03-23,-1.0238931140771723,UTI Mid Cap Fund - Regular - Growth
102886,2025-03-24,-1.010409302378671,UTI Mid Cap Fund - Regular - Growth
102886,2025-03-25,-1.5247368880422558,UTI Mid Cap Fund - Regular - Growth
102886,2025-03-26,-1.0561929260949066,UTI Mid Cap Fund - Regular - Growth
102886,2025-03-27,-0.505059409948829,UTI Mid Cap Fund - Regular - Growth
102886,2025-03-28,-0.28681249893029515,UTI Mid Cap Fund - Regular - Growth
102886,2025-03-29,-0.28681249893029515,UTI Mid Cap Fund - Regular - Growth
102886,2025-03-30,-0.6192785558940778,UTI Mid Cap Fund - Regular - Growth
102886,2025-03-31,-0.2695500226109999,UTI Mid Cap Fund - Regular - Growth
102886,2025-04-01,-0.8957826392384426,UTI Mid Cap Fund - Regular - Growth
102886,2025-04-02,-0.7796486339373649,UTI Mid Cap Fund - Regular - Growth
102886,2025-04-03,-0.9211704380878184,UTI Mid Cap Fund - Regular - Growth
102886,2025-04-04,-0.6794064853239822,UTI Mid Cap Fund - Regular - Growth
102886,2025-04-05,-0.6794064853239822,UTI Mid Cap Fund - Regular - Growth
102886,2025-04-06,-0.8034048994964686,UTI Mid Cap Fund - Regular - Growth
102886,2025-04-07,-1.0564213749141107,UTI Mid Cap Fund - Regular - Growth
102886,2025-04-08,-0.7464836148719013,UTI Mid Cap Fund - Regular - Growth
102886,2025-04-09,-0.6863257407486757,UTI Mid Cap Fund - Regular - Growth
102886,2025-04-10,-1.0731625925382615,UTI Mid Cap Fund - Regular - Growth
102886,2025-04-11,-1.0071267158009487,UTI Mid Cap Fund - Regular - Growth
102886,2025-04-12,-1.0071267158009487,UTI Mid Cap Fund - Regular - Growth
102886,2025-04-13,-0.7604802575694899,UTI Mid Cap Fund - Regular - Growth
102886,2025-04-14,-0.5139672288617851,UTI Mid Cap Fund - Regular - Growth
102886,2025-04-15,-0.6746281539923631,UTI Mid Cap Fund - Regular - Growth
102886,2025-04-16,-0.5881892769472971,UTI Mid Cap Fund - Regular - Growth
102886,2025-04-17,-0.41013515408973,UTI Mid Cap Fund - Regular - Growth
102886,2025-04-18,-0.5708556079907243,UTI Mid Cap Fund - Regular - Growth
102886,2025-04-19,-0.5708556079907243,UTI Mid Cap Fund - Regular - Growth
102886,2025-04-20,-0.4009517113106211,UTI Mid Cap Fund - Regular - Growth
102886,2025-04-21,-0.5045511719379957,UTI Mid Cap Fund - Regular - Growth
102886,2025-04-22,-0.9244912175826756,UTI Mid Cap Fund - Regular - Growth
102886,2025-04-23,-0.5057985965570753,UTI Mid Cap Fund - Regular - Growth
102886,2025-04-24,-0.6471604191020325,UTI Mid Cap Fund - Regular - Growth
102886,2025-04-25,-0.4563932338434024,UTI Mid Cap Fund - Regular - Growth
102886,2025-04-26,-0.4563932338434024,UTI Mid Cap Fund - Regular - Growth
102886,2025-04-27,-0.27769078268738845,UTI Mid Cap Fund - Regular - Growth
102886,2025-04-28,-0.7757874599730171,UTI Mid Cap Fund - Regular - Growth
102886,2025-04-29,-0.653028705962018,UTI Mid Cap Fund - Regular - Growth
102886,2025-04-30,-0.845705488774162,UTI Mid Cap Fund - Regular - Growth
102886,2025-05-01,-0.279395773797965,UTI Mid Cap Fund - Regular - Growth
102886,2025-05-02,-0.018650212964392975,UTI Mid Cap Fund - Regular - Growth
102886,2025-05-03,-0.018650212964392975,UTI Mid Cap Fund - Regular - Growth
102886,2025-05-04,0.24202800828896556,UTI Mid Cap Fund - Regular - Growth
102886,2025-05-05,-0.2836164174184388,UTI Mid Cap Fund - Regular - Growth
102886,2025-05-06,-0.42649973877719194,UTI Mid Cap Fund - Regular - Growth
102886,2025-05-07,-0.23524655934266905,UTI Mid Cap Fund - Regular - Growth
102886,2025-05-08,-0.5146684122840153,UTI Mid Cap Fund - Regular - Growth
102886,2025-05-09,-0.4947304292502668,UTI Mid Cap Fund - Regular - Growth
102886,2025-05-10,-0.4947304292502668,UTI Mid Cap Fund - Regular - Growth
102886,2025-05-11,-0.37096319324616456,UTI Mid Cap Fund - Regular - Growth
102886,2025-05-12,-0.521060149528252,UTI Mid Cap Fund - Regular - Growth
102886,2025-05-13,-0.5839159738992128,UTI Mid Cap Fund - Regular - Growth
102886,2025-05-14,-0.7250563978229019,UTI Mid Cap Fund - Regular - Growth
102886,2025-05-15,-0.6300429555008397,UTI Mid Cap Fund - Regular - Growth
102886,2025-05-16,-0.23428613639718857,UTI Mid Cap Fund - Regular - Growth
102886,2025-05-17,-0.23428613639718857,UTI Mid Cap Fund - Regular - Growth
102886,2025-05-18,-0.44078074559758096,UTI Mid Cap Fund - Regular - Growth
102886,2025-05-19,-0.15354134804382247,UTI Mid Cap Fund - Regular - Growth
102886,2025-05-20,-0.3225725517899066,UTI Mid Cap Fund - Regular - Growth
102886,2025-05-21,-0.3578229062586493,UTI Mid Cap Fund - Regular - Growth
102886,2025-05-22,0.04387930697995506,UTI Mid Cap Fund - Regular - Growth
102886,2025-05-23,0.2589035821407639,UTI Mid Cap Fund - Regular - Growth
102886,2025-05-24,0.2589035821407639,UTI Mid Cap Fund - Regular - Growth
102886,2025-05-25,0.19122284400849748,UTI Mid Cap Fund - Regular - Growth
102886,2025-05-26,-0.2824315762318668,UTI Mid Cap Fund - Regular - Growth
102886,2025-05-27,0.012926615376036413,UTI Mid Cap Fund - Regular - Growth
102886,2025-05-28,0.45745869891033714,UTI Mid Cap Fund - Regular - Growth
102886,2025-05-29,0.2609226726521557,UTI Mid Cap Fund - Regular - Growth
102886,2025-05-30,0.1886606905436718,UTI Mid Cap Fund - Regular - Growth
102886,2025-05-31,0.1886606905436718,UTI Mid Cap Fund - Regular - Growth
102886,2025-06-01,0.2703469902349816,UTI Mid Cap Fund - Regular - Growth
102886,2025-06-02,0.502298349814344,UTI Mid Cap Fund - Regular - Growth
102886,2025-06-03,0.6398968914139241,UTI Mid Cap Fund - Regular - Growth
102886,2025-06-04,0.47399559413763764,UTI Mid Cap Fund - Regular - Growth
102886,2025-06-05,0.31719649945362854,UTI Mid Cap Fund - Regular - Growth
102886,2025-06-06,0.19922467041320377,UTI Mid Cap Fund - Regular - Growth
102886,2025-06-07,0.19922467041320377,UTI Mid Cap Fund - Regular - Growth
102886,2025-06-08,0.4945888938779068,UTI Mid Cap Fund - Regular - Growth
102886,2025-06-09,0.25954816369378597,UTI Mid Cap Fund - Regular - Growth
102886,2025-06-10,-0.2084852546935475,UTI Mid Cap Fund - Regular - Growth
102886,2025-06-11,-0.5593539761208086,UTI Mid Cap Fund - Regular - Growth
102886,2025-06-12,-0.36313297530579924,UTI Mid Cap Fund - Regular - Growth
102886,2025-06-13,0.04335068745483815,UTI Mid Cap Fund - Regular - Growth
102886,2025-06-14,0.043350687454838166,UTI Mid Cap Fund - Regular - Growth
102886,2025-06-15,-0.1129302874888378,UTI Mid Cap Fund - Regular - Growth
102886,2025-06-16,-0.04320991376623665,UTI Mid Cap Fund - Regular - Growth
102886,2025-06-17,0.24649136418831644,UTI Mid Cap Fund - Regular - Growth
102886,2025-06-18,0.10792643825824236,UTI Mid Cap Fund - Regular - Growth
102886,2025-06-19,-0.24606621222848155,UTI Mid Cap Fund - Regular - Growth
102886,2025-06-20,-0.06467034517903088,UTI Mid Cap Fund - Regular - Growth
102886,2025-06-21,-0.06467034517903088,UTI Mid Cap Fund - Regular - Growth
102886,2025-06-22,-0.2637724645039772,UTI Mid Cap Fund - Regular - Growth
102886,2025-06-23,-0.09772585871092729,UTI Mid Cap Fund - Regular - Growth
102886,2025-06-24,-0.10143786564490909,UTI Mid Cap Fund - Regular - Growth
102886,2025-06-25,-0.6556628702582169,UTI Mid Cap Fund - Regular - Growth
102886,2025-06-26,-0.7089147563121576,UTI Mid Cap Fund - Regular - Growth
102886,2025-06-27,-0.7345577700697423,UTI Mid Cap Fund - Regular - Growth
102886,2025-06-28,-0.7345577700697423,UTI Mid Cap Fund - Regular - Growth
102886,2025-06-29,-1.1081125131842442,UTI Mid Cap Fund - Regular - Growth
102886,2025-06-30,-0.6826994489860568,UTI Mid Cap Fund - Regular - Growth
102886,2025-07-01,-0.9118536394228343,UTI Mid Cap Fund - Regular - Growth
102886,2025-07-02,-0.8566438719116396,UTI Mid Cap Fund - Regular - Growth
102886,2025-07-03,-0.9212844478490624,UTI Mid Cap Fund - Regular - Growth
102886,2025-07-04,-0.9934693965954922,UTI Mid Cap Fund - Regular - Growth
102886,2025-07-05,-0.9934693965954922,UTI Mid Cap Fund - Regular - Growth
102886,2025-07-06,-0.7513497617574585,UTI Mid Cap Fund - Regular - Growth
102886,2025-07-07,-0.5491358905311277,UTI Mid Cap Fund - Regular - Growth
102886,2025-07-08,-0.6889380523347388,UTI Mid Cap Fund - Regular - Growth
102886,2025-07-09,-0.2592177712690232,UTI Mid Cap Fund - Regular - Growth
102886,2025-07-10,-0.07793986812027244,UTI Mid Cap Fund - Regular - Growth
102886,2025-07-11,0.3585540616670403,UTI Mid Cap Fund - Regular - Growth
102886,2025-07-12,0.3585540616670403,UTI Mid Cap Fund - Regular - Growth
102886,2025-07-13,0.3494953953783282,UTI Mid Cap Fund - Regular - Growth
102886,2025-07-14,0.28743538092296966,UTI Mid Cap Fund - Regular - Growth
102886,2025-07-15,0.4848752705741377,UTI Mid Cap Fund - Regular - Growth
102886,2025-07-16,0.7693006525064423,UTI Mid Cap Fund - Regular - Growth
102886,2025-07-17,0.6947024462895608,UTI Mid Cap Fund - Regular - Growth
102886,2025-07-18,0.5585993612582236,UTI Mid Cap Fund - Regular - Growth
102886,2025-07-19,0.5585993612582236,UTI Mid Cap Fund - Regular - Growth
102886,2025-07-20,0.5773611735354647,UTI Mid Cap Fund - Regular - Growth
102886,2025-07-21,0.9625044720109136,UTI Mid Cap Fund - Regular - Growth
102886,2025-07-22,0.8535938269476644,UTI Mid Cap Fund - Regular - Growth
102886,2025-07-23,0.8010591474870683,UTI Mid Cap Fund - Regular - Growth
102886,2025-07-24,0.44545187411666165,UTI Mid Cap Fund - Regular - Growth
102886,2025-07-25,0.33541172313418555,UTI Mid Cap Fund - Regular - Growth
102886,2025-07-26,0.33541172313418566,UTI Mid Cap Fund - Regular - Growth
102886,2025-07-27,0.525812815632963,UTI Mid Cap Fund - Regular - Growth
102886,2025-07-28,0.1638934543828698,UTI Mid Cap Fund - Regular - Growth
102886,2025-07-29,0.10173183336174257,UTI Mid Cap Fund - Regular - Growth
102886,2025-07-30,-0.7093508783704936,UTI Mid Cap Fund - Regular - Growth
102886,2025-07-31,-1.0649945688634705,UTI Mid Cap Fund - Regular - Growth
102886,2025-08-01,-0.9936967024378125,UTI Mid Cap Fund - Regular - Growth
102886,2025-08-02,-0.9936967024378125,UTI Mid Cap Fund - Regular - Growth
102886,2025-08-03,-0.8831894187382133,UTI Mid Cap Fund - Regular - Growth
102886,2025-08-04,-0.5467991633812067,UTI Mid Cap Fund - Regular - Growth
102886,2025-08-05,-0.9468651312490652,UTI Mid Cap Fund - Regular - Growth
102886,2025-08-06,-0.9108643383484845,UTI Mid Cap Fund - Regular - Growth
102886,2025-08-07,-1.035854032905977,UTI Mid Cap Fund - Regular - Growth
102886,2025-08-08,-1.0223268136103123,UTI Mid Cap Fund - Regular - Growth
102886,2025-08-09,-1.0223268136103123,UTI Mid Cap Fund - Regular - Growth
102886,2025-08-10,-0.8579290665905666,UTI Mid Cap Fund - Regular - Growth
102886,2025-08-11,-0.5647513786721237,UTI Mid Cap Fund - Regular - Growth
102886,2025-08-12,-0.259300261255479,UTI Mid Cap Fund - Regular - Growth
102886,2025-08-13,-0.16458049618015005,UTI Mid Cap Fund - Regular - Growth
102886,2025-08-14,-0.48290638947653186,UTI Mid Cap Fund - Regular - Growth
102886,2025-08-15,-0.6596745650310462,UTI Mid Cap Fund - Regular - Growth
102886,2025-08-16,-0.6596745650310462,UTI Mid Cap Fund - Regular - Growth
102886,2025-08-17,-0.8585191364686592,UTI Mid Cap Fund - Regular - Growth
102886,2025-08-18,-0.5121124443000704,UTI Mid Cap Fund - Regular - Growth
102886,2025-08-19,-0.324035644959515,UTI Mid Cap Fund - Regular - Growth
102886,2025-08-20,-0.19034530388399062,UTI Mid Cap Fund - Regular - Growth
102886,2025-08-21,-0.3045535026112008,UTI Mid Cap Fund - Regular - Growth
102886,2025-08-22,-0.46952326423219487,UTI Mid Cap Fund - Regular - Growth
102886,2025-08-23,-0.46952326423219487,UTI Mid Cap Fund - Regular - Growth
102886,2025-08-24,-0.1639261521665472,UTI Mid Cap Fund - Regular - Growth
102886,2025-08-25,-0.5119180040274639,UTI Mid Cap Fund - Regular - Growth
102886,2025-08-26,-0.6549001904902918,UTI Mid Cap Fund - Regular - Growth
102886,2025-08-27,-0.5739976313191183,UTI Mid Cap Fund - Regular - Growth
102886,2025-08-28,-0.5327724690172411,UTI Mid Cap Fund - Regular - Growth
102886,2025-08-29,-0.5538344913943916,UTI Mid Cap Fund - Regular - Growth
102886,2025-08-30,-0.5538344913943914,UTI Mid Cap Fund - Regular - Growth
102886,2025-08-31,-0.534568504965765,UTI Mid Cap Fund - Regular - Growth
102886,2025-09-01,-0.4318761882067575,UTI Mid Cap Fund - Regular - Growth
102886,2025-09-02,0.032549103114369156,UTI Mid Cap Fund - Regular - Growth
102886,2025-09-03,0.2432038179502065,UTI Mid Cap Fund - Regular - Growth
102886,2025-09-04,-0.0003792521972541692,UTI Mid Cap Fund - Regular - Growth
102886,2025-09-05,-0.27375113186451744,UTI Mid Cap Fund - Regular - Growth
102886,2025-09-06,-0.27375113186451744,UTI Mid Cap Fund - Regular - Growth
102886,2025-09-07,-0.16114922138924634,UTI Mid Cap Fund - Regular - Growth
102886,2025-09-08,-0.1812650053995052,UTI Mid Cap Fund - Regular - Growth
102886,2025-09-09,0.005191749683348189,UTI Mid Cap Fund - Regular - Growth
102886,2025-09-10,0.07812840292717677,UTI Mid Cap Fund - Regular - Growth
102886,2025-09-11,-0.41592578307750505,UTI Mid Cap Fund - Regular - Growth
102886,2025-09-12,0.1694794131828312,UTI Mid Cap Fund - Regular - Growth
102886,2025-09-13,0.1694794131828312,UTI Mid Cap Fund - Regular - Growth
102886,2025-09-14,-0.044256180077188054,UTI Mid Cap Fund - Regular - Growth
102886,2025-09-15,0.013128863553184739,UTI Mid Cap Fund - Regular - Growth
102886,2025-09-16,0.40368627020372055,UTI Mid Cap Fund - Regular - Growth
102886,2025-09-17,0.7913012938030363,UTI Mid Cap Fund - Regular - Growth
102886,2025-09-18,0.7159174858065992,UTI Mid Cap Fund - Regular - Growth
102886,2025-09-19,0.8155818893877516,UTI Mid Cap Fund - Regular - Growth
102886,2025-09-20,0.8155818893877516,UTI Mid Cap Fund - Regular - Growth
102886,2025-09-21,0.8064429551641445,UTI Mid Cap Fund - Regular - Growth
102886,2025-09-22,0.22801663919025744,UTI Mid Cap Fund - Regular - Growth
102886,2025-09-23,0.19034980967370796,UTI Mid Cap Fund - Regular - Growth
102886,2025-09-24,-0.003267412965896984,UTI Mid Cap Fund - Regular - Growth
102886,2025-09-25,0.06420070767958547,UTI Mid Cap Fund - Regular - Growth
102886,2025-09-26,0.04905256842210211,UTI Mid Cap Fund - Regular - Growth
102886,2025-09-27,0.04905256842210211,UTI Mid Cap Fund - Regular - Growth
102886,2025-09-28,0.1390551193515805,UTI Mid Cap Fund - Regular - Growth
102886,2025-09-29,0.2814938880911419,UTI Mid Cap Fund - Regular - Growth
102886,2025-09-30,-0.28194360913708477,UTI Mid Cap Fund - Regular - Growth
102886,2025-10-01,-0.34143580091115233,UTI Mid Cap Fund - Regular - Growth
102886,2025-10-02,-0.2489777494872563,UTI Mid Cap Fund - Regular - Growth
102886,2025-10-03,-0.2773007482000785,UTI Mid Cap Fund - Regular - Growth
102886,2025-10-04,-0.2773007482000785,UTI Mid Cap Fund - Regular - Growth
102886,2025-10-05,-0.3647736272299706,UTI Mid Cap Fund - Regular - Growth
102886,2025-10-06,-0.23491039226065805,UTI Mid Cap Fund - Regular - Growth
102886,2025-10-07,-0.6171385858856714,UTI Mid Cap Fund - Regular - Growth
102886,2025-10-08,-0.8900581403387531,UTI Mid Cap Fund - Regular - Growth
102886,2025-10-09,-1.2651324174476433,UTI Mid Cap Fund - Regular - Growth
102886,2025-10-10,-1.435873266573005,UTI Mid Cap Fund - Regular - Growth
102886,2025-10-11,-1.435873266573005,UTI Mid Cap Fund - Regular - Growth
102886,2025-10-12,-1.3463303290731279,UTI Mid Cap Fund - Regular - Growth
102886,2025-10-13,-2.1025224779724967,UTI Mid Cap Fund - Regular - Growth
102886,2025-10-14,-2.3641481315423225,UTI Mid Cap Fund - Regular - Growth
102886,2025-10-15,-2.1548047411890336,UTI Mid Cap Fund - Regular - Growth
102886,2025-10-16,-2.070518733878345,UTI Mid Cap Fund - Regular - Growth
102886,2025-10-17,-2.061883047421936,UTI Mid Cap Fund - Regular - Growth
102886,2025-10-18,-2.061883047421936,UTI Mid Cap Fund - Regular - Growth
102886,2025-10-19,-2.1856523591625816,UTI Mid Cap Fund - Regular - Growth
102886,2025-10-20,-2.5069142635489285,UTI Mid Cap Fund - Regular - Growth
102886,2025-10-21,-2.559147464140207,UTI Mid Cap Fund - Regular - Growth
102886,2025-10-22,-2.364208101157735,UTI Mid Cap Fund - Regular - Growth
102886,2025-10-23,-2.285344501384097,UTI Mid Cap Fund - Regular - Growth
102886,2025-10-24,-2.11744013602857,UTI Mid Cap Fund - Regular - Growth
102886,2025-10-25,-2.11744013602857,UTI Mid Cap Fund - Regular - Growth
102886,2025-10-26,-1.94742626101414,UTI Mid Cap Fund - Regular - Growth
102886,2025-10-27,-1.7393418419215352,UTI Mid Cap Fund - Regular - Growth
102886,2025-10-28,-1.707326341824509,UTI Mid Cap Fund - Regular - Growth
102886,2025-10-29,-2.0972123679701515,UTI Mid Cap Fund - Regular - Growth
102886,2025-10-30,-2.2422228645111693,UTI Mid Cap Fund - Regular - Growth
102886,2025-10-31,-2.200458214100907,UTI Mid Cap Fund - Regular - Growth
102886,2025-11-01,-2.200458214100907,UTI Mid Cap Fund - Regular - Growth
102886,2025-11-02,-2.3705010932285524,UTI Mid Cap Fund - Regular - Growth
102886,2025-11-03,-2.150689302925873,UTI Mid Cap Fund - Regular - Growth
102886,2025-11-04,-2.000923839201318,UTI Mid Cap Fund - Regular - Growth
102886,2025-11-05,-2.199948564499607,UTI Mid Cap Fund - Regular - Growth
102886,2025-11-06,-2.551117586415047,UTI Mid Cap Fund - Regular - Growth
102886,2025-11-07,-2.453484813977305,UTI Mid Cap Fund - Regular - Growth
102886,2025-11-08,-2.453484813977305,UTI Mid Cap Fund - Regular - Growth
102886,2025-11-09,-2.717086785246805,UTI Mid Cap Fund - Regular - Growth
102886,2025-11-10,-2.9453498830971414,UTI Mid Cap Fund - Regular - Growth
102886,2025-11-11,-2.944445129528548,UTI Mid Cap Fund - Regular - Growth
102886,2025-11-12,-3.319403255581528,UTI Mid Cap Fund - Regular - Growth
102886,2025-11-13,-3.341109112039258,UTI Mid Cap Fund - Regular - Growth
102886,2025-11-14,-3.317855450106534,UTI Mid Cap Fund - Regular - Growth
102886,2025-11-15,-3.317855450106534,UTI Mid Cap Fund - Regular - Growth
102886,2025-11-16,-3.347946722711685,UTI Mid Cap Fund - Regular - Growth
102886,2025-11-17,-3.2660929673595502,UTI Mid Cap Fund - Regular - Growth
102886,2025-11-18,-3.693794537353584,UTI Mid Cap Fund - Regular - Growth
102886,2025-11-19,-3.431715667768901,UTI Mid Cap Fund - Regular - Growth
102886,2025-11-20,-3.394526201942857,UTI Mid Cap Fund - Regular - Growth
102886,2025-11-21,-3.0409884722871525,UTI Mid Cap Fund - Regular - Growth
102886,2025-11-22,-3.0409884722871525,UTI Mid Cap Fund - Regular - Growth
102886,2025-11-23,-2.897842450373425,UTI Mid Cap Fund - Regular - Growth
102886,2025-11-24,-2.7764522155349383,UTI Mid Cap Fund - Regular - Growth
102886,2025-11-25,-2.4577546216382453,UTI Mid Cap Fund - Regular - Growth
102886,2025-11-26,-2.1815168658435464,UTI Mid Cap Fund - Regular - Growth
102886,2025-11-27,-2.280428666215428,UTI Mid Cap Fund - Regular - Growth
102886,2025-11-28,-2.3386213927212354,UTI Mid Cap Fund - Regular - Growth
102886,2025-11-29,-2.3386213927212354,UTI Mid Cap Fund - Regular - Growth
102886,2025-11-30,-2.459298070771124,UTI Mid Cap Fund - Regular - Growth
102886,2025-12-01,-2.8435421304319672,UTI Mid Cap Fund - Regular - Growth
102886,2025-12-02,-2.636723440193937,UTI Mid Cap Fund - Regular - Growth
102886,2025-12-03,-2.2554833651351713,UTI Mid Cap Fund - Regular - Growth
102886,2025-12-04,-1.749008269132723,UTI Mid Cap Fund - Regular - Growth
102886,2025-12-05,-1.6912856711914068,UTI Mid Cap Fund - Regular - Growth
102886,2025-12-06,-1.6912856711914068,UTI Mid Cap Fund - Regular - Growth
102886,2025-12-07,-1.576816618408799,UTI Mid Cap Fund - Regular - Growth
102886,2025-12-08,-1.4677133812613445,UTI Mid Cap Fund - Regular - Growth
102886,2025-12-09,-1.7616740957756634,UTI Mid Cap Fund - Regular - Growth
102886,2025-12-10,-1.4810394471870065,UTI Mid Cap Fund - Regular - Growth
102886,2025-12-11,-2.186516066361516,UTI Mid Cap Fund - Regular - Growth
102886,2025-12-12,-2.173068582084698,UTI Mid Cap Fund - Regular - Growth
102886,2025-12-13,-2.173068582084698,UTI Mid Cap Fund - Regular - Growth
102886,2025-12-14,-2.6097480492568383,UTI Mid Cap Fund - Regular - Growth
102886,2025-12-15,-2.760660176731871,UTI Mid Cap Fund - Regular - Growth
102886,2025-12-16,-2.2547916997814523,UTI Mid Cap Fund - Regular - Growth
102886,2025-12-17,-2.163376001944734,UTI Mid Cap Fund - Regular - Growth
102886,2025-12-18,-2.031318081568715,UTI Mid Cap Fund - Regular - Growth
102886,2025-12-19,-2.1348750186774406,UTI Mid Cap Fund - Regular - Growth
102886,2025-12-20,-2.1348750186774406,UTI Mid Cap Fund - Regular - Growth
102886,2025-12-21,-1.8001808834780506,UTI Mid Cap Fund - Regular - Growth
102886,2025-12-22,-1.5430336337005397,UTI Mid Cap Fund - Regular - Growth
102886,2025-12-23,-1.514912276937181,UTI Mid Cap Fund - Regular - Growth
102886,2025-12-24,-1.2008249373873494,UTI Mid Cap Fund - Regular - Growth
102886,2025-12-25,-1.2055219514460371,UTI Mid Cap Fund - Regular - Growth
102886,2025-12-26,-0.88356207006701,UTI Mid Cap Fund - Regular - Growth
102886,2025-12-27,-0.8835620700670098,UTI Mid Cap Fund - Regular - Growth
102886,2025-12-28,-0.9555732389683488,UTI Mid Cap Fund - Regular - Growth
102886,2025-12-29,-0.8031172564503487,UTI Mid Cap Fund - Regular - Growth
102886,2025-12-30,-0.5942999681295471,UTI Mid Cap Fund - Regular - Growth
102886,2025-12-31,-0.7897487119326969,UTI Mid Cap Fund - Regular - Growth
102886,2026-01-01,-0.5600411821114374,UTI Mid Cap Fund - Regular - Growth
102886,2026-01-02,-0.7285246776228795,UTI Mid Cap Fund - Regular - Growth
102886,2026-01-03,-0.7285246776228795,UTI Mid Cap Fund - Regular - Growth
102886,2026-01-04,-0.9475116580362491,UTI Mid Cap Fund - Regular - Growth
102886,2026-01-05,-0.5926374891942999,UTI Mid Cap Fund - Regular - Growth
102886,2026-01-06,-0.7434482578833472,UTI Mid Cap Fund - Regular - Growth
102886,2026-01-07,-0.5755461387702328,UTI Mid Cap Fund - Regular - Growth
102886,2026-01-08,-0.21454816301761245,UTI Mid Cap Fund - Regular - Growth
102886,2026-01-09,-0.32867743649759046,UTI Mid Cap Fund - Regular - Growth
102886,2026-01-10,-0.32867743649759046,UTI Mid Cap Fund - Regular - Growth
102886,2026-01-11,0.0802661759931251,UTI Mid Cap Fund - Regular - Growth
102886,2026-01-12,0.4595485826890919,UTI Mid Cap Fund - Regular - Growth
102886,2026-01-13,0.6772734907301713,UTI Mid Cap Fund - Regular - Growth
102886,2026-01-14,0.5281423017118037,UTI Mid Cap Fund - Regular - Growth
102886,2026-01-15,0.30724192382358556,UTI Mid Cap Fund - Regular - Growth
102886,2026-01-16,0.09018598280591172,UTI Mid Cap Fund - Regular - Growth
102886,2026-01-17,0.09018598280591172,UTI Mid Cap Fund - Regular - Growth
102886,2026-01-18,0.21855324726843403,UTI Mid Cap Fund - Regular - Growth
102886,2026-01-19,0.23988317472352594,UTI Mid Cap Fund - Regular - Growth
102886,2026-01-20,-0.017851838986141177,UTI Mid Cap Fund - Regular - Growth
102886,2026-01-21,0.21295316448470106,UTI Mid Cap Fund - Regular - Growth
102886,2026-01-22,0.1961598375367336,UTI Mid Cap Fund - Regular - Growth
102886,2026-01-23,-0.142550523456207,UTI Mid Cap Fund - Regular - Growth
102886,2026-01-24,-0.142550523456207,UTI Mid Cap Fund - Regular - Growth
102886,2026-01-25,-0.0006266760816171628,UTI Mid Cap Fund - Regular - Growth
102886,2026-01-26,0.31631570578208684,UTI Mid Cap Fund - Regular - Growth
102886,2026-01-27,0.6455342578821385,UTI Mid Cap Fund - Regular - Growth
102886,2026-01-28,0.9222948348748261,UTI Mid Cap Fund - Regular - Growth
102886,2026-01-29,0.7934766087042313,UTI Mid Cap Fund - Regular - Growth
102886,2026-01-30,0.45858043714227037,UTI Mid Cap Fund - Regular - Growth
102886,2026-01-31,0.4585804371422704,UTI Mid Cap Fund - Regular - Growth
102886,2026-02-01,0.4968221644085376,UTI Mid Cap Fund - Regular - Growth
102886,2026-02-02,0.6572780014117479,UTI Mid Cap Fund - Regular - Growth
102886,2026-02-03,1.1526086367900823,UTI Mid Cap Fund - Regular - Growth
102886,2026-02-04,1.3884377326456483,UTI Mid Cap Fund - Regular - Growth
102886,2026-02-05,1.245792421053204,UTI Mid Cap Fund - Regular - Growth
102886,2026-02-06,1.0473980432745107,UTI Mid Cap Fund - Regular - Growth
102886,2026-02-07,1.0473980432745105,UTI Mid Cap Fund - Regular - Growth
102886,2026-02-08,1.0863215918042974,UTI Mid Cap Fund - Regular - Growth
102886,2026-02-09,1.4315658166452725,UTI Mid Cap Fund - Regular - Growth
102886,2026-02-10,1.7091762067057659,UTI Mid Cap Fund - Regular - Growth
102886,2026-02-11,1.7709343855780695,UTI Mid Cap Fund - Regular - Growth
102886,2026-02-12,1.7488962367689023,UTI Mid Cap Fund - Regular - Growth
102886,2026-02-13,1.7137735943780983,UTI Mid Cap Fund - Regular - Growth
102886,2026-02-14,1.7137735943780983,UTI Mid Cap Fund - Regular - Growth
102886,2026-02-15,1.6370288633942545,UTI Mid Cap Fund - Regular - Growth
102886,2026-02-16,1.8248486678371705,UTI Mid Cap Fund - Regular - Growth
102886,2026-02-17,1.7943238491667248,UTI Mid Cap Fund - Regular - Growth
102886,2026-02-18,2.184263642535487,UTI Mid Cap Fund - Regular - Growth
102886,2026-02-19,1.8295979162251295,UTI Mid Cap Fund - Regular - Growth
102886,2026-02-20,1.9110956359970672,UTI Mid Cap Fund - Regular - Growth
102886,2026-02-21,1.9110956359970668,UTI Mid Cap Fund - Regular - Growth
102886,2026-02-22,1.849107620463743,UTI Mid Cap Fund - Regular - Growth
102886,2026-02-23,2.1251186614153554,UTI Mid Cap Fund - Regular - Growth
102886,2026-02-24,2.231427782451161,UTI Mid Cap Fund - Regular - Growth
102886,2026-02-25,2.168657445041989,UTI Mid Cap Fund - Regular - Growth
102886,2026-02-26,2.3690421695737465,UTI Mid Cap Fund - Regular - Growth
102886,2026-02-27,2.472313622116319,UTI Mid Cap Fund - Regular - Growth
102886,2026-02-28,2.472313622116319,UTI Mid Cap Fund - Regular - Growth
102886,2026-03-01,2.766846828873901,UTI Mid Cap Fund - Regular - Growth
102886,2026-03-02,2.7652401974780054,UTI Mid Cap Fund - Regular - Growth
102886,2026-03-03,2.9356414663420933,UTI Mid Cap Fund - Regular - Growth
102886,2026-03-04,2.4598889958176193,UTI Mid Cap Fund - Regular - Growth
102886,2026-03-05,2.2526853230522517,UTI Mid Cap Fund - Regular - Growth
102886,2026-03-06,2.4499556730903866,UTI Mid Cap Fund - Regular - Growth
102886,2026-03-07,2.4499556730903866,UTI Mid Cap Fund - Regular - Growth
102886,2026-03-08,2.2166270799058134,UTI Mid Cap Fund - Regular - Growth
102886,2026-03-09,2.42626599727987,UTI Mid Cap Fund - Regular - Growth
102886,2026-03-10,1.6613462278661835,UTI Mid Cap Fund - Regular - Growth
102886,2026-03-11,1.3649502641257574,UTI Mid Cap Fund - Regular - Growth
102886,2026-03-12,1.49846806456131,UTI Mid Cap Fund - Regular - Growth
102886,2026-03-13,1.6771832380915015,UTI Mid Cap Fund - Regular - Growth
102886,2026-03-14,1.6771832380915015,UTI Mid Cap Fund - Regular - Growth
102886,2026-03-15,1.5197265718184387,UTI Mid Cap Fund - Regular - Growth
102886,2026-03-16,0.7735817110810153,UTI Mid Cap Fund - Regular - Growth
102886,2026-03-17,0.8302753286650498,UTI Mid Cap Fund - Regular - Growth
102886,2026-03-18,0.5963571417518464,UTI Mid Cap Fund - Regular - Growth
102886,2026-03-19,0.4919115635209609,UTI Mid Cap Fund - Regular - Growth
102886,2026-03-20,0.3838303503200926,UTI Mid Cap Fund - Regular - Growth
102886,2026-03-21,0.3838303503200926,UTI Mid Cap Fund - Regular - Growth
102886,2026-03-22,0.3384521100155347,UTI Mid Cap Fund - Regular - Growth
102886,2026-03-23,0.09906715362414306,UTI Mid Cap Fund - Regular - Growth
102886,2026-03-24,-0.3346355353191629,UTI Mid Cap Fund - Regular - Growth
102886,2026-03-25,-0.6817047702702812,UTI Mid Cap Fund - Regular - Growth
102886,2026-03-26,-0.9929886528376292,UTI Mid Cap Fund - Regular - Growth
102886,2026-03-27,-0.8526636251990894,UTI Mid Cap Fund - Regular - Growth
102886,2026-03-28,-0.8526636251990894,UTI Mid Cap Fund - Regular - Growth
102886,2026-03-29,-0.5984805432987781,UTI Mid Cap Fund - Regular - Growth
102886,2026-03-30,-1.1936941340440494,UTI Mid Cap Fund - Regular - Growth
102886,2026-03-31,-1.0100972291140686,UTI Mid Cap Fund - Regular - Growth
102886,2026-04-01,-1.3745090778403442,UTI Mid Cap Fund - Regular - Growth
102886,2026-04-02,-1.0413400844995786,UTI Mid Cap Fund - Regular - Growth
102886,2026-04-03,-1.4673630807781124,UTI Mid Cap Fund - Regular - Growth
102886,2026-04-04,-1.4673630807781124,UTI Mid Cap Fund - Regular - Growth
102886,2026-04-05,-1.6160247146571856,UTI Mid Cap Fund - Regular - Growth
102886,2026-04-06,-1.2648258649048645,UTI Mid Cap Fund - Regular - Growth
102886,2026-04-07,-1.8410452282843268,UTI Mid Cap Fund - Regular - Growth
102886,2026-04-08,-2.0773777472834323,UTI Mid Cap Fund - Regular - Growth
102886,2026-04-09,-2.098123416505395,UTI Mid Cap Fund - Regular - Growth
102886,2026-04-10,-2.1611765597056465,UTI Mid Cap Fund - Regular - Growth
102886,2026-04-11,-2.1611765597056465,UTI Mid Cap Fund - Regular - Growth
102886,2026-04-12,-2.3043141932155162,UTI Mid Cap Fund - Regular - Growth
102886,2026-04-13,-2.8125797042782623,UTI Mid Cap Fund - Regular - Growth
102886,2026-04-14,-2.2184682905375914,UTI Mid Cap Fund - Regular - Growth
102886,2026-04-15,-2.2611233795530103,UTI Mid Cap Fund - Regular - Growth
102886,2026-04-16,-2.2841500164156825,UTI Mid Cap Fund - Regular - Growth
102886,2026-04-17,-1.8503655330455673,UTI Mid Cap Fund - Regular - Growth
102886,2026-04-18,-1.8503655330455673,UTI Mid Cap Fund - Regular - Growth
102886,2026-04-19,-1.6362002529701405,UTI Mid Cap Fund - Regular - Growth
102886,2026-04-20,-1.3652451603789755,UTI Mid Cap Fund - Regular - Growth
102886,2026-04-21,-1.7996306914157092,UTI Mid Cap Fund - Regular - Growth
102886,2026-04-22,-1.944574283861323,UTI Mid Cap Fund - Regular - Growth
102886,2026-04-23,-1.6833757521416792,UTI Mid Cap Fund - Regular - Growth
102886,2026-04-24,-1.9793315291265168,UTI Mid Cap Fund - Regular - Growth
102886,2026-04-25,-1.9793315291265168,UTI Mid Cap Fund - Regular - Growth
102886,2026-04-26,-1.889997891710536,UTI Mid Cap Fund - Regular - Growth
102886,2026-04-27,-1.8189607594002697,UTI Mid Cap Fund - Regular - Growth
102886,2026-04-28,-2.0145387127391223,UTI Mid Cap Fund - Regular - Growth
102886,2026-04-29,-1.6397796091781451,UTI Mid Cap Fund - Regular - Growth
102886,2026-04-30,-1.3904035098413032,UTI Mid Cap Fund - Regular - Growth
102886,2026-05-01,-1.4021082741643291,UTI Mid Cap Fund - Regular - Growth
102886,2026-05-02,-1.402108274164329,UTI Mid Cap Fund - Regular - Growth
102886,2026-05-03,-1.449144266330518,UTI Mid Cap Fund - Regular - Growth
102886,2026-05-04,-1.7396690757076085,UTI Mid Cap Fund - Regular - Growth
102886,2026-05-05,-1.3130619485861956,UTI Mid Cap Fund - Regular - Growth
102886,2026-05-06,-1.067797267344325,UTI Mid Cap Fund - Regular - Growth
102886,2026-05-07,-0.7273374740508285,UTI Mid Cap Fund - Regular - Growth
102886,2026-05-08,-0.6933847663696384,UTI Mid Cap Fund - Regular - Growth
102886,2026-05-09,-0.6933847663696383,UTI Mid Cap Fund - Regular - Growth
102886,2026-05-10,-0.9689577449195508,UTI Mid Cap Fund - Regular - Growth
102886,2026-05-11,-1.1852563026520284,UTI Mid Cap Fund - Regular - Growth
102886,2026-05-12,-0.8160599350399402,UTI Mid Cap Fund - Regular - Growth
102886,2026-05-13,-0.794358429576462,UTI Mid Cap Fund - Regular - Growth
102886,2026-05-14,-0.8141735293282296,UTI Mid Cap Fund - Regular - Growth
102886,2026-05-15,-0.7121944652658941,UTI Mid Cap Fund - Regular - Growth
102886,2026-05-16,-0.7121944652658941,UTI Mid Cap Fund - Regular - Growth
102886,2026-05-17,-0.864163304296831,UTI Mid Cap Fund - Regular - Growth
102886,2026-05-18,-1.0761872297173993,UTI Mid Cap Fund - Regular - Growth
102886,2026-05-19,-1.5496286221049662,UTI Mid Cap Fund - Regular - Growth
102886,2026-05-20,-1.5375780166033781,UTI Mid Cap Fund - Regular - Growth
102886,2026-05-21,-1.9418506839304341,UTI Mid Cap Fund - Regular - Growth
102886,2026-05-22,-1.912832869147545,UTI Mid Cap Fund - Regular - Growth
102886,2026-05-23,-1.912832869147545,UTI Mid Cap Fund - Regular - Growth
102886,2026-05-24,-2.268143103976981,UTI Mid Cap Fund - Regular - Growth
102886,2026-05-25,-2.3199899341040027,UTI Mid Cap Fund - Regular - Growth
102886,2026-05-26,-2.466719272465909,UTI Mid Cap Fund - Regular - Growth
102886,2026-05-27,-2.5699275168850746,UTI Mid Cap Fund - Regular - Growth
102886,2026-05-28,-2.5134007239432616,UTI Mid Cap Fund - Regular - Growth
102886,2026-05-29,-2.320275330308206,UTI Mid Cap Fund - Regular - Growth
119092,2022-01-03,,Axis Bluechip Fund - Regular - Growth
119092,2022-01-04,,Axis Bluechip Fund - Regular - Growth
119092,2022-01-05,,Axis Bluechip Fund - Regular - Growth
119092,2022-01-06,,Axis Bluechip Fund - Regular - Growth
119092,2022-01-07,,Axis Bluechip Fund - Regular - Growth
119092,2022-01-08,,Axis Bluechip Fund - Regular - Growth
119092,2022-01-09,,Axis Bluechip Fund - Regular - Growth
119092,2022-01-10,,Axis Bluechip Fund - Regular - Growth
119092,2022-01-11,,Axis Bluechip Fund - Regular - Growth
119092,2022-01-12,,Axis Bluechip Fund - Regular - Growth
119092,2022-01-13,,Axis Bluechip Fund - Regular - Growth
119092,2022-01-14,,Axis Bluechip Fund - Regular - Growth
119092,2022-01-15,,Axis Bluechip Fund - Regular - Growth
119092,2022-01-16,,Axis Bluechip Fund - Regular - Growth
119092,2022-01-17,,Axis Bluechip Fund - Regular - Growth
119092,2022-01-18,,Axis Bluechip Fund - Regular - Growth
119092,2022-01-19,,Axis Bluechip Fund - Regular - Growth
119092,2022-01-20,,Axis Bluechip Fund - Regular - Growth
119092,2022-01-21,,Axis Bluechip Fund - Regular - Growth
119092,2022-01-22,,Axis Bluechip Fund - Regular - Growth
119092,2022-01-23,,Axis Bluechip Fund - Regular - Growth
119092,2022-01-24,,Axis Bluechip Fund - Regular - Growth
119092,2022-01-25,,Axis Bluechip Fund - Regular - Growth
119092,2022-01-26,,Axis Bluechip Fund - Regular - Growth
119092,2022-01-27,,Axis Bluechip Fund - Regular - Growth
119092,2022-01-28,,Axis Bluechip Fund - Regular - Growth
119092,2022-01-29,,Axis Bluechip Fund - Regular - Growth
119092,2022-01-30,,Axis Bluechip Fund - Regular - Growth
119092,2022-01-31,,Axis Bluechip Fund - Regular - Growth
119092,2022-02-01,,Axis Bluechip Fund - Regular - Growth
119092,2022-02-02,,Axis Bluechip Fund - Regular - Growth
119092,2022-02-03,,Axis Bluechip Fund - Regular - Growth
119092,2022-02-04,,Axis Bluechip Fund - Regular - Growth
119092,2022-02-05,,Axis Bluechip Fund - Regular - Growth
119092,2022-02-06,,Axis Bluechip Fund - Regular - Growth
119092,2022-02-07,,Axis Bluechip Fund - Regular - Growth
119092,2022-02-08,,Axis Bluechip Fund - Regular - Growth
119092,2022-02-09,,Axis Bluechip Fund - Regular - Growth
119092,2022-02-10,,Axis Bluechip Fund - Regular - Growth
119092,2022-02-11,,Axis Bluechip Fund - Regular - Growth
119092,2022-02-12,,Axis Bluechip Fund - Regular - Growth
119092,2022-02-13,,Axis Bluechip Fund - Regular - Growth
119092,2022-02-14,,Axis Bluechip Fund - Regular - Growth
119092,2022-02-15,,Axis Bluechip Fund - Regular - Growth
119092,2022-02-16,,Axis Bluechip Fund - Regular - Growth
119092,2022-02-17,,Axis Bluechip Fund - Regular - Growth
119092,2022-02-18,,Axis Bluechip Fund - Regular - Growth
119092,2022-02-19,,Axis Bluechip Fund - Regular - Growth
119092,2022-02-20,,Axis Bluechip Fund - Regular - Growth
119092,2022-02-21,,Axis Bluechip Fund - Regular - Growth
119092,2022-02-22,,Axis Bluechip Fund - Regular - Growth
119092,2022-02-23,,Axis Bluechip Fund - Regular - Growth
119092,2022-02-24,,Axis Bluechip Fund - Regular - Growth
119092,2022-02-25,,Axis Bluechip Fund - Regular - Growth
119092,2022-02-26,,Axis Bluechip Fund - Regular - Growth
119092,2022-02-27,,Axis Bluechip Fund - Regular - Growth
119092,2022-02-28,,Axis Bluechip Fund - Regular - Growth
119092,2022-03-01,,Axis Bluechip Fund - Regular - Growth
119092,2022-03-02,,Axis Bluechip Fund - Regular - Growth
119092,2022-03-03,,Axis Bluechip Fund - Regular - Growth
119092,2022-03-04,,Axis Bluechip Fund - Regular - Growth
119092,2022-03-05,,Axis Bluechip Fund - Regular - Growth
119092,2022-03-06,,Axis Bluechip Fund - Regular - Growth
119092,2022-03-07,,Axis Bluechip Fund - Regular - Growth
119092,2022-03-08,,Axis Bluechip Fund - Regular - Growth
119092,2022-03-09,,Axis Bluechip Fund - Regular - Growth
119092,2022-03-10,,Axis Bluechip Fund - Regular - Growth
119092,2022-03-11,,Axis Bluechip Fund - Regular - Growth
119092,2022-03-12,,Axis Bluechip Fund - Regular - Growth
119092,2022-03-13,,Axis Bluechip Fund - Regular - Growth
119092,2022-03-14,,Axis Bluechip Fund - Regular - Growth
119092,2022-03-15,,Axis Bluechip Fund - Regular - Growth
119092,2022-03-16,,Axis Bluechip Fund - Regular - Growth
119092,2022-03-17,,Axis Bluechip Fund - Regular - Growth
119092,2022-03-18,,Axis Bluechip Fund - Regular - Growth
119092,2022-03-19,,Axis Bluechip Fund - Regular - Growth
119092,2022-03-20,,Axis Bluechip Fund - Regular - Growth
119092,2022-03-21,,Axis Bluechip Fund - Regular - Growth
119092,2022-03-22,,Axis Bluechip Fund - Regular - Growth
119092,2022-03-23,,Axis Bluechip Fund - Regular - Growth
119092,2022-03-24,,Axis Bluechip Fund - Regular - Growth
119092,2022-03-25,,Axis Bluechip Fund - Regular - Growth
119092,2022-03-26,,Axis Bluechip Fund - Regular - Growth
119092,2022-03-27,,Axis Bluechip Fund - Regular - Growth
119092,2022-03-28,,Axis Bluechip Fund - Regular - Growth
119092,2022-03-29,,Axis Bluechip Fund - Regular - Growth
119092,2022-03-30,,Axis Bluechip Fund - Regular - Growth
119092,2022-03-31,,Axis Bluechip Fund - Regular - Growth
119092,2022-04-01,,Axis Bluechip Fund - Regular - Growth
119092,2022-04-02,,Axis Bluechip Fund - Regular - Growth
119092,2022-04-03,-1.5689182970074484,Axis Bluechip Fund - Regular - Growth
119092,2022-04-04,-1.0794132671368075,Axis Bluechip Fund - Regular - Growth
119092,2022-04-05,-1.1168421473019565,Axis Bluechip Fund - Regular - Growth
119092,2022-04-06,-1.7459105821920198,Axis Bluechip Fund - Regular - Growth
119092,2022-04-07,-2.189215882446858,Axis Bluechip Fund - Regular - Growth
119092,2022-04-08,-2.0988249741352045,Axis Bluechip Fund - Regular - Growth
119092,2022-04-09,-2.098824974135205,Axis Bluechip Fund - Regular - Growth
119092,2022-04-10,-1.8943624942364283,Axis Bluechip Fund - Regular - Growth
119092,2022-04-11,-1.8160353620318306,Axis Bluechip Fund - Regular - Growth
119092,2022-04-12,-2.0368468623255254,Axis Bluechip Fund - Regular - Growth
119092,2022-04-13,-2.017373619076029,Axis Bluechip Fund - Regular - Growth
119092,2022-04-14,-2.310640426248948,Axis Bluechip Fund - Regular - Growth
119092,2022-04-15,-2.394736625906018,Axis Bluechip Fund - Regular - Growth
119092,2022-04-16,-2.394736625906018,Axis Bluechip Fund - Regular - Growth
119092,2022-04-17,-2.1918888689479497,Axis Bluechip Fund - Regular - Growth
119092,2022-04-18,-2.411905766200919,Axis Bluechip Fund - Regular - Growth
119092,2022-04-19,-1.7133045623002134,Axis Bluechip Fund - Regular - Growth
119092,2022-04-20,-1.2132040324287192,Axis Bluechip Fund - Regular - Growth
119092,2022-04-21,-0.9537958051365404,Axis Bluechip Fund - Regular - Growth
119092,2022-04-22,-0.7723423470610928,Axis Bluechip Fund - Regular - Growth
119092,2022-04-23,-0.7723423470610928,Axis Bluechip Fund - Regular - Growth
119092,2022-04-24,-1.0824886041826025,Axis Bluechip Fund - Regular - Growth
119092,2022-04-25,-1.0450819197095602,Axis Bluechip Fund - Regular - Growth
119092,2022-04-26,-1.1329967560136005,Axis Bluechip Fund - Regular - Growth
119092,2022-04-27,-1.4674440502428119,Axis Bluechip Fund - Regular - Growth
119092,2022-04-28,-1.4404791604557183,Axis Bluechip Fund - Regular - Growth
119092,2022-04-29,-1.4476089362313695,Axis Bluechip Fund - Regular - Growth
119092,2022-04-30,-1.4476089362313695,Axis Bluechip Fund - Regular - Growth
119092,2022-05-01,-1.4460839559436742,Axis Bluechip Fund - Regular - Growth
119092,2022-05-02,-1.8807021980742786,Axis Bluechip Fund - Regular - Growth
119092,2022-05-03,-2.1716033670975126,Axis Bluechip Fund - Regular - Growth
119092,2022-05-04,-1.760750737467798,Axis Bluechip Fund - Regular - Growth
119092,2022-05-05,-1.9469510955492866,Axis Bluechip Fund - Regular - Growth
119092,2022-05-06,-2.1931750438244917,Axis Bluechip Fund - Regular - Growth
119092,2022-05-07,-2.1931750438244917,Axis Bluechip Fund - Regular - Growth
119092,2022-05-08,-2.068021323285238,Axis Bluechip Fund - Regular - Growth
119092,2022-05-09,-1.9374869364825678,Axis Bluechip Fund - Regular - Growth
119092,2022-05-10,-1.8577488315029356,Axis Bluechip Fund - Regular - Growth
119092,2022-05-11,-1.777291029386897,Axis Bluechip Fund - Regular - Growth
119092,2022-05-12,-1.6032060900690637,Axis Bluechip Fund - Regular - Growth
119092,2022-05-13,-1.3766287514402356,Axis Bluechip Fund - Regular - Growth
119092,2022-05-14,-1.3766287514402358,Axis Bluechip Fund - Regular - Growth
119092,2022-05-15,-1.5916575015444088,Axis Bluechip Fund - Regular - Growth
119092,2022-05-16,-1.8059727371839778,Axis Bluechip Fund - Regular - Growth
119092,2022-05-17,-2.0042033094511433,Axis Bluechip Fund - Regular - Growth
119092,2022-05-18,-2.2090751420344956,Axis Bluechip Fund - Regular - Growth
119092,2022-05-19,-2.333532743004374,Axis Bluechip Fund - Regular - Growth
119092,2022-05-20,-2.3251289551541463,Axis Bluechip Fund - Regular - Growth
119092,2022-05-21,-2.3251289551541463,Axis Bluechip Fund - Regular - Growth
119092,2022-05-22,-2.469447287179229,Axis Bluechip Fund - Regular - Growth
119092,2022-05-23,-2.303950279312626,Axis Bluechip Fund - Regular - Growth
119092,2022-05-24,-2.0661695072505593,Axis Bluechip Fund - Regular - Growth
119092,2022-05-25,-2.5628613900594712,Axis Bluechip Fund - Regular - Growth
119092,2022-05-26,-2.7433214633328475,Axis Bluechip Fund - Regular - Growth
119092,2022-05-27,-2.821466182403414,Axis Bluechip Fund - Regular - Growth
119092,2022-05-28,-2.821466182403414,Axis Bluechip Fund - Regular - Growth
119092,2022-05-29,-2.80668667817252,Axis Bluechip Fund - Regular - Growth
119092,2022-05-30,-3.2946265552492076,Axis Bluechip Fund - Regular - Growth
119092,2022-05-31,-2.9435191073151517,Axis Bluechip Fund - Regular - Growth
119092,2022-06-01,-2.3521681241441286,Axis Bluechip Fund - Regular - Growth
119092,2022-06-02,-1.9701799850644166,Axis Bluechip Fund - Regular - Growth
119092,2022-06-03,-2.0995164154915567,Axis Bluechip Fund - Regular - Growth
119092,2022-06-04,-2.0995164154915567,Axis Bluechip Fund - Regular - Growth
119092,2022-06-05,-2.235553341184549,Axis Bluechip Fund - Regular - Growth
119092,2022-06-06,-1.9547758893131872,Axis Bluechip Fund - Regular - Growth
119092,2022-06-07,-1.4493181499309773,Axis Bluechip Fund - Regular - Growth
119092,2022-06-08,-1.7334701893440587,Axis Bluechip Fund - Regular - Growth
119092,2022-06-09,-1.3370006144407676,Axis Bluechip Fund - Regular - Growth
119092,2022-06-10,-1.5956239336195996,Axis Bluechip Fund - Regular - Growth
119092,2022-06-11,-1.5956239336195996,Axis Bluechip Fund - Regular - Growth
119092,2022-06-12,-1.4789296043342952,Axis Bluechip Fund - Regular - Growth
119092,2022-06-13,-0.7088137621592797,Axis Bluechip Fund - Regular - Growth
119092,2022-06-14,-0.9197794932889993,Axis Bluechip Fund - Regular - Growth
119092,2022-06-15,-0.31639860416508214,Axis Bluechip Fund - Regular - Growth
119092,2022-06-16,0.23107968871966922,Axis Bluechip Fund - Regular - Growth
119092,2022-06-17,0.22186742975016047,Axis Bluechip Fund - Regular - Growth
119092,2022-06-18,0.22186742975016047,Axis Bluechip Fund - Regular - Growth
119092,2022-06-19,0.4619528220059392,Axis Bluechip Fund - Regular - Growth
119092,2022-06-20,0.4031386983827747,Axis Bluechip Fund - Regular - Growth
119092,2022-06-21,0.755662674962514,Axis Bluechip Fund - Regular - Growth
119092,2022-06-22,0.34565122911609264,Axis Bluechip Fund - Regular - Growth
119092,2022-06-23,0.771436260043963,Axis Bluechip Fund - Regular - Growth
119092,2022-06-24,0.42901622072900825,Axis Bluechip Fund - Regular - Growth
119092,2022-06-25,0.42901622072900825,Axis Bluechip Fund - Regular - Growth
119092,2022-06-26,0.5102169027176406,Axis Bluechip Fund - Regular - Growth
119092,2022-06-27,0.38181936925399645,Axis Bluechip Fund - Regular - Growth
119092,2022-06-28,0.3120072084772835,Axis Bluechip Fund - Regular - Growth
119092,2022-06-29,0.3810025014543949,Axis Bluechip Fund - Regular - Growth
119092,2022-06-30,0.7446591838811633,Axis Bluechip Fund - Regular - Growth
119092,2022-07-01,0.9040546984491011,Axis Bluechip Fund - Regular - Growth
119092,2022-07-02,0.9040546984491011,Axis Bluechip Fund - Regular - Growth
119092,2022-07-03,0.5905358112454011,Axis Bluechip Fund - Regular - Growth
119092,2022-07-04,0.898816052478496,Axis Bluechip Fund - Regular - Growth
119092,2022-07-05,1.253373949284591,Axis Bluechip Fund - Regular - Growth
119092,2022-07-06,1.5999648714595518,Axis Bluechip Fund - Regular - Growth
119092,2022-07-07,1.682755305358103,Axis Bluechip Fund - Regular - Growth
119092,2022-07-08,1.5628592352736876,Axis Bluechip Fund - Regular - Growth
119092,2022-07-09,1.5628592352736876,Axis Bluechip Fund - Regular - Growth
119092,2022-07-10,1.5759917657137723,Axis Bluechip Fund - Regular - Growth
119092,2022-07-11,1.4440518884667002,Axis Bluechip Fund - Regular - Growth
119092,2022-07-12,1.3045887773862186,Axis Bluechip Fund - Regular - Growth
119092,2022-07-13,1.7758645190809186,Axis Bluechip Fund - Regular - Growth
119092,2022-07-14,2.0581559390729387,Axis Bluechip Fund - Regular - Growth
119092,2022-07-15,2.1962249793154522,Axis Bluechip Fund - Regular - Growth
119092,2022-07-16,2.1962249793154522,Axis Bluechip Fund - Regular - Growth
119092,2022-07-17,2.2693494646764822,Axis Bluechip Fund - Regular - Growth
119092,2022-07-18,1.5027102393598744,Axis Bluechip Fund - Regular - Growth
119092,2022-07-19,1.3959866535325565,Axis Bluechip Fund - Regular - Growth
119092,2022-07-20,0.9811820616432526,Axis Bluechip Fund - Regular - Growth
119092,2022-07-21,0.7618281855885151,Axis Bluechip Fund - Regular - Growth
119092,2022-07-22,0.4183950419694017,Axis Bluechip Fund - Regular - Growth
119092,2022-07-23,0.4183950419694017,Axis Bluechip Fund - Regular - Growth
119092,2022-07-24,0.41953795858550885,Axis Bluechip Fund - Regular - Growth
119092,2022-07-25,0.40416281064677234,Axis Bluechip Fund - Regular - Growth
119092,2022-07-26,0.3451524042350453,Axis Bluechip Fund - Regular - Growth
119092,2022-07-27,0.5972800970818841,Axis Bluechip Fund - Regular - Growth
119092,2022-07-28,0.4885734231669002,Axis Bluechip Fund - Regular - Growth
119092,2022-07-29,0.4144636863935941,Axis Bluechip Fund - Regular - Growth
119092,2022-07-30,0.4144636863935941,Axis Bluechip Fund - Regular - Growth
119092,2022-07-31,0.4470532667589844,Axis Bluechip Fund - Regular - Growth
119092,2022-08-01,1.2832275870172496,Axis Bluechip Fund - Regular - Growth
119092,2022-08-02,0.9553564573005081,Axis Bluechip Fund - Regular - Growth
119092,2022-08-03,0.9379666448301182,Axis Bluechip Fund - Regular - Growth
119092,2022-08-04,1.2439226261821612,Axis Bluechip Fund - Regular - Growth
119092,2022-08-05,0.9419326481502031,Axis Bluechip Fund - Regular - Growth
119092,2022-08-06,0.9419326481502031,Axis Bluechip Fund - Regular - Growth
119092,2022-08-07,0.8241788267729381,Axis Bluechip Fund - Regular - Growth
119092,2022-08-08,1.143436051590421,Axis Bluechip Fund - Regular - Growth
119092,2022-08-09,0.873206590463861,Axis Bluechip Fund - Regular - Growth
119092,2022-08-10,0.6751670724918909,Axis Bluechip Fund - Regular - Growth
119092,2022-08-11,0.5501724662484884,Axis Bluechip Fund - Regular - Growth
119092,2022-08-12,0.970443489299728,Axis Bluechip Fund - Regular - Growth
119092,2022-08-13,0.970443489299728,Axis Bluechip Fund - Regular - Growth
119092,2022-08-14,0.9928327730980966,Axis Bluechip Fund - Regular - Growth
119092,2022-08-15,0.7874204932765769,Axis Bluechip Fund - Regular - Growth
119092,2022-08-16,1.104369456779702,Axis Bluechip Fund - Regular - Growth
119092,2022-08-17,1.4427765248507056,Axis Bluechip Fund - Regular - Growth
119092,2022-08-18,1.3059434457949715,Axis Bluechip Fund - Regular - Growth
119092,2022-08-19,1.4424205395888936,Axis Bluechip Fund - Regular - Growth
119092,2022-08-20,1.4424205395888936,Axis Bluechip Fund - Regular - Growth
119092,2022-08-21,1.474915253822945,Axis Bluechip Fund - Regular - Growth
119092,2022-08-22,1.9710384589527081,Axis Bluechip Fund - Regular - Growth
119092,2022-08-23,2.061968686773742,Axis Bluechip Fund - Regular - Growth
119092,2022-08-24,2.1355603395119256,Axis Bluechip Fund - Regular - Growth
119092,2022-08-25,2.314416283264005,Axis Bluechip Fund - Regular - Growth
119092,2022-08-26,2.4355529151224826,Axis Bluechip Fund - Regular - Growth
119092,2022-08-27,2.4355529151224826,Axis Bluechip Fund - Regular - Growth
119092,2022-08-28,2.6935648263608636,Axis Bluechip Fund - Regular - Growth
119092,2022-08-29,2.6823804133104088,Axis Bluechip Fund - Regular - Growth
119092,2022-08-30,2.3955546653223903,Axis Bluechip Fund - Regular - Growth
119092,2022-08-31,2.3091037467261324,Axis Bluechip Fund - Regular - Growth
119092,2022-09-01,2.260962571516334,Axis Bluechip Fund - Regular - Growth
119092,2022-09-02,2.3097364585234863,Axis Bluechip Fund - Regular - Growth
119092,2022-09-03,2.3097364585234863,Axis Bluechip Fund - Regular - Growth
119092,2022-09-04,2.3079174039151495,Axis Bluechip Fund - Regular - Growth
119092,2022-09-05,1.8973082835663233,Axis Bluechip Fund - Regular - Growth
119092,2022-09-06,1.8826641266082589,Axis Bluechip Fund - Regular - Growth
119092,2022-09-07,1.599092213102369,Axis Bluechip Fund - Regular - Growth
119092,2022-09-08,2.0185828667081847,Axis Bluechip Fund - Regular - Growth
119092,2022-09-09,2.128264196514238,Axis Bluechip Fund - Regular - Growth
119092,2022-09-10,2.128264196514238,Axis Bluechip Fund - Regular - Growth
119092,2022-09-11,1.7758644228494949,Axis Bluechip Fund - Regular - Growth
119092,2022-09-12,1.5600079483904374,Axis Bluechip Fund - Regular - Growth
119092,2022-09-13,0.8633637399420602,Axis Bluechip Fund - Regular - Growth
119092,2022-09-14,0.6373379445955517,Axis Bluechip Fund - Regular - Growth
119092,2022-09-15,0.7865597425186647,Axis Bluechip Fund - Regular - Growth
119092,2022-09-16,1.0105860919087029,Axis Bluechip Fund - Regular - Growth
119092,2022-09-17,1.0105860919087029,Axis Bluechip Fund - Regular - Growth
119092,2022-09-18,1.1771407795687283,Axis Bluechip Fund - Regular - Growth
119092,2022-09-19,1.4376163334233973,Axis Bluechip Fund - Regular - Growth
119092,2022-09-20,1.606092780042196,Axis Bluechip Fund - Regular - Growth
119092,2022-09-21,1.6026645728230597,Axis Bluechip Fund - Regular - Growth
119092,2022-09-22,2.085041503574852,Axis Bluechip Fund - Regular - Growth
119092,2022-09-23,2.4419553702972725,Axis Bluechip Fund - Regular - Growth
119092,2022-09-24,2.4419553702972725,Axis Bluechip Fund - Regular - Growth
119092,2022-09-25,2.5592212336605438,Axis Bluechip Fund - Regular - Growth
119092,2022-09-26,3.2980550619012936,Axis Bluechip Fund - Regular - Growth
119092,2022-09-27,3.2800496819804157,Axis Bluechip Fund - Regular - Growth
119092,2022-09-28,3.1942356390692477,Axis Bluechip Fund - Regular - Growth
119092,2022-09-29,3.1914049048755353,Axis Bluechip Fund - Regular - Growth
119092,2022-09-30,3.210767882760368,Axis Bluechip Fund - Regular - Growth
119092,2022-10-01,3.210767882760368,Axis Bluechip Fund - Regular - Growth
119092,2022-10-02,3.120218193420816,Axis Bluechip Fund - Regular - Growth
119092,2022-10-03,3.573772937776433,Axis Bluechip Fund - Regular - Growth
119092,2022-10-04,3.7301083771722015,Axis Bluechip Fund - Regular - Growth
119092,2022-10-05,3.6439777933189768,Axis Bluechip Fund - Regular - Growth
119092,2022-10-06,3.7151375840968317,Axis Bluechip Fund - Regular - Growth
119092,2022-10-07,3.3048297499934596,Axis Bluechip Fund - Regular - Growth
119092,2022-10-08,3.3048297499934596,Axis Bluechip Fund - Regular - Growth
119092,2022-10-09,3.2646016252769954,Axis Bluechip Fund - Regular - Growth
119092,2022-10-10,3.450155402256606,Axis Bluechip Fund - Regular - Growth
119092,2022-10-11,3.1964479948652866,Axis Bluechip Fund - Regular - Growth
119092,2022-10-12,2.833720798092358,Axis Bluechip Fund - Regular - Growth
119092,2022-10-13,2.415649129918515,Axis Bluechip Fund - Regular - Growth
119092,2022-10-14,2.569411296542742,Axis Bluechip Fund - Regular - Growth
119092,2022-10-15,2.569411296542742,Axis Bluechip Fund - Regular - Growth
119092,2022-10-16,3.0240884486828925,Axis Bluechip Fund - Regular - Growth
119092,2022-10-17,2.552035078200662,Axis Bluechip Fund - Regular - Growth
119092,2022-10-18,2.653970170025965,Axis Bluechip Fund - Regular - Growth
119092,2022-10-19,2.8665449657899806,Axis Bluechip Fund - Regular - Growth
119092,2022-10-20,3.413587225401263,Axis Bluechip Fund - Regular - Growth
119092,2022-10-21,3.3310980957658436,Axis Bluechip Fund - Regular - Growth
119092,2022-10-22,3.3310980957658436,Axis Bluechip Fund - Regular - Growth
119092,2022-10-23,3.611804619905849,Axis Bluechip Fund - Regular - Growth
119092,2022-10-24,3.2845754432301137,Axis Bluechip Fund - Regular - Growth
119092,2022-10-25,3.187822368863532,Axis Bluechip Fund - Regular - Growth
119092,2022-10-26,3.5739897660186513,Axis Bluechip Fund - Regular - Growth
119092,2022-10-27,3.5280984148573205,Axis Bluechip Fund - Regular - Growth
119092,2022-10-28,3.6523328213679016,Axis Bluechip Fund - Regular - Growth
119092,2022-10-29,3.6523328213679016,Axis Bluechip Fund - Regular - Growth
119092,2022-10-30,3.3201867196978103,Axis Bluechip Fund - Regular - Growth
119092,2022-10-31,3.687065922058231,Axis Bluechip Fund - Regular - Growth
119092,2022-11-01,3.79447849609158,Axis Bluechip Fund - Regular - Growth
119092,2022-11-02,3.7228849334534466,Axis Bluechip Fund - Regular - Growth
119092,2022-11-03,4.320112377331034,Axis Bluechip Fund - Regular - Growth
119092,2022-11-04,4.135070015942382,Axis Bluechip Fund - Regular - Growth
119092,2022-11-05,4.135070015942382,Axis Bluechip Fund - Regular - Growth
119092,2022-11-06,3.996129776277412,Axis Bluechip Fund - Regular - Growth
119092,2022-11-07,3.7988286883439066,Axis Bluechip Fund - Regular - Growth
119092,2022-11-08,3.973982373759539,Axis Bluechip Fund - Regular - Growth
119092,2022-11-09,3.7757123937384804,Axis Bluechip Fund - Regular - Growth
119092,2022-11-10,3.3641308103755283,Axis Bluechip Fund - Regular - Growth
119092,2022-11-11,3.2171657943373795,Axis Bluechip Fund - Regular - Growth
119092,2022-11-12,3.2171657943373795,Axis Bluechip Fund - Regular - Growth
119092,2022-11-13,3.574379163900701,Axis Bluechip Fund - Regular - Growth
119092,2022-11-14,3.2675090594018594,Axis Bluechip Fund - Regular - Growth
119092,2022-11-15,3.3570266679117364,Axis Bluechip Fund - Regular - Growth
119092,2022-11-16,3.826272783539634,Axis Bluechip Fund - Regular - Growth
119092,2022-11-17,4.005906883081808,Axis Bluechip Fund - Regular - Growth
119092,2022-11-18,4.231296033947834,Axis Bluechip Fund - Regular - Growth
119092,2022-11-19,4.231296033947834,Axis Bluechip Fund - Regular - Growth
119092,2022-11-20,3.930218713136739,Axis Bluechip Fund - Regular - Growth
119092,2022-11-21,4.236612196897722,Axis Bluechip Fund - Regular - Growth
119092,2022-11-22,3.7720330314904666,Axis Bluechip Fund - Regular - Growth
119092,2022-11-23,3.639174419672869,Axis Bluechip Fund - Regular - Growth
119092,2022-11-24,3.868104028930342,Axis Bluechip Fund - Regular - Growth
119092,2022-11-25,3.7778963909840675,Axis Bluechip Fund - Regular - Growth
119092,2022-11-26,3.7778963909840675,Axis Bluechip Fund - Regular - Growth
119092,2022-11-27,3.6107824323681372,Axis Bluechip Fund - Regular - Growth
119092,2022-11-28,3.8417274253318614,Axis Bluechip Fund - Regular - Growth
119092,2022-11-29,3.7483270450602104,Axis Bluechip Fund - Regular - Growth
119092,2022-11-30,3.2105264454266274,Axis Bluechip Fund - Regular - Growth
119092,2022-12-01,3.300435230525322,Axis Bluechip Fund - Regular - Growth
119092,2022-12-02,3.5358016003634236,Axis Bluechip Fund - Regular - Growth
119092,2022-12-03,3.5358016003634236,Axis Bluechip Fund - Regular - Growth
119092,2022-12-04,3.6278359680525694,Axis Bluechip Fund - Regular - Growth
119092,2022-12-05,3.9150624837343297,Axis Bluechip Fund - Regular - Growth
119092,2022-12-06,4.2471930269423535,Axis Bluechip Fund - Regular - Growth
119092,2022-12-07,3.7688262958363596,Axis Bluechip Fund - Regular - Growth
119092,2022-12-08,3.3597723261419437,Axis Bluechip Fund - Regular - Growth
119092,2022-12-09,3.4115759339609113,Axis Bluechip Fund - Regular - Growth
119092,2022-12-10,3.4115759339609113,Axis Bluechip Fund - Regular - Growth
119092,2022-12-11,3.6936630600611684,Axis Bluechip Fund - Regular - Growth
119092,2022-12-12,4.00164517380731,Axis Bluechip Fund - Regular - Growth
119092,2022-12-13,4.0956425774197935,Axis Bluechip Fund - Regular - Growth
119092,2022-12-14,4.118455213084187,Axis Bluechip Fund - Regular - Growth
119092,2022-12-15,3.6775096361380495,Axis Bluechip Fund - Regular - Growth
119092,2022-12-16,3.7314243471898907,Axis Bluechip Fund - Regular - Growth
119092,2022-12-17,3.7314243471898902,Axis Bluechip Fund - Regular - Growth
119092,2022-12-18,3.487449632601828,Axis Bluechip Fund - Regular - Growth
119092,2022-12-19,3.4985548570186493,Axis Bluechip Fund - Regular - Growth
119092,2022-12-20,3.1354618409567294,Axis Bluechip Fund - Regular - Growth
119092,2022-12-21,3.1045287500830794,Axis Bluechip Fund - Regular - Growth
119092,2022-12-22,2.7611253218871186,Axis Bluechip Fund - Regular - Growth
119092,2022-12-23,2.635850105141615,Axis Bluechip Fund - Regular - Growth
119092,2022-12-24,2.635850105141615,Axis Bluechip Fund - Regular - Growth
119092,2022-12-25,2.194970922699812,Axis Bluechip Fund - Regular - Growth
119092,2022-12-26,2.201801770120927,Axis Bluechip Fund - Regular - Growth
119092,2022-12-27,1.841858778465062,Axis Bluechip Fund - Regular - Growth
119092,2022-12-28,1.7833550332664065,Axis Bluechip Fund - Regular - Growth
119092,2022-12-29,1.8885976034531722,Axis Bluechip Fund - Regular - Growth
119092,2022-12-30,2.104559828595527,Axis Bluechip Fund - Regular - Growth
119092,2022-12-31,2.104559828595527,Axis Bluechip Fund - Regular - Growth
119092,2023-01-01,1.8746563960253881,Axis Bluechip Fund - Regular - Growth
119092,2023-01-02,1.4385551900186808,Axis Bluechip Fund - Regular - Growth
119092,2023-01-03,1.0476326172910269,Axis Bluechip Fund - Regular - Growth
119092,2023-01-04,1.1667652368870398,Axis Bluechip Fund - Regular - Growth
119092,2023-01-05,1.4338826487193712,Axis Bluechip Fund - Regular - Growth
119092,2023-01-06,1.9246300096357036,Axis Bluechip Fund - Regular - Growth
119092,2023-01-07,1.9246300096357036,Axis Bluechip Fund - Regular - Growth
119092,2023-01-08,1.778570110969439,Axis Bluechip Fund - Regular - Growth
119092,2023-01-09,1.8240413237824915,Axis Bluechip Fund - Regular - Growth
119092,2023-01-10,1.9840604753522608,Axis Bluechip Fund - Regular - Growth
119092,2023-01-11,2.1866928454637393,Axis Bluechip Fund - Regular - Growth
119092,2023-01-12,1.8079771734614358,Axis Bluechip Fund - Regular - Growth
119092,2023-01-13,1.9246382971388896,Axis Bluechip Fund - Regular - Growth
119092,2023-01-14,1.9246382971388896,Axis Bluechip Fund - Regular - Growth
119092,2023-01-15,2.2597755571117766,Axis Bluechip Fund - Regular - Growth
119092,2023-01-16,2.1861677846774303,Axis Bluechip Fund - Regular - Growth
119092,2023-01-17,2.013599285897154,Axis Bluechip Fund - Regular - Growth
119092,2023-01-18,1.927226721869036,Axis Bluechip Fund - Regular - Growth
119092,2023-01-19,2.049918531910603,Axis Bluechip Fund - Regular - Growth
119092,2023-01-20,1.6849055326589395,Axis Bluechip Fund - Regular - Growth
119092,2023-01-21,1.6849055326589395,Axis Bluechip Fund - Regular - Growth
119092,2023-01-22,1.9346346097452662,Axis Bluechip Fund - Regular - Growth
119092,2023-01-23,1.9791759950794376,Axis Bluechip Fund - Regular - Growth
119092,2023-01-24,1.5866159415417622,Axis Bluechip Fund - Regular - Growth
119092,2023-01-25,1.6750754739461802,Axis Bluechip Fund - Regular - Growth
119092,2023-01-26,1.8119640305147355,Axis Bluechip Fund - Regular - Growth
119092,2023-01-27,2.128034342352188,Axis Bluechip Fund - Regular - Growth
119092,2023-01-28,2.128034342352188,Axis Bluechip Fund - Regular - Growth
119092,2023-01-29,1.8426481414625826,Axis Bluechip Fund - Regular - Growth
119092,2023-01-30,1.4239759658616973,Axis Bluechip Fund - Regular - Growth
119092,2023-01-31,1.5065192590113716,Axis Bluechip Fund - Regular - Growth
119092,2023-02-01,1.3687595410209457,Axis Bluechip Fund - Regular - Growth
119092,2023-02-02,1.2096200321455988,Axis Bluechip Fund - Regular - Growth
119092,2023-02-03,1.3672227100982788,Axis Bluechip Fund - Regular - Growth
119092,2023-02-04,1.3672227100982788,Axis Bluechip Fund - Regular - Growth
119092,2023-02-05,1.616875752987664,Axis Bluechip Fund - Regular - Growth
119092,2023-02-06,1.4899314766544158,Axis Bluechip Fund - Regular - Growth
119092,2023-02-07,1.6061161175340168,Axis Bluechip Fund - Regular - Growth
119092,2023-02-08,1.4843940863262512,Axis Bluechip Fund - Regular - Growth
119092,2023-02-09,1.6850342008798098,Axis Bluechip Fund - Regular - Growth
119092,2023-02-10,1.8488538526538596,Axis Bluechip Fund - Regular - Growth
119092,2023-02-11,1.8488538526538596,Axis Bluechip Fund - Regular - Growth
119092,2023-02-12,1.9305326697814036,Axis Bluechip Fund - Regular - Growth
119092,2023-02-13,1.7072794792527388,Axis Bluechip Fund - Regular - Growth
119092,2023-02-14,1.3078662513420274,Axis Bluechip Fund - Regular - Growth
119092,2023-02-15,0.8881078469173485,Axis Bluechip Fund - Regular - Growth
119092,2023-02-16,0.7194546288543374,Axis Bluechip Fund - Regular - Growth
119092,2023-02-17,0.7410819587712134,Axis Bluechip Fund - Regular - Growth
119092,2023-02-18,0.7410819587712134,Axis Bluechip Fund - Regular - Growth
119092,2023-02-19,0.6362373393648731,Axis Bluechip Fund - Regular - Growth
119092,2023-02-20,1.116378507228143,Axis Bluechip Fund - Regular - Growth
119092,2023-02-21,1.0554325590581017,Axis Bluechip Fund - Regular - Growth
119092,2023-02-22,0.3760831436348455,Axis Bluechip Fund - Regular - Growth
119092,2023-02-23,0.5419579477835079,Axis Bluechip Fund - Regular - Growth
119092,2023-02-24,0.4540649402195783,Axis Bluechip Fund - Regular - Growth
119092,2023-02-25,0.4540649402195783,Axis Bluechip Fund - Regular - Growth
119092,2023-02-26,0.12675803503179184,Axis Bluechip Fund - Regular - Growth
119092,2023-02-27,0.28057876750940847,Axis Bluechip Fund - Regular - Growth
119092,2023-02-28,0.8921879369591997,Axis Bluechip Fund - Regular - Growth
119092,2023-03-01,0.89522070067939,Axis Bluechip Fund - Regular - Growth
119092,2023-03-02,0.3863804090780601,Axis Bluechip Fund - Regular - Growth
119092,2023-03-03,0.43178340623378986,Axis Bluechip Fund - Regular - Growth
119092,2023-03-04,0.43178340623378986,Axis Bluechip Fund - Regular - Growth
119092,2023-03-05,0.4296257378062861,Axis Bluechip Fund - Regular - Growth
119092,2023-03-06,-0.007090380470964617,Axis Bluechip Fund - Regular - Growth
119092,2023-03-07,0.0947342523087757,Axis Bluechip Fund - Regular - Growth
119092,2023-03-08,0.21683544305856386,Axis Bluechip Fund - Regular - Growth
119092,2023-03-09,0.042350105582367056,Axis Bluechip Fund - Regular - Growth
119092,2023-03-10,0.34170310364909906,Axis Bluechip Fund - Regular - Growth
119092,2023-03-11,0.34170310364909906,Axis Bluechip Fund - Regular - Growth
119092,2023-03-12,0.2193463281270827,Axis Bluechip Fund - Regular - Growth
119092,2023-03-13,-0.22864580863259715,Axis Bluechip Fund - Regular - Growth
119092,2023-03-14,-0.6677982270579654,Axis Bluechip Fund - Regular - Growth
119092,2023-03-15,-0.36661915660339356,Axis Bluechip Fund - Regular - Growth
119092,2023-03-16,-0.4099744903159711,Axis Bluechip Fund - Regular - Growth
119092,2023-03-17,-0.5104934737272482,Axis Bluechip Fund - Regular - Growth
119092,2023-03-18,-0.5104934737272482,Axis Bluechip Fund - Regular - Growth
119092,2023-03-19,-0.6682765171706005,Axis Bluechip Fund - Regular - Growth
119092,2023-03-20,-0.2780403904474154,Axis Bluechip Fund - Regular - Growth
119092,2023-03-21,-0.029014100885548184,Axis Bluechip Fund - Regular - Growth
119092,2023-03-22,0.21200013555798486,Axis Bluechip Fund - Regular - Growth
119092,2023-03-23,0.5078815408026426,Axis Bluechip Fund - Regular - Growth
119092,2023-03-24,0.23733561113299834,Axis Bluechip Fund - Regular - Growth
119092,2023-03-25,0.23733561113299834,Axis Bluechip Fund - Regular - Growth
119092,2023-03-26,0.10600724027696928,Axis Bluechip Fund - Regular - Growth
119092,2023-03-27,0.9954189054436038,Axis Bluechip Fund - Regular - Growth
119092,2023-03-28,1.126825028289966,Axis Bluechip Fund - Regular - Growth
119092,2023-03-29,1.1179466155949607,Axis Bluechip Fund - Regular - Growth
119092,2023-03-30,0.6259320443463385,Axis Bluechip Fund - Regular - Growth
119092,2023-03-31,0.8398949234450243,Axis Bluechip Fund - Regular - Growth
119092,2023-04-01,0.8398949234450243,Axis Bluechip Fund - Regular - Growth
119092,2023-04-02,1.0808832675643647,Axis Bluechip Fund - Regular - Growth
119092,2023-04-03,1.3219328633546408,Axis Bluechip Fund - Regular - Growth
119092,2023-04-04,1.2167831611383602,Axis Bluechip Fund - Regular - Growth
119092,2023-04-05,0.8872899559966188,Axis Bluechip Fund - Regular - Growth
119092,2023-04-06,-0.02366680663403574,Axis Bluechip Fund - Regular - Growth
119092,2023-04-07,0.09221902315201831,Axis Bluechip Fund - Regular - Growth
119092,2023-04-08,0.09221902315201831,Axis Bluechip Fund - Regular - Growth
119092,2023-04-09,-0.028343213893011563,Axis Bluechip Fund - Regular - Growth
119092,2023-04-10,0.19163136599805927,Axis Bluechip Fund - Regular - Growth
119092,2023-04-11,0.38800953075151196,Axis Bluechip Fund - Regular - Growth
119092,2023-04-12,0.8233162224323536,Axis Bluechip Fund - Regular - Growth
119092,2023-04-13,0.6796955945563848,Axis Bluechip Fund - Regular - Growth
119092,2023-04-14,0.5981148881829911,Axis Bluechip Fund - Regular - Growth
119092,2023-04-15,0.5981148881829913,Axis Bluechip Fund - Regular - Growth
119092,2023-04-16,0.6028789696340447,Axis Bluechip Fund - Regular - Growth
119092,2023-04-17,0.6875373604702704,Axis Bluechip Fund - Regular - Growth
119092,2023-04-18,0.8509900213625912,Axis Bluechip Fund - Regular - Growth
119092,2023-04-19,0.8015394827806471,Axis Bluechip Fund - Regular - Growth
119092,2023-04-20,1.5009919105477334,Axis Bluechip Fund - Regular - Growth
119092,2023-04-21,1.4637398650314428,Axis Bluechip Fund - Regular - Growth
119092,2023-04-22,1.4637398650314428,Axis Bluechip Fund - Regular - Growth
119092,2023-04-23,1.2624497038008493,Axis Bluechip Fund - Regular - Growth
119092,2023-04-24,1.228226221898828,Axis Bluechip Fund - Regular - Growth
119092,2023-04-25,1.25843654217975,Axis Bluechip Fund - Regular - Growth
119092,2023-04-26,0.9964879352974919,Axis Bluechip Fund - Regular - Growth
119092,2023-04-27,0.5683653396751044,Axis Bluechip Fund - Regular - Growth
119092,2023-04-28,0.8845894732523217,Axis Bluechip Fund - Regular - Growth
119092,2023-04-29,0.8845894732523217,Axis Bluechip Fund - Regular - Growth
119092,2023-04-30,1.3201549996144577,Axis Bluechip Fund - Regular - Growth
119092,2023-05-01,1.5039044800389414,Axis Bluechip Fund - Regular - Growth
119092,2023-05-02,1.0599647309101556,Axis Bluechip Fund - Regular - Growth
119092,2023-05-03,1.7980752548468426,Axis Bluechip Fund - Regular - Growth
119092,2023-05-04,0.8830517430666903,Axis Bluechip Fund - Regular - Growth
119092,2023-05-05,1.3323915920228209,Axis Bluechip Fund - Regular - Growth
119092,2023-05-06,1.3323915920228209,Axis Bluechip Fund - Regular - Growth
119092,2023-05-07,1.294352281873202,Axis Bluechip Fund - Regular - Growth
119092,2023-05-08,1.1890073996810038,Axis Bluechip Fund - Regular - Growth
119092,2023-05-09,1.3562181075587247,Axis Bluechip Fund - Regular - Growth
119092,2023-05-10,1.2541222768440616,Axis Bluechip Fund - Regular - Growth
119092,2023-05-11,1.159720045771885,Axis Bluechip Fund - Regular - Growth
119092,2023-05-12,1.1726158894079166,Axis Bluechip Fund - Regular - Growth
119092,2023-05-13,1.1726158894079166,Axis Bluechip Fund - Regular - Growth
119092,2023-05-14,1.1317282382719425,Axis Bluechip Fund - Regular - Growth
119092,2023-05-15,1.218117345053927,Axis Bluechip Fund - Regular - Growth
119092,2023-05-16,1.584715277688557,Axis Bluechip Fund - Regular - Growth
119092,2023-05-17,1.6567374942019863,Axis Bluechip Fund - Regular - Growth
119092,2023-05-18,1.4265199686643308,Axis Bluechip Fund - Regular - Growth
119092,2023-05-19,1.5927778606597438,Axis Bluechip Fund - Regular - Growth
119092,2023-05-20,1.5927778606597438,Axis Bluechip Fund - Regular - Growth
119092,2023-05-21,1.393914022338866,Axis Bluechip Fund - Regular - Growth
119092,2023-05-22,1.6113901252017553,Axis Bluechip Fund - Regular - Growth
119092,2023-05-23,1.7743329749946761,Axis Bluechip Fund - Regular - Growth
119092,2023-05-24,1.8619544315339893,Axis Bluechip Fund - Regular - Growth
119092,2023-05-25,1.9352046511186614,Axis Bluechip Fund - Regular - Growth
119092,2023-05-26,1.898658707525551,Axis Bluechip Fund - Regular - Growth
119092,2023-05-27,1.898658707525551,Axis Bluechip Fund - Regular - Growth
119092,2023-05-28,1.722550631296542,Axis Bluechip Fund - Regular - Growth
119092,2023-05-29,1.665283029356464,Axis Bluechip Fund - Regular - Growth
119092,2023-05-30,0.951330950794571,Axis Bluechip Fund - Regular - Growth
119092,2023-05-31,1.0590203541670846,Axis Bluechip Fund - Regular - Growth
119092,2023-06-01,1.1749845287099838,Axis Bluechip Fund - Regular - Growth
119092,2023-06-02,1.1826180246034774,Axis Bluechip Fund - Regular - Growth
119092,2023-06-03,1.1826180246034774,Axis Bluechip Fund - Regular - Growth
119092,2023-06-04,1.3219622970027363,Axis Bluechip Fund - Regular - Growth
119092,2023-06-05,1.306714811048618,Axis Bluechip Fund - Regular - Growth
119092,2023-06-06,1.6895990472551514,Axis Bluechip Fund - Regular - Growth
119092,2023-06-07,1.7442275952265947,Axis Bluechip Fund - Regular - Growth
119092,2023-06-08,1.224378256162376,Axis Bluechip Fund - Regular - Growth
119092,2023-06-09,1.6430659908434202,Axis Bluechip Fund - Regular - Growth
119092,2023-06-10,1.6430659908434202,Axis Bluechip Fund - Regular - Growth
119092,2023-06-11,1.7514490384314307,Axis Bluechip Fund - Regular - Growth
119092,2023-06-12,1.8023971631536657,Axis Bluechip Fund - Regular - Growth
119092,2023-06-13,1.9456873984344214,Axis Bluechip Fund - Regular - Growth
119092,2023-06-14,1.7752801927510649,Axis Bluechip Fund - Regular - Growth
119092,2023-06-15,1.9059061744257868,Axis Bluechip Fund - Regular - Growth
119092,2023-06-16,1.7245898649001006,Axis Bluechip Fund - Regular - Growth
119092,2023-06-17,1.7245898649001006,Axis Bluechip Fund - Regular - Growth
119092,2023-06-18,1.7456832485046834,Axis Bluechip Fund - Regular - Growth
119092,2023-06-19,1.2936963613712147,Axis Bluechip Fund - Regular - Growth
119092,2023-06-20,1.2653812933225521,Axis Bluechip Fund - Regular - Growth
119092,2023-06-21,1.2308765214302717,Axis Bluechip Fund - Regular - Growth
119092,2023-06-22,1.7006333380464491,Axis Bluechip Fund - Regular - Growth
119092,2023-06-23,1.7055384905779625,Axis Bluechip Fund - Regular - Growth
119092,2023-06-24,1.7055384905779625,Axis Bluechip Fund - Regular - Growth
119092,2023-06-25,1.1808249019624706,Axis Bluechip Fund - Regular - Growth
119092,2023-06-26,1.3912367817068987,Axis Bluechip Fund - Regular - Growth
119092,2023-06-27,1.3412814302081308,Axis Bluechip Fund - Regular - Growth
119092,2023-06-28,1.7160172665869837,Axis Bluechip Fund - Regular - Growth
119092,2023-06-29,1.2221370015842674,Axis Bluechip Fund - Regular - Growth
119092,2023-06-30,1.103329504964612,Axis Bluechip Fund - Regular - Growth
119092,2023-07-01,1.103329504964612,Axis Bluechip Fund - Regular - Growth
119092,2023-07-02,1.1975074159722565,Axis Bluechip Fund - Regular - Growth
119092,2023-07-03,1.3441900635829611,Axis Bluechip Fund - Regular - Growth
119092,2023-07-04,1.712297394059979,Axis Bluechip Fund - Regular - Growth
119092,2023-07-05,2.042004003750152,Axis Bluechip Fund - Regular - Growth
119092,2023-07-06,1.7633606245315763,Axis Bluechip Fund - Regular - Growth
119092,2023-07-07,1.8021142939218506,Axis Bluechip Fund - Regular - Growth
119092,2023-07-08,1.8021142939218506,Axis Bluechip Fund - Regular - Growth
119092,2023-07-09,1.5852986198553571,Axis Bluechip Fund - Regular - Growth
119092,2023-07-10,1.4677155326939038,Axis Bluechip Fund - Regular - Growth
119092,2023-07-11,1.0620557809856181,Axis Bluechip Fund - Regular - Growth
119092,2023-07-12,1.2106233186686313,Axis Bluechip Fund - Regular - Growth
119092,2023-07-13,0.9153935172876089,Axis Bluechip Fund - Regular - Growth
119092,2023-07-14,0.9661470435706786,Axis Bluechip Fund - Regular - Growth
119092,2023-07-15,0.9661470435706786,Axis Bluechip Fund - Regular - Growth
119092,2023-07-16,0.89376907992408,Axis Bluechip Fund - Regular - Growth
119092,2023-07-17,1.0732729973037463,Axis Bluechip Fund - Regular - Growth
119092,2023-07-18,1.2086724125480426,Axis Bluechip Fund - Regular - Growth
119092,2023-07-19,1.1062941350977926,Axis Bluechip Fund - Regular - Growth
119092,2023-07-20,0.9602366537352827,Axis Bluechip Fund - Regular - Growth
119092,2023-07-21,1.307903879665449,Axis Bluechip Fund - Regular - Growth
119092,2023-07-22,1.307903879665449,Axis Bluechip Fund - Regular - Growth
119092,2023-07-23,1.5031339055413653,Axis Bluechip Fund - Regular - Growth
119092,2023-07-24,1.7619144681998353,Axis Bluechip Fund - Regular - Growth
119092,2023-07-25,1.5643356995684587,Axis Bluechip Fund - Regular - Growth
119092,2023-07-26,1.4839528206111756,Axis Bluechip Fund - Regular - Growth
119092,2023-07-27,1.4794476609035097,Axis Bluechip Fund - Regular - Growth
119092,2023-07-28,1.8102432068489986,Axis Bluechip Fund - Regular - Growth
119092,2023-07-29,1.8102432068489986,Axis Bluechip Fund - Regular - Growth
119092,2023-07-30,1.6485329256013812,Axis Bluechip Fund - Regular - Growth
119092,2023-07-31,1.6857823452629979,Axis Bluechip Fund - Regular - Growth
119092,2023-08-01,1.1989855347132499,Axis Bluechip Fund - Regular - Growth
119092,2023-08-02,1.8015291130291986,Axis Bluechip Fund - Regular - Growth
119092,2023-08-03,0.9005664636111231,Axis Bluechip Fund - Regular - Growth
119092,2023-08-04,0.9167692479748216,Axis Bluechip Fund - Regular - Growth
119092,2023-08-05,0.9167692479748216,Axis Bluechip Fund - Regular - Growth
119092,2023-08-06,0.9649286482538202,Axis Bluechip Fund - Regular - Growth
119092,2023-08-07,1.2395398078728228,Axis Bluechip Fund - Regular - Growth
119092,2023-08-08,0.9423519011233724,Axis Bluechip Fund - Regular - Growth
119092,2023-08-09,0.8907255534843388,Axis Bluechip Fund - Regular - Growth
119092,2023-08-10,0.7709587451611192,Axis Bluechip Fund - Regular - Growth
119092,2023-08-11,1.0957281899752578,Axis Bluechip Fund - Regular - Growth
119092,2023-08-12,1.0957281899752578,Axis Bluechip Fund - Regular - Growth
119092,2023-08-13,1.1107330386202878,Axis Bluechip Fund - Regular - Growth
119092,2023-08-14,0.7436340784470682,Axis Bluechip Fund - Regular - Growth
119092,2023-08-15,0.9232894815583248,Axis Bluechip Fund - Regular - Growth
119092,2023-08-16,0.9982230377750534,Axis Bluechip Fund - Regular - Growth
119092,2023-08-17,1.0040200849256926,Axis Bluechip Fund - Regular - Growth
119092,2023-08-18,1.065317978333738,Axis Bluechip Fund - Regular - Growth
119092,2023-08-19,1.065317978333738,Axis Bluechip Fund - Regular - Growth
119092,2023-08-20,0.9512272186561722,Axis Bluechip Fund - Regular - Growth
119092,2023-08-21,1.034003166974374,Axis Bluechip Fund - Regular - Growth
119092,2023-08-22,0.7186325442743455,Axis Bluechip Fund - Regular - Growth
119092,2023-08-23,0.8140331210219031,Axis Bluechip Fund - Regular - Growth
119092,2023-08-24,0.7697709549896657,Axis Bluechip Fund - Regular - Growth
119092,2023-08-25,0.642436410188499,Axis Bluechip Fund - Regular - Growth
119092,2023-08-26,0.642436410188499,Axis Bluechip Fund - Regular - Growth
119092,2023-08-27,0.6804172006773644,Axis Bluechip Fund - Regular - Growth
119092,2023-08-28,1.4902453049668414,Axis Bluechip Fund - Regular - Growth
119092,2023-08-29,1.7097016617573721,Axis Bluechip Fund - Regular - Growth
119092,2023-08-30,1.6965893896846014,Axis Bluechip Fund - Regular - Growth
119092,2023-08-31,1.6192048395303311,Axis Bluechip Fund - Regular - Growth
119092,2023-09-01,1.5928409982888512,Axis Bluechip Fund - Regular - Growth
119092,2023-09-02,1.5928409982888512,Axis Bluechip Fund - Regular - Growth
119092,2023-09-03,1.8653931139534008,Axis Bluechip Fund - Regular - Growth
119092,2023-09-04,1.6241361235921936,Axis Bluechip Fund - Regular - Growth
119092,2023-09-05,1.7563676666261996,Axis Bluechip Fund - Regular - Growth
119092,2023-09-06,2.163164544428537,Axis Bluechip Fund - Regular - Growth
119092,2023-09-07,1.7575560757824766,Axis Bluechip Fund - Regular - Growth
119092,2023-09-08,1.5890822866435044,Axis Bluechip Fund - Regular - Growth
119092,2023-09-09,1.5890822866435044,Axis Bluechip Fund - Regular - Growth
119092,2023-09-10,1.8216176817414047,Axis Bluechip Fund - Regular - Growth
119092,2023-09-11,1.7983384990213898,Axis Bluechip Fund - Regular - Growth
119092,2023-09-12,1.9850291933274942,Axis Bluechip Fund - Regular - Growth
119092,2023-09-13,1.6093034826765122,Axis Bluechip Fund - Regular - Growth
119092,2023-09-14,1.3053580286689261,Axis Bluechip Fund - Regular - Growth
119092,2023-09-15,1.3794760718960588,Axis Bluechip Fund - Regular - Growth
119092,2023-09-16,1.3794760718960588,Axis Bluechip Fund - Regular - Growth
119092,2023-09-17,1.646649406351073,Axis Bluechip Fund - Regular - Growth
119092,2023-09-18,1.3545190995632839,Axis Bluechip Fund - Regular - Growth
119092,2023-09-19,1.3597443043511543,Axis Bluechip Fund - Regular - Growth
119092,2023-09-20,0.9580012985048318,Axis Bluechip Fund - Regular - Growth
119092,2023-09-21,0.9935662118272568,Axis Bluechip Fund - Regular - Growth
119092,2023-09-22,0.9245406176357305,Axis Bluechip Fund - Regular - Growth
119092,2023-09-23,0.9245406176357305,Axis Bluechip Fund - Regular - Growth
119092,2023-09-24,0.4544950707964968,Axis Bluechip Fund - Regular - Growth
119092,2023-09-25,0.7661305042573789,Axis Bluechip Fund - Regular - Growth
119092,2023-09-26,0.8454177198571825,Axis Bluechip Fund - Regular - Growth
119092,2023-09-27,1.4276265285151954,Axis Bluechip Fund - Regular - Growth
119092,2023-09-28,1.5698258751061918,Axis Bluechip Fund - Regular - Growth
119092,2023-09-29,1.7514215096927768,Axis Bluechip Fund - Regular - Growth
119092,2023-09-30,1.7514215096927768,Axis Bluechip Fund - Regular - Growth
119092,2023-10-01,1.6301637030618155,Axis Bluechip Fund - Regular - Growth
119092,2023-10-02,1.6681452440398896,Axis Bluechip Fund - Regular - Growth
119092,2023-10-03,1.9133394708732394,Axis Bluechip Fund - Regular - Growth
119092,2023-10-04,2.0823951004059054,Axis Bluechip Fund - Regular - Growth
119092,2023-10-05,1.732046419696126,Axis Bluechip Fund - Regular - Growth
119092,2023-10-06,1.2891540083251003,Axis Bluechip Fund - Regular - Growth
119092,2023-10-07,1.2891540083251003,Axis Bluechip Fund - Regular - Growth
119092,2023-10-08,1.253271350290231,Axis Bluechip Fund - Regular - Growth
119092,2023-10-09,1.8155937557772899,Axis Bluechip Fund - Regular - Growth
119092,2023-10-10,1.784677181349788,Axis Bluechip Fund - Regular - Growth
119092,2023-10-11,2.2813519179171906,Axis Bluechip Fund - Regular - Growth
119092,2023-10-12,2.5131937123419914,Axis Bluechip Fund - Regular - Growth
119092,2023-10-13,2.1472074657531492,Axis Bluechip Fund - Regular - Growth
119092,2023-10-14,2.1472074657531492,Axis Bluechip Fund - Regular - Growth
119092,2023-10-15,1.8216422677968833,Axis Bluechip Fund - Regular - Growth
119092,2023-10-16,1.613955978021231,Axis Bluechip Fund - Regular - Growth
119092,2023-10-17,1.4325974663093384,Axis Bluechip Fund - Regular - Growth
119092,2023-10-18,1.770634150431371,Axis Bluechip Fund - Regular - Growth
119092,2023-10-19,1.2912004504488703,Axis Bluechip Fund - Regular - Growth
119092,2023-10-20,1.0429794945003208,Axis Bluechip Fund - Regular - Growth
119092,2023-10-21,1.0429794945003208,Axis Bluechip Fund - Regular - Growth
119092,2023-10-22,0.7571688676107209,Axis Bluechip Fund - Regular - Growth
119092,2023-10-23,0.6773347606090194,Axis Bluechip Fund - Regular - Growth
119092,2023-10-24,1.0068515403813822,Axis Bluechip Fund - Regular - Growth
119092,2023-10-25,0.599689799441351,Axis Bluechip Fund - Regular - Growth
119092,2023-10-26,0.11200817135365415,Axis Bluechip Fund - Regular - Growth
119092,2023-10-27,0.2590048248084799,Axis Bluechip Fund - Regular - Growth
119092,2023-10-28,0.2590048248084799,Axis Bluechip Fund - Regular - Growth
119092,2023-10-29,0.519800215111997,Axis Bluechip Fund - Regular - Growth
119092,2023-10-30,0.587244552741965,Axis Bluechip Fund - Regular - Growth
119092,2023-10-31,0.2475865559391366,Axis Bluechip Fund - Regular - Growth
119092,2023-11-01,0.37630035493084074,Axis Bluechip Fund - Regular - Growth
119092,2023-11-02,0.36001150088174194,Axis Bluechip Fund - Regular - Growth
119092,2023-11-03,0.47839396295460446,Axis Bluechip Fund - Regular - Growth
119092,2023-11-04,0.47839396295460446,Axis Bluechip Fund - Regular - Growth
119092,2023-11-05,0.21340302968754563,Axis Bluechip Fund - Regular - Growth
119092,2023-11-06,0.48750383413541654,Axis Bluechip Fund - Regular - Growth
119092,2023-11-07,0.5536481028590232,Axis Bluechip Fund - Regular - Growth
119092,2023-11-08,0.3228808517143759,Axis Bluechip Fund - Regular - Growth
119092,2023-11-09,-0.3679457283400558,Axis Bluechip Fund - Regular - Growth
119092,2023-11-10,0.13362099333501712,Axis Bluechip Fund - Regular - Growth
119092,2023-11-11,0.13362099333501712,Axis Bluechip Fund - Regular - Growth
119092,2023-11-12,0.2401499690925864,Axis Bluechip Fund - Regular - Growth
119092,2023-11-13,0.1809827072704792,Axis Bluechip Fund - Regular - Growth
119092,2023-11-14,0.4664728493455162,Axis Bluechip Fund - Regular - Growth
119092,2023-11-15,0.16743962491041664,Axis Bluechip Fund - Regular - Growth
119092,2023-11-16,0.06472518632699663,Axis Bluechip Fund - Regular - Growth
119092,2023-11-17,0.0766262571260744,Axis Bluechip Fund - Regular - Growth
119092,2023-11-18,0.0766262571260744,Axis Bluechip Fund - Regular - Growth
119092,2023-11-19,0.09337255452921182,Axis Bluechip Fund - Regular - Growth
119092,2023-11-20,0.5303817464121852,Axis Bluechip Fund - Regular - Growth
119092,2023-11-21,0.5466831938529413,Axis Bluechip Fund - Regular - Growth
119092,2023-11-22,0.7465169673246189,Axis Bluechip Fund - Regular - Growth
119092,2023-11-23,0.8572097635954448,Axis Bluechip Fund - Regular - Growth
119092,2023-11-24,1.0296129002148373,Axis Bluechip Fund - Regular - Growth
119092,2023-11-25,1.0296129002148373,Axis Bluechip Fund - Regular - Growth
119092,2023-11-26,0.7233567168074454,Axis Bluechip Fund - Regular - Growth
119092,2023-11-27,0.6727307994124132,Axis Bluechip Fund - Regular - Growth
119092,2023-11-28,0.5478007852582021,Axis Bluechip Fund - Regular - Growth
119092,2023-11-29,0.4723847629891946,Axis Bluechip Fund - Regular - Growth
119092,2023-11-30,0.48766455390462465,Axis Bluechip Fund - Regular - Growth
119092,2023-12-01,0.2708823538578424,Axis Bluechip Fund - Regular - Growth
119092,2023-12-02,0.27088235385784243,Axis Bluechip Fund - Regular - Growth
119092,2023-12-03,0.3107230579923615,Axis Bluechip Fund - Regular - Growth
119092,2023-12-04,0.23185780283395951,Axis Bluechip Fund - Regular - Growth
119092,2023-12-05,0.11604196861395182,Axis Bluechip Fund - Regular - Growth
119092,2023-12-06,-0.36296521905533236,Axis Bluechip Fund - Regular - Growth
119092,2023-12-07,-0.2508233845620781,Axis Bluechip Fund - Regular - Growth
119092,2023-12-08,-0.4718974898009107,Axis Bluechip Fund - Regular - Growth
119092,2023-12-09,-0.4718974898009107,Axis Bluechip Fund - Regular - Growth
119092,2023-12-10,-0.6403428419878981,Axis Bluechip Fund - Regular - Growth
119092,2023-12-11,-0.5448384383727327,Axis Bluechip Fund - Regular - Growth
119092,2023-12-12,-0.12892527952243468,Axis Bluechip Fund - Regular - Growth
119092,2023-12-13,0.22178545776140746,Axis Bluechip Fund - Regular - Growth
119092,2023-12-14,0.27417806970608005,Axis Bluechip Fund - Regular - Growth
119092,2023-12-15,0.40937082475786785,Axis Bluechip Fund - Regular - Growth
119092,2023-12-16,0.40937082475786785,Axis Bluechip Fund - Regular - Growth
119092,2023-12-17,0.5726895597387579,Axis Bluechip Fund - Regular - Growth
119092,2023-12-18,0.43441086767600573,Axis Bluechip Fund - Regular - Growth
119092,2023-12-19,0.9081461038921373,Axis Bluechip Fund - Regular - Growth
119092,2023-12-20,0.7280605829560429,Axis Bluechip Fund - Regular - Growth
119092,2023-12-21,1.094317578916527,Axis Bluechip Fund - Regular - Growth
119092,2023-12-22,1.0600859986119877,Axis Bluechip Fund - Regular - Growth
119092,2023-12-23,1.0600859986119877,Axis Bluechip Fund - Regular - Growth
119092,2023-12-24,0.7064376893025668,Axis Bluechip Fund - Regular - Growth
119092,2023-12-25,0.3339459666464272,Axis Bluechip Fund - Regular - Growth
119092,2023-12-26,-0.02223759279302679,Axis Bluechip Fund - Regular - Growth
119092,2023-12-27,-0.25676604282517573,Axis Bluechip Fund - Regular - Growth
119092,2023-12-28,-0.264925787613083,Axis Bluechip Fund - Regular - Growth
119092,2023-12-29,-0.5765408784208328,Axis Bluechip Fund - Regular - Growth
119092,2023-12-30,-0.5765408784208328,Axis Bluechip Fund - Regular - Growth
119092,2023-12-31,-0.6076805989149683,Axis Bluechip Fund - Regular - Growth
119092,2024-01-01,-0.6255699891776082,Axis Bluechip Fund - Regular - Growth
119092,2024-01-02,-0.7990359997390558,Axis Bluechip Fund - Regular - Growth
119092,2024-01-03,-0.3428120570461236,Axis Bluechip Fund - Regular - Growth
119092,2024-01-04,0.07440230220933378,Axis Bluechip Fund - Regular - Growth
119092,2024-01-05,0.14451864470609174,Axis Bluechip Fund - Regular - Growth
119092,2024-01-06,0.14451864470609174,Axis Bluechip Fund - Regular - Growth
119092,2024-01-07,-0.2316240969893451,Axis Bluechip Fund - Regular - Growth
119092,2024-01-08,-0.4650474356363662,Axis Bluechip Fund - Regular - Growth
119092,2024-01-09,-0.5079784507011162,Axis Bluechip Fund - Regular - Growth
119092,2024-01-10,-0.8245208964501564,Axis Bluechip Fund - Regular - Growth
119092,2024-01-11,-0.7856942559241751,Axis Bluechip Fund - Regular - Growth
119092,2024-01-12,-0.9815140329306907,Axis Bluechip Fund - Regular - Growth
119092,2024-01-13,-0.9815140329306907,Axis Bluechip Fund - Regular - Growth
119092,2024-01-14,-0.9151145328092728,Axis Bluechip Fund - Regular - Growth
119092,2024-01-15,-0.9815186342160777,Axis Bluechip Fund - Regular - Growth
119092,2024-01-16,-1.3196243248045665,Axis Bluechip Fund - Regular - Growth
119092,2024-01-17,-0.8709252416497693,Axis Bluechip Fund - Regular - Growth
119092,2024-01-18,-0.612051877438189,Axis Bluechip Fund - Regular - Growth
119092,2024-01-19,-0.7689032555451382,Axis Bluechip Fund - Regular - Growth
119092,2024-01-20,-0.7689032555451382,Axis Bluechip Fund - Regular - Growth
119092,2024-01-21,-0.5201807208439945,Axis Bluechip Fund - Regular - Growth
119092,2024-01-22,-0.9013813168931797,Axis Bluechip Fund - Regular - Growth
119092,2024-01-23,-0.8494493756867875,Axis Bluechip Fund - Regular - Growth
119092,2024-01-24,-0.7906938935827305,Axis Bluechip Fund - Regular - Growth
119092,2024-01-25,-1.1764817696816496,Axis Bluechip Fund - Regular - Growth
119092,2024-01-26,-1.3419037884971579,Axis Bluechip Fund - Regular - Growth
119092,2024-01-27,-1.3419037884971579,Axis Bluechip Fund - Regular - Growth
119092,2024-01-28,-1.2008745988695961,Axis Bluechip Fund - Regular - Growth
119092,2024-01-29,-0.6519704111233695,Axis Bluechip Fund - Regular - Growth
119092,2024-01-30,-0.2511483074979951,Axis Bluechip Fund - Regular - Growth
119092,2024-01-31,-0.2736578342403724,Axis Bluechip Fund - Regular - Growth
119092,2024-02-01,-0.39207403761747156,Axis Bluechip Fund - Regular - Growth
119092,2024-02-02,-0.38900748096119553,Axis Bluechip Fund - Regular - Growth
119092,2024-02-03,-0.38900748096119553,Axis Bluechip Fund - Regular - Growth
119092,2024-02-04,-0.3550285440373626,Axis Bluechip Fund - Regular - Growth
119092,2024-02-05,-0.5079837494228017,Axis Bluechip Fund - Regular - Growth
119092,2024-02-06,-0.0045528704221883985,Axis Bluechip Fund - Regular - Growth
119092,2024-02-07,0.48574840848798034,Axis Bluechip Fund - Regular - Growth
119092,2024-02-08,-0.48254242959968224,Axis Bluechip Fund - Regular - Growth
119092,2024-02-09,-0.5013078470697415,Axis Bluechip Fund - Regular - Growth
119092,2024-02-10,-0.5013078470697415,Axis Bluechip Fund - Regular - Growth
119092,2024-02-11,-0.8530801729595511,Axis Bluechip Fund - Regular - Growth
119092,2024-02-12,-1.428109649855666,Axis Bluechip Fund - Regular - Growth
119092,2024-02-13,-1.0892622202491211,Axis Bluechip Fund - Regular - Growth
119092,2024-02-14,-0.8218447022069683,Axis Bluechip Fund - Regular - Growth
119092,2024-02-15,-0.9743215314981339,Axis Bluechip Fund - Regular - Growth
119092,2024-02-16,-0.9891591647365062,Axis Bluechip Fund - Regular - Growth
119092,2024-02-17,-0.9891591647365062,Axis Bluechip Fund - Regular - Growth
119092,2024-02-18,-1.3747972168321156,Axis Bluechip Fund - Regular - Growth
119092,2024-02-19,-1.9435841648086387,Axis Bluechip Fund - Regular - Growth
119092,2024-02-20,-1.814295794425015,Axis Bluechip Fund - Regular - Growth
119092,2024-02-21,-1.5833412718343098,Axis Bluechip Fund - Regular - Growth
119092,2024-02-22,-1.4816119802469596,Axis Bluechip Fund - Regular - Growth
119092,2024-02-23,-1.0720718283682324,Axis Bluechip Fund - Regular - Growth
119092,2024-02-24,-1.0720718283682324,Axis Bluechip Fund - Regular - Growth
119092,2024-02-25,-1.1599507158967297,Axis Bluechip Fund - Regular - Growth
119092,2024-02-26,-1.443047083741456,Axis Bluechip Fund - Regular - Growth
119092,2024-02-27,-1.052386889752329,Axis Bluechip Fund - Regular - Growth
119092,2024-02-28,-0.6613374028079168,Axis Bluechip Fund - Regular - Growth
119092,2024-02-29,-0.7481729695785971,Axis Bluechip Fund - Regular - Growth
119092,2024-03-01,-0.773640643963048,Axis Bluechip Fund - Regular - Growth
119092,2024-03-02,-0.773640643963048,Axis Bluechip Fund - Regular - Growth
119092,2024-03-03,-0.7777634874170201,Axis Bluechip Fund - Regular - Growth
119092,2024-03-04,-0.879677088266605,Axis Bluechip Fund - Regular - Growth
119092,2024-03-05,-0.15392217491405302,Axis Bluechip Fund - Regular - Growth
119092,2024-03-06,-0.6262806283049369,Axis Bluechip Fund - Regular - Growth
119092,2024-03-07,0.045899471800577504,Axis Bluechip Fund - Regular - Growth
119092,2024-03-08,0.03403360870381113,Axis Bluechip Fund - Regular - Growth
119092,2024-03-09,0.03403360870381113,Axis Bluechip Fund - Regular - Growth
119092,2024-03-10,-0.08877767213538491,Axis Bluechip Fund - Regular - Growth
119092,2024-03-11,-0.02680512071278846,Axis Bluechip Fund - Regular - Growth
119092,2024-03-12,0.05333762283871546,Axis Bluechip Fund - Regular - Growth
119092,2024-03-13,0.04079094157454127,Axis Bluechip Fund - Regular - Growth
119092,2024-03-14,-0.5720853761407158,Axis Bluechip Fund - Regular - Growth
119092,2024-03-15,-0.6405084925091372,Axis Bluechip Fund - Regular - Growth
119092,2024-03-16,-0.6405084925091372,Axis Bluechip Fund - Regular - Growth
119092,2024-03-17,-0.6044289187559349,Axis Bluechip Fund - Regular - Growth
119092,2024-03-18,-0.7622127616065277,Axis Bluechip Fund - Regular - Growth
119092,2024-03-19,-0.5462703811390073,Axis Bluechip Fund - Regular - Growth
119092,2024-03-20,-1.2160166579798182,Axis Bluechip Fund - Regular - Growth
119092,2024-03-21,-1.1540958811713469,Axis Bluechip Fund - Regular - Growth
119092,2024-03-22,-1.3119110279253867,Axis Bluechip Fund - Regular - Growth
119092,2024-03-23,-1.3119110279253867,Axis Bluechip Fund - Regular - Growth
119092,2024-03-24,-1.1492049786196434,Axis Bluechip Fund - Regular - Growth
119092,2024-03-25,-1.261948609631798,Axis Bluechip Fund - Regular - Growth
119092,2024-03-26,-1.3403790556180322,Axis Bluechip Fund - Regular - Growth
119092,2024-03-27,-1.3789809979666698,Axis Bluechip Fund - Regular - Growth
119092,2024-03-28,-0.8057844828001822,Axis Bluechip Fund - Regular - Growth
119092,2024-03-29,-0.321744487115359,Axis Bluechip Fund - Regular - Growth
119092,2024-03-30,-0.321744487115359,Axis Bluechip Fund - Regular - Growth
119092,2024-03-31,-0.6324985034512502,Axis Bluechip Fund - Regular - Growth
119092,2024-04-01,-0.7372275060298168,Axis Bluechip Fund - Regular - Growth
119092,2024-04-02,-0.7524281867645172,Axis Bluechip Fund - Regular - Growth
119092,2024-04-03,-0.5798509104054032,Axis Bluechip Fund - Regular - Growth
119092,2024-04-04,-0.7547620636204984,Axis Bluechip Fund - Regular - Growth
119092,2024-04-05,-0.9265367108320383,Axis Bluechip Fund - Regular - Growth
119092,2024-04-06,-0.9265367108320383,Axis Bluechip Fund - Regular - Growth
119092,2024-04-07,-0.8192191212701607,Axis Bluechip Fund - Regular - Growth
119092,2024-04-08,-1.1079083675082166,Axis Bluechip Fund - Regular - Growth
119092,2024-04-09,-1.2422101484007502,Axis Bluechip Fund - Regular - Growth
119092,2024-04-10,-0.9163816877053298,Axis Bluechip Fund - Regular - Growth
119092,2024-04-11,-0.4302866986861348,Axis Bluechip Fund - Regular - Growth
119092,2024-04-12,-0.18887898634340816,Axis Bluechip Fund - Regular - Growth
119092,2024-04-13,-0.18887898634340813,Axis Bluechip Fund - Regular - Growth
119092,2024-04-14,-0.09152771550538537,Axis Bluechip Fund - Regular - Growth
119092,2024-04-15,-0.26070522431256815,Axis Bluechip Fund - Regular - Growth
119092,2024-04-16,-0.6766375213913166,Axis Bluechip Fund - Regular - Growth
119092,2024-04-17,-0.40810984062995287,Axis Bluechip Fund - Regular - Growth
119092,2024-04-18,-0.39892188211449536,Axis Bluechip Fund - Regular - Growth
119092,2024-04-19,-0.39860928245948435,Axis Bluechip Fund - Regular - Growth
119092,2024-04-20,-0.39860928245948435,Axis Bluechip Fund - Regular - Growth
119092,2024-04-21,-0.3130207418010545,Axis Bluechip Fund - Regular - Growth
119092,2024-04-22,-0.5410552315540446,Axis Bluechip Fund - Regular - Growth
119092,2024-04-23,-0.2545639388828039,Axis Bluechip Fund - Regular - Growth
119092,2024-04-24,-0.4086394797497528,Axis Bluechip Fund - Regular - Growth
119092,2024-04-25,-0.5585632539447961,Axis Bluechip Fund - Regular - Growth
119092,2024-04-26,-0.34525660446813194,Axis Bluechip Fund - Regular - Growth
119092,2024-04-27,-0.34525660446813194,Axis Bluechip Fund - Regular - Growth
119092,2024-04-28,-0.5026427771899119,Axis Bluechip Fund - Regular - Growth
119092,2024-04-29,-0.1688730491823672,Axis Bluechip Fund - Regular - Growth
119092,2024-04-30,-0.19417940174767845,Axis Bluechip Fund - Regular - Growth
119092,2024-05-01,-0.20320602015188907,Axis Bluechip Fund - Regular - Growth
119092,2024-05-02,-0.027338796597489404,Axis Bluechip Fund - Regular - Growth
119092,2024-05-03,0.03617917269397128,Axis Bluechip Fund - Regular - Growth
119092,2024-05-04,0.03617917269397128,Axis Bluechip Fund - Regular - Growth
119092,2024-05-05,0.06358545021712057,Axis Bluechip Fund - Regular - Growth
119092,2024-05-06,-0.09899152051988973,Axis Bluechip Fund - Regular - Growth
119092,2024-05-07,-0.26869375008633734,Axis Bluechip Fund - Regular - Growth
119092,2024-05-08,-0.26782431240311527,Axis Bluechip Fund - Regular - Growth
119092,2024-05-09,-0.20105400117162336,Axis Bluechip Fund - Regular - Growth
119092,2024-05-10,-0.20715232567838113,Axis Bluechip Fund - Regular - Growth
119092,2024-05-11,-0.20715232567838113,Axis Bluechip Fund - Regular - Growth
119092,2024-05-12,0.05605864169007221,Axis Bluechip Fund - Regular - Growth
119092,2024-05-13,-0.14295268100359113,Axis Bluechip Fund - Regular - Growth
119092,2024-05-14,-0.4701551983165818,Axis Bluechip Fund - Regular - Growth
119092,2024-05-15,-0.5222609819837981,Axis Bluechip Fund - Regular - Growth
119092,2024-05-16,-0.3849781929728476,Axis Bluechip Fund - Regular - Growth
119092,2024-05-17,-0.20997739848628205,Axis Bluechip Fund - Regular - Growth
119092,2024-05-18,-0.20997739848628205,Axis Bluechip Fund - Regular - Growth
119092,2024-05-19,0.16669432729578804,Axis Bluechip Fund - Regular - Growth
119092,2024-05-20,-0.0788188862579593,Axis Bluechip Fund - Regular - Growth
119092,2024-05-21,-0.29594579267341803,Axis Bluechip Fund - Regular - Growth
119092,2024-05-22,-0.6808215273352328,Axis Bluechip Fund - Regular - Growth
119092,2024-05-23,-0.794623568520515,Axis Bluechip Fund - Regular - Growth
119092,2024-05-24,-0.7773071453491295,Axis Bluechip Fund - Regular - Growth
119092,2024-05-25,-0.7773071453491295,Axis Bluechip Fund - Regular - Growth
119092,2024-05-26,-0.5586304737879184,Axis Bluechip Fund - Regular - Growth
119092,2024-05-27,-0.6637240993831737,Axis Bluechip Fund - Regular - Growth
119092,2024-05-28,-0.8990036778836965,Axis Bluechip Fund - Regular - Growth
119092,2024-05-29,-0.674186837014388,Axis Bluechip Fund - Regular - Growth
119092,2024-05-30,-0.8660735754470082,Axis Bluechip Fund - Regular - Growth
119092,2024-05-31,-1.0466582421749162,Axis Bluechip Fund - Regular - Growth
119092,2024-06-01,-1.0466582421749162,Axis Bluechip Fund - Regular - Growth
119092,2024-06-02,-0.9866358986026583,Axis Bluechip Fund - Regular - Growth
119092,2024-06-03,-0.9280287691225853,Axis Bluechip Fund - Regular - Growth
119092,2024-06-04,-0.6238675989373397,Axis Bluechip Fund - Regular - Growth
119092,2024-06-05,-1.113902083772219,Axis Bluechip Fund - Regular - Growth
119092,2024-06-06,-1.3174248705935834,Axis Bluechip Fund - Regular - Growth
119092,2024-06-07,-1.5440849458621249,Axis Bluechip Fund - Regular - Growth
119092,2024-06-08,-1.5440849458621249,Axis Bluechip Fund - Regular - Growth
119092,2024-06-09,-1.762260577165406,Axis Bluechip Fund - Regular - Growth
119092,2024-06-10,-1.9044217035819198,Axis Bluechip Fund - Regular - Growth
119092,2024-06-11,-1.6148667542324153,Axis Bluechip Fund - Regular - Growth
119092,2024-06-12,-1.044948860780892,Axis Bluechip Fund - Regular - Growth
119092,2024-06-13,-1.0738643468959317,Axis Bluechip Fund - Regular - Growth
119092,2024-06-14,-0.8238015699377823,Axis Bluechip Fund - Regular - Growth
119092,2024-06-15,-0.8238015699377823,Axis Bluechip Fund - Regular - Growth
119092,2024-06-16,-1.019929980764982,Axis Bluechip Fund - Regular - Growth
119092,2024-06-17,-1.1136296444839198,Axis Bluechip Fund - Regular - Growth
119092,2024-06-18,-0.48871050413854933,Axis Bluechip Fund - Regular - Growth
119092,2024-06-19,-0.031982332281103795,Axis Bluechip Fund - Regular - Growth
119092,2024-06-20,0.3388796269388719,Axis Bluechip Fund - Regular - Growth
119092,2024-06-21,0.3695385370057409,Axis Bluechip Fund - Regular - Growth
119092,2024-06-22,0.3695385370057409,Axis Bluechip Fund - Regular - Growth
119092,2024-06-23,0.5416016022676271,Axis Bluechip Fund - Regular - Growth
119092,2024-06-24,1.0002716167084682,Axis Bluechip Fund - Regular - Growth
119092,2024-06-25,0.8793147751883459,Axis Bluechip Fund - Regular - Growth
119092,2024-06-26,0.27326137597808103,Axis Bluechip Fund - Regular - Growth
119092,2024-06-27,-0.30073602133928673,Axis Bluechip Fund - Regular - Growth
119092,2024-06-28,-0.4836455676180639,Axis Bluechip Fund - Regular - Growth
119092,2024-06-29,-0.4836455676180639,Axis Bluechip Fund - Regular - Growth
119092,2024-06-30,-0.19452774971682335,Axis Bluechip Fund - Regular - Growth
119092,2024-07-01,-0.5006808074209302,Axis Bluechip Fund - Regular - Growth
119092,2024-07-02,-0.28890168557715706,Axis Bluechip Fund - Regular - Growth
119092,2024-07-03,0.06382226602821355,Axis Bluechip Fund - Regular - Growth
119092,2024-07-04,0.34328193563891995,Axis Bluechip Fund - Regular - Growth
119092,2024-07-05,0.5203615888868683,Axis Bluechip Fund - Regular - Growth
119092,2024-07-06,0.5203615888868683,Axis Bluechip Fund - Regular - Growth
119092,2024-07-07,0.7359888609167544,Axis Bluechip Fund - Regular - Growth
119092,2024-07-08,0.44628324623642757,Axis Bluechip Fund - Regular - Growth
119092,2024-07-09,0.5505796640481597,Axis Bluechip Fund - Regular - Growth
119092,2024-07-10,0.46870198076934766,Axis Bluechip Fund - Regular - Growth
119092,2024-07-11,-0.20024064355796764,Axis Bluechip Fund - Regular - Growth
119092,2024-07-12,-0.0368094815660838,Axis Bluechip Fund - Regular - Growth
119092,2024-07-13,-0.0368094815660838,Axis Bluechip Fund - Regular - Growth
119092,2024-07-14,0.2717494824398861,Axis Bluechip Fund - Regular - Growth
119092,2024-07-15,0.1445090816592681,Axis Bluechip Fund - Regular - Growth
119092,2024-07-16,-0.495696619725381,Axis Bluechip Fund - Regular - Growth
119092,2024-07-17,-0.09066076821333997,Axis Bluechip Fund - Regular - Growth
119092,2024-07-18,-0.27232965537811554,Axis Bluechip Fund - Regular - Growth
119092,2024-07-19,-0.3974811056883499,Axis Bluechip Fund - Regular - Growth
119092,2024-07-20,-0.3974811056883499,Axis Bluechip Fund - Regular - Growth
119092,2024-07-21,-0.08502761395696362,Axis Bluechip Fund - Regular - Growth
119092,2024-07-22,-0.11759954087454692,Axis Bluechip Fund - Regular - Growth
119092,2024-07-23,0.19920502938485524,Axis Bluechip Fund - Regular - Growth
119092,2024-07-24,0.49974966088432676,Axis Bluechip Fund - Regular - Growth
119092,2024-07-25,0.24469355346651742,Axis Bluechip Fund - Regular - Growth
119092,2024-07-26,0.3282487279125194,Axis Bluechip Fund - Regular - Growth
119092,2024-07-27,0.3282487279125194,Axis Bluechip Fund - Regular - Growth
119092,2024-07-28,-0.08563741210504318,Axis Bluechip Fund - Regular - Growth
119092,2024-07-29,-0.07200527974000612,Axis Bluechip Fund - Regular - Growth
119092,2024-07-30,-0.03777338032638175,Axis Bluechip Fund - Regular - Growth
119092,2024-07-31,-0.3407577479941958,Axis Bluechip Fund - Regular - Growth
119092,2024-08-01,-0.32720781776583335,Axis Bluechip Fund - Regular - Growth
119092,2024-08-02,-0.24715952819267772,Axis Bluechip Fund - Regular - Growth
119092,2024-08-03,-0.24715952819267772,Axis Bluechip Fund - Regular - Growth
119092,2024-08-04,-0.18016501401925053,Axis Bluechip Fund - Regular - Growth
119092,2024-08-05,0.32302789668209153,Axis Bluechip Fund - Regular - Growth
119092,2024-08-06,0.5770161023192746,Axis Bluechip Fund - Regular - Growth
119092,2024-08-07,0.48905512617799546,Axis Bluechip Fund - Regular - Growth
119092,2024-08-08,0.5586550026391967,Axis Bluechip Fund - Regular - Growth
119092,2024-08-09,0.7695484318005286,Axis Bluechip Fund - Regular - Growth
119092,2024-08-10,0.7695484318005286,Axis Bluechip Fund - Regular - Growth
119092,2024-08-11,0.8500703510094882,Axis Bluechip Fund - Regular - Growth
119092,2024-08-12,0.8301838147499726,Axis Bluechip Fund - Regular - Growth
119092,2024-08-13,1.046344610317419,Axis Bluechip Fund - Regular - Growth
119092,2024-08-14,0.3759283272322269,Axis Bluechip Fund - Regular - Growth
119092,2024-08-15,0.1432742501384991,Axis Bluechip Fund - Regular - Growth
119092,2024-08-16,0.37065367112098846,Axis Bluechip Fund - Regular - Growth
119092,2024-08-17,0.37065367112098846,Axis Bluechip Fund - Regular - Growth
119092,2024-08-18,0.424908113752346,Axis Bluechip Fund - Regular - Growth
119092,2024-08-19,0.3651957064359205,Axis Bluechip Fund - Regular - Growth
119092,2024-08-20,0.5742360903941187,Axis Bluechip Fund - Regular - Growth
119092,2024-08-21,0.2793277380777786,Axis Bluechip Fund - Regular - Growth
119092,2024-08-22,0.09888053160085064,Axis Bluechip Fund - Regular - Growth
119092,2024-08-23,0.30532998686611,Axis Bluechip Fund - Regular - Growth
119092,2024-08-24,0.30532998686611,Axis Bluechip Fund - Regular - Growth
119092,2024-08-25,0.22004764675660993,Axis Bluechip Fund - Regular - Growth
119092,2024-08-26,-0.060372357978271535,Axis Bluechip Fund - Regular - Growth
119092,2024-08-27,0.059385121388596945,Axis Bluechip Fund - Regular - Growth
119092,2024-08-28,0.354983489275691,Axis Bluechip Fund - Regular - Growth
119092,2024-08-29,0.3844874262373553,Axis Bluechip Fund - Regular - Growth
119092,2024-08-30,0.4275300410948646,Axis Bluechip Fund - Regular - Growth
119092,2024-08-31,0.4275300410948646,Axis Bluechip Fund - Regular - Growth
119092,2024-09-01,0.18949081654687397,Axis Bluechip Fund - Regular - Growth
119092,2024-09-02,0.14685248579173835,Axis Bluechip Fund - Regular - Growth
119092,2024-09-03,0.3355978407110608,Axis Bluechip Fund - Regular - Growth
119092,2024-09-04,0.2984845478991052,Axis Bluechip Fund - Regular - Growth
119092,2024-09-05,0.4788622377041742,Axis Bluechip Fund - Regular - Growth
119092,2024-09-06,0.4391544813131239,Axis Bluechip Fund - Regular - Growth
119092,2024-09-07,0.4391544813131239,Axis Bluechip Fund - Regular - Growth
119092,2024-09-08,0.5858689643818268,Axis Bluechip Fund - Regular - Growth
119092,2024-09-09,0.47266251221792566,Axis Bluechip Fund - Regular - Growth
119092,2024-09-10,0.3661532859089835,Axis Bluechip Fund - Regular - Growth
119092,2024-09-11,0.671228948698849,Axis Bluechip Fund - Regular - Growth
119092,2024-09-12,0.5651193434341161,Axis Bluechip Fund - Regular - Growth
119092,2024-09-13,0.6900460902065136,Axis Bluechip Fund - Regular - Growth
119092,2024-09-14,0.6900460902065136,Axis Bluechip Fund - Regular - Growth
119092,2024-09-15,0.7095948839875482,Axis Bluechip Fund - Regular - Growth
119092,2024-09-16,0.3627823096992104,Axis Bluechip Fund - Regular - Growth
119092,2024-09-17,0.11177869611453503,Axis Bluechip Fund - Regular - Growth
119092,2024-09-18,-0.19286593020347167,Axis Bluechip Fund - Regular - Growth
119092,2024-09-19,-0.578403248833133,Axis Bluechip Fund - Regular - Growth
119092,2024-09-20,-0.6119632428206512,Axis Bluechip Fund - Regular - Growth
119092,2024-09-21,-0.6119632428206512,Axis Bluechip Fund - Regular - Growth
119092,2024-09-22,-0.7796438515351376,Axis Bluechip Fund - Regular - Growth
119092,2024-09-23,-0.6829380761026953,Axis Bluechip Fund - Regular - Growth
119092,2024-09-24,-0.6381100975627483,Axis Bluechip Fund - Regular - Growth
119092,2024-09-25,-0.6860283715389065,Axis Bluechip Fund - Regular - Growth
119092,2024-09-26,-0.7424263308049719,Axis Bluechip Fund - Regular - Growth
119092,2024-09-27,-0.5560134365957522,Axis Bluechip Fund - Regular - Growth
119092,2024-09-28,-0.5560134365957522,Axis Bluechip Fund - Regular - Growth
119092,2024-09-29,-0.4252145852906982,Axis Bluechip Fund - Regular - Growth
119092,2024-09-30,-0.45326439123062595,Axis Bluechip Fund - Regular - Growth
119092,2024-10-01,-0.7509133580823204,Axis Bluechip Fund - Regular - Growth
119092,2024-10-02,-0.730372999652978,Axis Bluechip Fund - Regular - Growth
119092,2024-10-03,-0.8008923792679965,Axis Bluechip Fund - Regular - Growth
119092,2024-10-04,-0.43523596753936,Axis Bluechip Fund - Regular - Growth
119092,2024-10-05,-0.43523596753936,Axis Bluechip Fund - Regular - Growth
119092,2024-10-06,-0.047474003917562096,Axis Bluechip Fund - Regular - Growth
119092,2024-10-07,-0.3523138849099505,Axis Bluechip Fund - Regular - Growth
119092,2024-10-08,-0.6145454050445625,Axis Bluechip Fund - Regular - Growth
119092,2024-10-09,-0.20498784192219796,Axis Bluechip Fund - Regular - Growth
119092,2024-10-10,-0.36817752079664945,Axis Bluechip Fund - Regular - Growth
119092,2024-10-11,0.2230966702982377,Axis Bluechip Fund - Regular - Growth
119092,2024-10-12,0.2230966702982377,Axis Bluechip Fund - Regular - Growth
119092,2024-10-13,0.5299054722506571,Axis Bluechip Fund - Regular - Growth
119092,2024-10-14,1.0074629585377888,Axis Bluechip Fund - Regular - Growth
119092,2024-10-15,0.507657961960713,Axis Bluechip Fund - Regular - Growth
119092,2024-10-16,0.47211735543556005,Axis Bluechip Fund - Regular - Growth
119092,2024-10-17,0.9216559267924798,Axis Bluechip Fund - Regular - Growth
119092,2024-10-18,0.7329199818761694,Axis Bluechip Fund - Regular - Growth
119092,2024-10-19,0.7329199818761694,Axis Bluechip Fund - Regular - Growth
119092,2024-10-20,0.49681920536057056,Axis Bluechip Fund - Regular - Growth
119092,2024-10-21,0.7184796957035361,Axis Bluechip Fund - Regular - Growth
119092,2024-10-22,0.6015206516799587,Axis Bluechip Fund - Regular - Growth
119092,2024-10-23,0.3538250310349112,Axis Bluechip Fund - Regular - Growth
119092,2024-10-24,0.41131849123213576,Axis Bluechip Fund - Regular - Growth
119092,2024-10-25,0.28159769808500046,Axis Bluechip Fund - Regular - Growth
119092,2024-10-26,0.28159769808500046,Axis Bluechip Fund - Regular - Growth
119092,2024-10-27,0.31941946082012646,Axis Bluechip Fund - Regular - Growth
119092,2024-10-28,0.3890299644727343,Axis Bluechip Fund - Regular - Growth
119092,2024-10-29,0.6140805701084224,Axis Bluechip Fund - Regular - Growth
119092,2024-10-30,0.6567875945070998,Axis Bluechip Fund - Regular - Growth
119092,2024-10-31,0.5265518985444518,Axis Bluechip Fund - Regular - Growth
119092,2024-11-01,0.6909123844153806,Axis Bluechip Fund - Regular - Growth
119092,2024-11-02,0.6909123844153806,Axis Bluechip Fund - Regular - Growth
119092,2024-11-03,0.2594076021656779,Axis Bluechip Fund - Regular - Growth
119092,2024-11-04,0.13405553172114273,Axis Bluechip Fund - Regular - Growth
119092,2024-11-05,-0.3631535218784529,Axis Bluechip Fund - Regular - Growth
119092,2024-11-06,-0.2591922172781137,Axis Bluechip Fund - Regular - Growth
119092,2024-11-07,-0.4378437835984834,Axis Bluechip Fund - Regular - Growth
119092,2024-11-08,-0.5572953933125604,Axis Bluechip Fund - Regular - Growth
119092,2024-11-09,-0.5572953933125603,Axis Bluechip Fund - Regular - Growth
119092,2024-11-10,-0.33504679379816166,Axis Bluechip Fund - Regular - Growth
119092,2024-11-11,-0.6700977908745668,Axis Bluechip Fund - Regular - Growth
119092,2024-11-12,-0.5795845167883285,Axis Bluechip Fund - Regular - Growth
119092,2024-11-13,-0.5081916039085693,Axis Bluechip Fund - Regular - Growth
119092,2024-11-14,-0.3736511369222149,Axis Bluechip Fund - Regular - Growth
119092,2024-11-15,-0.39108470245126215,Axis Bluechip Fund - Regular - Growth
119092,2024-11-16,-0.39108470245126215,Axis Bluechip Fund - Regular - Growth
119092,2024-11-17,-0.24687397621900362,Axis Bluechip Fund - Regular - Growth
119092,2024-11-18,-0.3645026210028033,Axis Bluechip Fund - Regular - Growth
119092,2024-11-19,-0.2547802724811394,Axis Bluechip Fund - Regular - Growth
119092,2024-11-20,0.4001151724051759,Axis Bluechip Fund - Regular - Growth
119092,2024-11-21,0.35454382646205573,Axis Bluechip Fund - Regular - Growth
119092,2024-11-22,0.16883945244245688,Axis Bluechip Fund - Regular - Growth
119092,2024-11-23,0.16883945244245688,Axis Bluechip Fund - Regular - Growth
119092,2024-11-24,0.37861088344276356,Axis Bluechip Fund - Regular - Growth
119092,2024-11-25,0.32260353059820224,Axis Bluechip Fund - Regular - Growth
119092,2024-11-26,0.32768733850453424,Axis Bluechip Fund - Regular - Growth
119092,2024-11-27,0.2837686247448831,Axis Bluechip Fund - Regular - Growth
119092,2024-11-28,0.4100434201137997,Axis Bluechip Fund - Regular - Growth
119092,2024-11-29,0.24945206226926178,Axis Bluechip Fund - Regular - Growth
119092,2024-11-30,0.24945206226926178,Axis Bluechip Fund - Regular - Growth
119092,2024-12-01,0.4352727330400875,Axis Bluechip Fund - Regular - Growth
119092,2024-12-02,0.007872517348599546,Axis Bluechip Fund - Regular - Growth
119092,2024-12-03,0.29953020739828917,Axis Bluechip Fund - Regular - Growth
119092,2024-12-04,0.35391009230707543,Axis Bluechip Fund - Regular - Growth
119092,2024-12-05,0.407082264916668,Axis Bluechip Fund - Regular - Growth
119092,2024-12-06,0.2575928699663421,Axis Bluechip Fund - Regular - Growth
119092,2024-12-07,0.2575928699663421,Axis Bluechip Fund - Regular - Growth
119092,2024-12-08,0.010483873609686896,Axis Bluechip Fund - Regular - Growth
119092,2024-12-09,-0.15131409389940956,Axis Bluechip Fund - Regular - Growth
119092,2024-12-10,-0.11392654209052192,Axis Bluechip Fund - Regular - Growth
119092,2024-12-11,-0.1381207999063089,Axis Bluechip Fund - Regular - Growth
119092,2024-12-12,-0.4544582694245362,Axis Bluechip Fund - Regular - Growth
119092,2024-12-13,-0.8276549442379976,Axis Bluechip Fund - Regular - Growth
119092,2024-12-14,-0.8276549442379976,Axis Bluechip Fund - Regular - Growth
119092,2024-12-15,-0.771885554441445,Axis Bluechip Fund - Regular - Growth
119092,2024-12-16,-1.1754226150491667,Axis Bluechip Fund - Regular - Growth
119092,2024-12-17,-1.0693721935458813,Axis Bluechip Fund - Regular - Growth
119092,2024-12-18,-0.8605561744256202,Axis Bluechip Fund - Regular - Growth
119092,2024-12-19,-0.9614193587417756,Axis Bluechip Fund - Regular - Growth
119092,2024-12-20,-1.070447344698673,Axis Bluechip Fund - Regular - Growth
119092,2024-12-21,-1.070447344698673,Axis Bluechip Fund - Regular - Growth
119092,2024-12-22,-1.180787315671048,Axis Bluechip Fund - Regular - Growth
119092,2024-12-23,-0.8768349263857446,Axis Bluechip Fund - Regular - Growth
119092,2024-12-24,-0.5198462518920456,Axis Bluechip Fund - Regular - Growth
119092,2024-12-25,-0.2617971471445315,Axis Bluechip Fund - Regular - Growth
119092,2024-12-26,-0.4211768254192585,Axis Bluechip Fund - Regular - Growth
119092,2024-12-27,-0.45714584087081445,Axis Bluechip Fund - Regular - Growth
119092,2024-12-28,-0.45714584087081445,Axis Bluechip Fund - Regular - Growth
119092,2024-12-29,-0.8585673699727554,Axis Bluechip Fund - Regular - Growth
119092,2024-12-30,-0.9217654828543668,Axis Bluechip Fund - Regular - Growth
119092,2024-12-31,-0.8360211141266853,Axis Bluechip Fund - Regular - Growth
119092,2025-01-01,-0.7809236024669783,Axis Bluechip Fund - Regular - Growth
119092,2025-01-02,-0.6596631037626021,Axis Bluechip Fund - Regular - Growth
119092,2025-01-03,-0.5119036503719218,Axis Bluechip Fund - Regular - Growth
119092,2025-01-04,-0.5119036503719218,Axis Bluechip Fund - Regular - Growth
119092,2025-01-05,-0.38489683702883254,Axis Bluechip Fund - Regular - Growth
119092,2025-01-06,-0.4445573009736211,Axis Bluechip Fund - Regular - Growth
119092,2025-01-07,-0.5630838777183863,Axis Bluechip Fund - Regular - Growth
119092,2025-01-08,-0.36993779338874366,Axis Bluechip Fund - Regular - Growth
119092,2025-01-09,-1.1462256672851885,Axis Bluechip Fund - Regular - Growth
119092,2025-01-10,-0.9422046964497073,Axis Bluechip Fund - Regular - Growth
119092,2025-01-11,-0.9422046964497073,Axis Bluechip Fund - Regular - Growth
119092,2025-01-12,-0.9623816949612264,Axis Bluechip Fund - Regular - Growth
119092,2025-01-13,-0.942386483263303,Axis Bluechip Fund - Regular - Growth
119092,2025-01-14,-0.6113032377054642,Axis Bluechip Fund - Regular - Growth
119092,2025-01-15,-1.144850686329544,Axis Bluechip Fund - Regular - Growth
119092,2025-01-16,-0.7693071446989416,Axis Bluechip Fund - Regular - Growth
119092,2025-01-17,-1.0233974129753498,Axis Bluechip Fund - Regular - Growth
119092,2025-01-18,-1.0233974129753498,Axis Bluechip Fund - Regular - Growth
119092,2025-01-19,-1.1929610810327462,Axis Bluechip Fund - Regular - Growth
119092,2025-01-20,-0.9792767442496213,Axis Bluechip Fund - Regular - Growth
119092,2025-01-21,-0.7478479622392785,Axis Bluechip Fund - Regular - Growth
119092,2025-01-22,-0.8675236591661547,Axis Bluechip Fund - Regular - Growth
119092,2025-01-23,-0.8151070198357787,Axis Bluechip Fund - Regular - Growth
119092,2025-01-24,-0.8974335002428527,Axis Bluechip Fund - Regular - Growth
119092,2025-01-25,-0.8974335002428527,Axis Bluechip Fund - Regular - Growth
119092,2025-01-26,-1.0120437425743194,Axis Bluechip Fund - Regular - Growth
119092,2025-01-27,-1.0951550607421778,Axis Bluechip Fund - Regular - Growth
119092,2025-01-28,-1.449216865944811,Axis Bluechip Fund - Regular - Growth
119092,2025-01-29,-1.6079232760956195,Axis Bluechip Fund - Regular - Growth
119092,2025-01-30,-1.8596935061656146,Axis Bluechip Fund - Regular - Growth
119092,2025-01-31,-1.9369374018323122,Axis Bluechip Fund - Regular - Growth
119092,2025-02-01,-1.9369374018323122,Axis Bluechip Fund - Regular - Growth
119092,2025-02-02,-1.7481300169791187,Axis Bluechip Fund - Regular - Growth
119092,2025-02-03,-1.483278144767334,Axis Bluechip Fund - Regular - Growth
119092,2025-02-04,-1.4237808388530417,Axis Bluechip Fund - Regular - Growth
119092,2025-02-05,-1.545552497226098,Axis Bluechip Fund - Regular - Growth
119092,2025-02-06,-1.456382683768836,Axis Bluechip Fund - Regular - Growth
119092,2025-02-07,-1.7369374616859883,Axis Bluechip Fund - Regular - Growth
119092,2025-02-08,-1.7369374616859883,Axis Bluechip Fund - Regular - Growth
119092,2025-02-09,-1.4273969141119476,Axis Bluechip Fund - Regular - Growth
119092,2025-02-10,-0.4205096119984993,Axis Bluechip Fund - Regular - Growth
119092,2025-02-11,0.14859750549746806,Axis Bluechip Fund - Regular - Growth
119092,2025-02-12,-0.41299226316101745,Axis Bluechip Fund - Regular - Growth
119092,2025-02-13,-0.09368619022951741,Axis Bluechip Fund - Regular - Growth
119092,2025-02-14,-0.10131203896942019,Axis Bluechip Fund - Regular - Growth
119092,2025-02-15,-0.10131203896942019,Axis Bluechip Fund - Regular - Growth
119092,2025-02-16,-0.032409901768394,Axis Bluechip Fund - Regular - Growth
119092,2025-02-17,0.33315581457342147,Axis Bluechip Fund - Regular - Growth
119092,2025-02-18,-0.08529660692493661,Axis Bluechip Fund - Regular - Growth
119092,2025-02-19,-0.23927763215503361,Axis Bluechip Fund - Regular - Growth
119092,2025-02-20,-0.5730915964349734,Axis Bluechip Fund - Regular - Growth
119092,2025-02-21,-0.7515373305146762,Axis Bluechip Fund - Regular - Growth
119092,2025-02-22,-0.7515373305146762,Axis Bluechip Fund - Regular - Growth
119092,2025-02-23,-0.7708939213758875,Axis Bluechip Fund - Regular - Growth
119092,2025-02-24,-0.8416956087823954,Axis Bluechip Fund - Regular - Growth
119092,2025-02-25,-0.5674381775074644,Axis Bluechip Fund - Regular - Growth
119092,2025-02-26,-1.0050339924734282,Axis Bluechip Fund - Regular - Growth
119092,2025-02-27,-0.9863099219827153,Axis Bluechip Fund - Regular - Growth
119092,2025-02-28,-0.8458573894908459,Axis Bluechip Fund - Regular - Growth
119092,2025-03-01,-0.8458573894908459,Axis Bluechip Fund - Regular - Growth
119092,2025-03-02,-0.5340442093581366,Axis Bluechip Fund - Regular - Growth
119092,2025-03-03,-0.8505410227990612,Axis Bluechip Fund - Regular - Growth
119092,2025-03-04,-0.8018834849595111,Axis Bluechip Fund - Regular - Growth
119092,2025-03-05,-0.515427588654232,Axis Bluechip Fund - Regular - Growth
119092,2025-03-06,-0.2634473116948788,Axis Bluechip Fund - Regular - Growth
119092,2025-03-07,-0.1762420954864272,Axis Bluechip Fund - Regular - Growth
119092,2025-03-08,-0.1762420954864272,Axis Bluechip Fund - Regular - Growth
119092,2025-03-09,-0.05205792054388264,Axis Bluechip Fund - Regular - Growth
119092,2025-03-10,-0.7300645694879873,Axis Bluechip Fund - Regular - Growth
119092,2025-03-11,-1.0012446937274115,Axis Bluechip Fund - Regular - Growth
119092,2025-03-12,-0.33636484790195625,Axis Bluechip Fund - Regular - Growth
119092,2025-03-13,-0.05821811387768716,Axis Bluechip Fund - Regular - Growth
119092,2025-03-14,0.2241427378362604,Axis Bluechip Fund - Regular - Growth
119092,2025-03-15,0.2241427378362604,Axis Bluechip Fund - Regular - Growth
119092,2025-03-16,0.4070323472457994,Axis Bluechip Fund - Regular - Growth
119092,2025-03-17,0.2432147857376981,Axis Bluechip Fund - Regular - Growth
119092,2025-03-18,0.3188929627717204,Axis Bluechip Fund - Regular - Growth
119092,2025-03-19,0.5803251968731838,Axis Bluechip Fund - Regular - Growth
119092,2025-03-20,0.7289279025204969,Axis Bluechip Fund - Regular - Growth
119092,2025-03-21,0.822023986312929,Axis Bluechip Fund - Regular - Growth
119092,2025-03-22,0.822023986312929,Axis Bluechip Fund - Regular - Growth
119092,2025-03-23,0.8250424210610585,Axis Bluechip Fund - Regular - Growth
119092,2025-03-24,0.48304129065368645,Axis Bluechip Fund - Regular - Growth
119092,2025-03-25,0.23936797097729587,Axis Bluechip Fund - Regular - Growth
119092,2025-03-26,0.03942002425626845,Axis Bluechip Fund - Regular - Growth
119092,2025-03-27,-0.025011512883749372,Axis Bluechip Fund - Regular - Growth
119092,2025-03-28,-0.06077695726027565,Axis Bluechip Fund - Regular - Growth
119092,2025-03-29,-0.06077695726027565,Axis Bluechip Fund - Regular - Growth
119092,2025-03-30,0.031623822500184626,Axis Bluechip Fund - Regular - Growth
119092,2025-03-31,0.061767731145133856,Axis Bluechip Fund - Regular - Growth
119092,2025-04-01,-0.07653310655644124,Axis Bluechip Fund - Regular - Growth
119092,2025-04-02,-0.42403217063206255,Axis Bluechip Fund - Regular - Growth
119092,2025-04-03,-0.5287907771754925,Axis Bluechip Fund - Regular - Growth
119092,2025-04-04,-0.7525611399386444,Axis Bluechip Fund - Regular - Growth
119092,2025-04-05,-0.7525611399386444,Axis Bluechip Fund - Regular - Growth
119092,2025-04-06,-0.6580904061654479,Axis Bluechip Fund - Regular - Growth
119092,2025-04-07,-0.4608448192845247,Axis Bluechip Fund - Regular - Growth
119092,2025-04-08,-0.6474684580910425,Axis Bluechip Fund - Regular - Growth
119092,2025-04-09,-0.29927235260314256,Axis Bluechip Fund - Regular - Growth
119092,2025-04-10,-0.7119638808548113,Axis Bluechip Fund - Regular - Growth
119092,2025-04-11,-1.1091772320026316,Axis Bluechip Fund - Regular - Growth
119092,2025-04-12,-1.1091772320026316,Axis Bluechip Fund - Regular - Growth
119092,2025-04-13,-0.9633174935994433,Axis Bluechip Fund - Regular - Growth
119092,2025-04-14,-1.0015040157084112,Axis Bluechip Fund - Regular - Growth
119092,2025-04-15,-0.7035406552197706,Axis Bluechip Fund - Regular - Growth
119092,2025-04-16,-0.91686976735645,Axis Bluechip Fund - Regular - Growth
119092,2025-04-17,-0.6514757312283536,Axis Bluechip Fund - Regular - Growth
119092,2025-04-18,-0.44155213670177873,Axis Bluechip Fund - Regular - Growth
119092,2025-04-19,-0.44155213670177873,Axis Bluechip Fund - Regular - Growth
119092,2025-04-20,-0.5143221090335215,Axis Bluechip Fund - Regular - Growth
119092,2025-04-21,-0.5703615258344069,Axis Bluechip Fund - Regular - Growth
119092,2025-04-22,-0.6531008120863917,Axis Bluechip Fund - Regular - Growth
119092,2025-04-23,-0.5502188790707591,Axis Bluechip Fund - Regular - Growth
119092,2025-04-24,-0.7162446310674884,Axis Bluechip Fund - Regular - Growth
119092,2025-04-25,-0.7363615891512804,Axis Bluechip Fund - Regular - Growth
119092,2025-04-26,-0.7363615891512804,Axis Bluechip Fund - Regular - Growth
119092,2025-04-27,-0.7828087601321322,Axis Bluechip Fund - Regular - Growth
119092,2025-04-28,-0.5852595729595099,Axis Bluechip Fund - Regular - Growth
119092,2025-04-29,-0.008916781098978786,Axis Bluechip Fund - Regular - Growth
119092,2025-04-30,0.003921681222734542,Axis Bluechip Fund - Regular - Growth
119092,2025-05-01,0.13146036761177127,Axis Bluechip Fund - Regular - Growth
119092,2025-05-02,0.3383776731548818,Axis Bluechip Fund - Regular - Growth
119092,2025-05-03,0.3383776731548818,Axis Bluechip Fund - Regular - Growth
119092,2025-05-04,0.542226574246311,Axis Bluechip Fund - Regular - Growth
119092,2025-05-05,0.16623062763791172,Axis Bluechip Fund - Regular - Growth
119092,2025-05-06,0.525746486063642,Axis Bluechip Fund - Regular - Growth
119092,2025-05-07,0.9247501826484922,Axis Bluechip Fund - Regular - Growth
119092,2025-05-08,1.2062507495266583,Axis Bluechip Fund - Regular - Growth
119092,2025-05-09,1.1037903477643223,Axis Bluechip Fund - Regular - Growth
119092,2025-05-10,1.1037903477643223,Axis Bluechip Fund - Regular - Growth
119092,2025-05-11,0.680920402043983,Axis Bluechip Fund - Regular - Growth
119092,2025-05-12,0.5203936074717679,Axis Bluechip Fund - Regular - Growth
119092,2025-05-13,0.8692092786795135,Axis Bluechip Fund - Regular - Growth
119092,2025-05-14,0.622880980426883,Axis Bluechip Fund - Regular - Growth
119092,2025-05-15,0.9481114512703973,Axis Bluechip Fund - Regular - Growth
119092,2025-05-16,1.2349859052501184,Axis Bluechip Fund - Regular - Growth
119092,2025-05-17,1.2349859052501184,Axis Bluechip Fund - Regular - Growth
119092,2025-05-18,0.8916193041108522,Axis Bluechip Fund - Regular - Growth
119092,2025-05-19,0.7423478408649938,Axis Bluechip Fund - Regular - Growth
119092,2025-05-20,0.7751030101560792,Axis Bluechip Fund - Regular - Growth
119092,2025-05-21,1.5335106513304106,Axis Bluechip Fund - Regular - Growth
119092,2025-05-22,1.759468350305008,Axis Bluechip Fund - Regular - Growth
119092,2025-05-23,1.418817025188643,Axis Bluechip Fund - Regular - Growth
119092,2025-05-24,1.418817025188643,Axis Bluechip Fund - Regular - Growth
119092,2025-05-25,1.4004540191206707,Axis Bluechip Fund - Regular - Growth
119092,2025-05-26,1.1285677651636896,Axis Bluechip Fund - Regular - Growth
119092,2025-05-27,1.0922548675669996,Axis Bluechip Fund - Regular - Growth
119092,2025-05-28,1.3756421163025854,Axis Bluechip Fund - Regular - Growth
119092,2025-05-29,0.9675622575332739,Axis Bluechip Fund - Regular - Growth
119092,2025-05-30,1.0242870528539696,Axis Bluechip Fund - Regular - Growth
119092,2025-05-31,1.0242870528539696,Axis Bluechip Fund - Regular - Growth
119092,2025-06-01,1.3475485218317045,Axis Bluechip Fund - Regular - Growth
119092,2025-06-02,1.6903506782177382,Axis Bluechip Fund - Regular - Growth
119092,2025-06-03,1.725574883560106,Axis Bluechip Fund - Regular - Growth
119092,2025-06-04,1.1977718735727552,Axis Bluechip Fund - Regular - Growth
119092,2025-06-05,0.8382035419970104,Axis Bluechip Fund - Regular - Growth
119092,2025-06-06,0.681596185344641,Axis Bluechip Fund - Regular - Growth
119092,2025-06-07,0.681596185344641,Axis Bluechip Fund - Regular - Growth
119092,2025-06-08,1.1340144953185307,Axis Bluechip Fund - Regular - Growth
119092,2025-06-09,1.0518205334021105,Axis Bluechip Fund - Regular - Growth
119092,2025-06-10,0.24051687984259304,Axis Bluechip Fund - Regular - Growth
119092,2025-06-11,0.3723739200687997,Axis Bluechip Fund - Regular - Growth
119092,2025-06-12,0.2488243860205184,Axis Bluechip Fund - Regular - Growth
119092,2025-06-13,0.47414491310000967,Axis Bluechip Fund - Regular - Growth
119092,2025-06-14,0.47414491310000967,Axis Bluechip Fund - Regular - Growth
119092,2025-06-15,0.5992399316887378,Axis Bluechip Fund - Regular - Growth
119092,2025-06-16,0.5545562359437306,Axis Bluechip Fund - Regular - Growth
119092,2025-06-17,0.3786193336159616,Axis Bluechip Fund - Regular - Growth
119092,2025-06-18,0.43551318599836736,Axis Bluechip Fund - Regular - Growth
119092,2025-06-19,0.32592411814545386,Axis Bluechip Fund - Regular - Growth
119092,2025-06-20,0.5185366677194002,Axis Bluechip Fund - Regular - Growth
119092,2025-06-21,0.5185366677194002,Axis Bluechip Fund - Regular - Growth
119092,2025-06-22,0.6914663494107945,Axis Bluechip Fund - Regular - Growth
119092,2025-06-23,1.0523583724915067,Axis Bluechip Fund - Regular - Growth
119092,2025-06-24,1.1742304231108003,Axis Bluechip Fund - Regular - Growth
119092,2025-06-25,0.8509416366666445,Axis Bluechip Fund - Regular - Growth
119092,2025-06-26,1.2124786390847635,Axis Bluechip Fund - Regular - Growth
119092,2025-06-27,1.0721713674375737,Axis Bluechip Fund - Regular - Growth
119092,2025-06-28,1.0721713674375737,Axis Bluechip Fund - Regular - Growth
119092,2025-06-29,0.841657425520172,Axis Bluechip Fund - Regular - Growth
119092,2025-06-30,0.8998740006903194,Axis Bluechip Fund - Regular - Growth
119092,2025-07-01,0.3684075514549483,Axis Bluechip Fund - Regular - Growth
119092,2025-07-02,0.3360000715430695,Axis Bluechip Fund - Regular - Growth
119092,2025-07-03,0.5989413502250118,Axis Bluechip Fund - Regular - Growth
119092,2025-07-04,0.6432401198104035,Axis Bluechip Fund - Regular - Growth
119092,2025-07-05,0.6432401198104035,Axis Bluechip Fund - Regular - Growth
119092,2025-07-06,0.6269621785686528,Axis Bluechip Fund - Regular - Growth
119092,2025-07-07,1.166715283838834,Axis Bluechip Fund - Regular - Growth
119092,2025-07-08,0.8900813111188465,Axis Bluechip Fund - Regular - Growth
119092,2025-07-09,1.2715434940797574,Axis Bluechip Fund - Regular - Growth
119092,2025-07-10,1.8356482277083461,Axis Bluechip Fund - Regular - Growth
119092,2025-07-11,1.7014395597992458,Axis Bluechip Fund - Regular - Growth
119092,2025-07-12,1.7014395597992458,Axis Bluechip Fund - Regular - Growth
119092,2025-07-13,1.6532759139202169,Axis Bluechip Fund - Regular - Growth
119092,2025-07-14,1.7401277323008142,Axis Bluechip Fund - Regular - Growth
119092,2025-07-15,1.743304075252345,Axis Bluechip Fund - Regular - Growth
119092,2025-07-16,1.9075359563528935,Axis Bluechip Fund - Regular - Growth
119092,2025-07-17,2.0842430854749043,Axis Bluechip Fund - Regular - Growth
119092,2025-07-18,2.126099407724661,Axis Bluechip Fund - Regular - Growth
119092,2025-07-19,2.126099407724661,Axis Bluechip Fund - Regular - Growth
119092,2025-07-20,2.209809376267339,Axis Bluechip Fund - Regular - Growth
119092,2025-07-21,2.209303729215637,Axis Bluechip Fund - Regular - Growth
119092,2025-07-22,2.387887642072305,Axis Bluechip Fund - Regular - Growth
119092,2025-07-23,2.9068818085052044,Axis Bluechip Fund - Regular - Growth
119092,2025-07-24,2.745019899629817,Axis Bluechip Fund - Regular - Growth
119092,2025-07-25,2.6622998958529567,Axis Bluechip Fund - Regular - Growth
119092,2025-07-26,2.6622998958529567,Axis Bluechip Fund - Regular - Growth
119092,2025-07-27,2.663323569240914,Axis Bluechip Fund - Regular - Growth
119092,2025-07-28,2.509129005435954,Axis Bluechip Fund - Regular - Growth
119092,2025-07-29,2.5440648808166837,Axis Bluechip Fund - Regular - Growth
119092,2025-07-30,2.296999941051309,Axis Bluechip Fund - Regular - Growth
119092,2025-07-31,2.2295335057108305,Axis Bluechip Fund - Regular - Growth
119092,2025-08-01,2.36937709971243,Axis Bluechip Fund - Regular - Growth
119092,2025-08-02,2.36937709971243,Axis Bluechip Fund - Regular - Growth
119092,2025-08-03,2.538240792875018,Axis Bluechip Fund - Regular - Growth
119092,2025-08-04,2.2200352592170103,Axis Bluechip Fund - Regular - Growth
119092,2025-08-05,1.9157000430936169,Axis Bluechip Fund - Regular - Growth
119092,2025-08-06,1.7976371693334996,Axis Bluechip Fund - Regular - Growth
119092,2025-08-07,1.6720313458777152,Axis Bluechip Fund - Regular - Growth
119092,2025-08-08,1.5793204692432865,Axis Bluechip Fund - Regular - Growth
119092,2025-08-09,1.5793204692432865,Axis Bluechip Fund - Regular - Growth
119092,2025-08-10,1.2578922374567818,Axis Bluechip Fund - Regular - Growth
119092,2025-08-11,1.112476927302339,Axis Bluechip Fund - Regular - Growth
119092,2025-08-12,0.7756875698347112,Axis Bluechip Fund - Regular - Growth
119092,2025-08-13,0.3990249842356118,Axis Bluechip Fund - Regular - Growth
119092,2025-08-14,0.14167908673036472,Axis Bluechip Fund - Regular - Growth
119092,2025-08-15,0.40390997592882105,Axis Bluechip Fund - Regular - Growth
119092,2025-08-16,0.40390997592882105,Axis Bluechip Fund - Regular - Growth
119092,2025-08-17,0.4623753750276499,Axis Bluechip Fund - Regular - Growth
119092,2025-08-18,0.34467522221379093,Axis Bluechip Fund - Regular - Growth
119092,2025-08-19,-0.03626356782212075,Axis Bluechip Fund - Regular - Growth
119092,2025-08-20,-0.08584148686852658,Axis Bluechip Fund - Regular - Growth
119092,2025-08-21,0.08522896558965441,Axis Bluechip Fund - Regular - Growth
119092,2025-08-22,0.21348804392198328,Axis Bluechip Fund - Regular - Growth
119092,2025-08-23,0.21348804392198328,Axis Bluechip Fund - Regular - Growth
119092,2025-08-24,0.3999129880012825,Axis Bluechip Fund - Regular - Growth
119092,2025-08-25,0.6221608236476058,Axis Bluechip Fund - Regular - Growth
119092,2025-08-26,-0.05423082273994141,Axis Bluechip Fund - Regular - Growth
119092,2025-08-27,0.8672711614758397,Axis Bluechip Fund - Regular - Growth
119092,2025-08-28,0.8580397816655503,Axis Bluechip Fund - Regular - Growth
119092,2025-08-29,0.8854925518716174,Axis Bluechip Fund - Regular - Growth
119092,2025-08-30,0.8854925518716174,Axis Bluechip Fund - Regular - Growth
119092,2025-08-31,0.5430493559631373,Axis Bluechip Fund - Regular - Growth
119092,2025-09-01,-0.021258952995621267,Axis Bluechip Fund - Regular - Growth
119092,2025-09-02,0.048967663947920285,Axis Bluechip Fund - Regular - Growth
119092,2025-09-03,0.2777347188301965,Axis Bluechip Fund - Regular - Growth
119092,2025-09-04,0.4939611361005824,Axis Bluechip Fund - Regular - Growth
119092,2025-09-05,0.6396734591154621,Axis Bluechip Fund - Regular - Growth
119092,2025-09-06,0.6396734591154621,Axis Bluechip Fund - Regular - Growth
119092,2025-09-07,0.8608666216391914,Axis Bluechip Fund - Regular - Growth
119092,2025-09-08,1.25042808813552,Axis Bluechip Fund - Regular - Growth
119092,2025-09-09,1.0080995705650924,Axis Bluechip Fund - Regular - Growth
119092,2025-09-10,0.3676789799185779,Axis Bluechip Fund - Regular - Growth
119092,2025-09-11,0.16816860931041103,Axis Bluechip Fund - Regular - Growth
119092,2025-09-12,0.07754855677698823,Axis Bluechip Fund - Regular - Growth
119092,2025-09-13,0.07754855677698823,Axis Bluechip Fund - Regular - Growth
119092,2025-09-14,0.15678014049413105,Axis Bluechip Fund - Regular - Growth
119092,2025-09-15,-0.030650490272825025,Axis Bluechip Fund - Regular - Growth
119092,2025-09-16,0.058883054131096915,Axis Bluechip Fund - Regular - Growth
119092,2025-09-17,-0.21228868030441314,Axis Bluechip Fund - Regular - Growth
119092,2025-09-18,-0.2489032987191009,Axis Bluechip Fund - Regular - Growth
119092,2025-09-19,-0.49331236246095944,Axis Bluechip Fund - Regular - Growth
119092,2025-09-20,-0.49331236246095944,Axis Bluechip Fund - Regular - Growth
119092,2025-09-21,-0.5843841030277257,Axis Bluechip Fund - Regular - Growth
119092,2025-09-22,-0.4904795670180109,Axis Bluechip Fund - Regular - Growth
119092,2025-09-23,0.022089873303843717,Axis Bluechip Fund - Regular - Growth
119092,2025-09-24,-0.32780628298977305,Axis Bluechip Fund - Regular - Growth
119092,2025-09-25,0.12268264966089842,Axis Bluechip Fund - Regular - Growth
119092,2025-09-26,0.482424286921372,Axis Bluechip Fund - Regular - Growth
119092,2025-09-27,0.482424286921372,Axis Bluechip Fund - Regular - Growth
119092,2025-09-28,0.40698010032838483,Axis Bluechip Fund - Regular - Growth
119092,2025-09-29,0.8134729781664836,Axis Bluechip Fund - Regular - Growth
119092,2025-09-30,0.9147727635215446,Axis Bluechip Fund - Regular - Growth
119092,2025-10-01,1.0864907952252099,Axis Bluechip Fund - Regular - Growth
119092,2025-10-02,1.1577864728414313,Axis Bluechip Fund - Regular - Growth
119092,2025-10-03,1.247887212770762,Axis Bluechip Fund - Regular - Growth
119092,2025-10-04,1.247887212770762,Axis Bluechip Fund - Regular - Growth
119092,2025-10-05,0.7175644978726965,Axis Bluechip Fund - Regular - Growth
119092,2025-10-06,0.7389715983488351,Axis Bluechip Fund - Regular - Growth
119092,2025-10-07,0.24707683079244747,Axis Bluechip Fund - Regular - Growth
119092,2025-10-08,-0.1194769907490005,Axis Bluechip Fund - Regular - Growth
119092,2025-10-09,0.4533332488377407,Axis Bluechip Fund - Regular - Growth
119092,2025-10-10,0.5232471765142279,Axis Bluechip Fund - Regular - Growth
119092,2025-10-11,0.5232471765142279,Axis Bluechip Fund - Regular - Growth
119092,2025-10-12,0.36509697861769025,Axis Bluechip Fund - Regular - Growth
119092,2025-10-13,0.3500252154720355,Axis Bluechip Fund - Regular - Growth
119092,2025-10-14,0.42021537517284696,Axis Bluechip Fund - Regular - Growth
119092,2025-10-15,-0.08302462477105506,Axis Bluechip Fund - Regular - Growth
119092,2025-10-16,-0.001419926172438018,Axis Bluechip Fund - Regular - Growth
119092,2025-10-17,0.024056335546394296,Axis Bluechip Fund - Regular - Growth
119092,2025-10-18,0.024056335546394296,Axis Bluechip Fund - Regular - Growth
119092,2025-10-19,0.06580962870604118,Axis Bluechip Fund - Regular - Growth
119092,2025-10-20,-0.04628030639592783,Axis Bluechip Fund - Regular - Growth
119092,2025-10-21,-0.38061041404484747,Axis Bluechip Fund - Regular - Growth
119092,2025-10-22,-0.3957383926672626,Axis Bluechip Fund - Regular - Growth
119092,2025-10-23,-0.46491708988067326,Axis Bluechip Fund - Regular - Growth
119092,2025-10-24,-0.6010121491091701,Axis Bluechip Fund - Regular - Growth
119092,2025-10-25,-0.6010121491091701,Axis Bluechip Fund - Regular - Growth
119092,2025-10-26,-0.7439949654178001,Axis Bluechip Fund - Regular - Growth
119092,2025-10-27,-0.7193186000757227,Axis Bluechip Fund - Regular - Growth
119092,2025-10-28,-0.8256702578184661,Axis Bluechip Fund - Regular - Growth
119092,2025-10-29,-1.1570350401401928,Axis Bluechip Fund - Regular - Growth
119092,2025-10-30,-1.2630302078342608,Axis Bluechip Fund - Regular - Growth
119092,2025-10-31,-1.2761395956286057,Axis Bluechip Fund - Regular - Growth
119092,2025-11-01,-1.2761395956286057,Axis Bluechip Fund - Regular - Growth
119092,2025-11-02,-1.2243332443322605,Axis Bluechip Fund - Regular - Growth
119092,2025-11-03,-1.19943005309238,Axis Bluechip Fund - Regular - Growth
119092,2025-11-04,-1.1005929278674194,Axis Bluechip Fund - Regular - Growth
119092,2025-11-05,-0.3969498308968999,Axis Bluechip Fund - Regular - Growth
119092,2025-11-06,-0.2836292127665097,Axis Bluechip Fund - Regular - Growth
119092,2025-11-07,-0.3417954098536035,Axis Bluechip Fund - Regular - Growth
119092,2025-11-08,-0.3417954098536035,Axis Bluechip Fund - Regular - Growth
119092,2025-11-09,-0.3660207092990322,Axis Bluechip Fund - Regular - Growth
119092,2025-11-10,-0.08129308413013432,Axis Bluechip Fund - Regular - Growth
119092,2025-11-11,0.1846500269505552,Axis Bluechip Fund - Regular - Growth
119092,2025-11-12,0.15947288461638492,Axis Bluechip Fund - Regular - Growth
119092,2025-11-13,0.0656367632967326,Axis Bluechip Fund - Regular - Growth
119092,2025-11-14,0.14943850081513232,Axis Bluechip Fund - Regular - Growth
119092,2025-11-15,0.14943850081513232,Axis Bluechip Fund - Regular - Growth
119092,2025-11-16,0.19625618521448993,Axis Bluechip Fund - Regular - Growth
119092,2025-11-17,0.3743484682582544,Axis Bluechip Fund - Regular - Growth
119092,2025-11-18,0.4339512999539045,Axis Bluechip Fund - Regular - Growth
119092,2025-11-19,0.8263449745286974,Axis Bluechip Fund - Regular - Growth
119092,2025-11-20,0.7706798734423044,Axis Bluechip Fund - Regular - Growth
119092,2025-11-21,0.5978391090143291,Axis Bluechip Fund - Regular - Growth
119092,2025-11-22,0.5978391090143291,Axis Bluechip Fund - Regular - Growth
119092,2025-11-23,0.649131979483244,Axis Bluechip Fund - Regular - Growth
119092,2025-11-24,1.1289233811462454,Axis Bluechip Fund - Regular - Growth
119092,2025-11-25,0.013738441534979546,Axis Bluechip Fund - Regular - Growth
119092,2025-11-26,0.012745973741334519,Axis Bluechip Fund - Regular - Growth
119092,2025-11-27,0.26111652812118824,Axis Bluechip Fund - Regular - Growth
119092,2025-11-28,0.003516324241183301,Axis Bluechip Fund - Regular - Growth
119092,2025-11-29,0.003516324241183301,Axis Bluechip Fund - Regular - Growth
119092,2025-11-30,0.3022411884893336,Axis Bluechip Fund - Regular - Growth
119092,2025-12-01,0.6371969795163924,Axis Bluechip Fund - Regular - Growth
119092,2025-12-02,0.8533445328874972,Axis Bluechip Fund - Regular - Growth
119092,2025-12-03,1.0003261545071123,Axis Bluechip Fund - Regular - Growth
119092,2025-12-04,1.1088873150903373,Axis Bluechip Fund - Regular - Growth
119092,2025-12-05,0.7304386976052829,Axis Bluechip Fund - Regular - Growth
119092,2025-12-06,0.7304386976052829,Axis Bluechip Fund - Regular - Growth
119092,2025-12-07,0.6726724470328688,Axis Bluechip Fund - Regular - Growth
119092,2025-12-08,1.0111549186414737,Axis Bluechip Fund - Regular - Growth
119092,2025-12-09,1.2398765975953334,Axis Bluechip Fund - Regular - Growth
119092,2025-12-10,1.050363837562358,Axis Bluechip Fund - Regular - Growth
119092,2025-12-11,1.3206586661365003,Axis Bluechip Fund - Regular - Growth
119092,2025-12-12,1.3641450917750786,Axis Bluechip Fund - Regular - Growth
119092,2025-12-13,1.3641450917750786,Axis Bluechip Fund - Regular - Growth
119092,2025-12-14,1.6246474977431289,Axis Bluechip Fund - Regular - Growth
119092,2025-12-15,1.605620234760403,Axis Bluechip Fund - Regular - Growth
119092,2025-12-16,1.7578386396634358,Axis Bluechip Fund - Regular - Growth
119092,2025-12-17,1.9108952891180089,Axis Bluechip Fund - Regular - Growth
119092,2025-12-18,2.368169697797296,Axis Bluechip Fund - Regular - Growth
119092,2025-12-19,2.5518681917699246,Axis Bluechip Fund - Regular - Growth
119092,2025-12-20,2.5518681917699246,Axis Bluechip Fund - Regular - Growth
119092,2025-12-21,2.5119447927890537,Axis Bluechip Fund - Regular - Growth
119092,2025-12-22,2.0897006395458915,Axis Bluechip Fund - Regular - Growth
119092,2025-12-23,2.3803710498601474,Axis Bluechip Fund - Regular - Growth
119092,2025-12-24,2.0092212662198414,Axis Bluechip Fund - Regular - Growth
119092,2025-12-25,1.5207681970553426,Axis Bluechip Fund - Regular - Growth
119092,2025-12-26,1.6614800639438683,Axis Bluechip Fund - Regular - Growth
119092,2025-12-27,1.661480063943868,Axis Bluechip Fund - Regular - Growth
119092,2025-12-28,1.599305645142527,Axis Bluechip Fund - Regular - Growth
119092,2025-12-29,1.6076608413225864,Axis Bluechip Fund - Regular - Growth
119092,2025-12-30,1.2071404794394216,Axis Bluechip Fund - Regular - Growth
119092,2025-12-31,1.484615922275875,Axis Bluechip Fund - Regular - Growth
119092,2026-01-01,1.730565486332804,Axis Bluechip Fund - Regular - Growth
119092,2026-01-02,1.8601020794445386,Axis Bluechip Fund - Regular - Growth
119092,2026-01-03,1.8601020794445386,Axis Bluechip Fund - Regular - Growth
119092,2026-01-04,1.9577290875199658,Axis Bluechip Fund - Regular - Growth
119092,2026-01-05,2.432878000549835,Axis Bluechip Fund - Regular - Growth
119092,2026-01-06,2.829765485820972,Axis Bluechip Fund - Regular - Growth
119092,2026-01-07,2.0527141130349578,Axis Bluechip Fund - Regular - Growth
119092,2026-01-08,2.00903418301285,Axis Bluechip Fund - Regular - Growth
119092,2026-01-09,2.0429812745612557,Axis Bluechip Fund - Regular - Growth
119092,2026-01-10,2.0429812745612557,Axis Bluechip Fund - Regular - Growth
119092,2026-01-11,2.084195568491458,Axis Bluechip Fund - Regular - Growth
119092,2026-01-12,1.7056382141057522,Axis Bluechip Fund - Regular - Growth
119092,2026-01-13,1.807707762026815,Axis Bluechip Fund - Regular - Growth
119092,2026-01-14,1.1204039694431809,Axis Bluechip Fund - Regular - Growth
119092,2026-01-15,0.8696616803137204,Axis Bluechip Fund - Regular - Growth
119092,2026-01-16,1.065183094974679,Axis Bluechip Fund - Regular - Growth
119092,2026-01-17,1.065183094974679,Axis Bluechip Fund - Regular - Growth
119092,2026-01-18,0.9604988873849429,Axis Bluechip Fund - Regular - Growth
119092,2026-01-19,1.356995261728167,Axis Bluechip Fund - Regular - Growth
119092,2026-01-20,1.3616488375796298,Axis Bluechip Fund - Regular - Growth
119092,2026-01-21,1.570523363206362,Axis Bluechip Fund - Regular - Growth
119092,2026-01-22,1.9437162556237577,Axis Bluechip Fund - Regular - Growth
119092,2026-01-23,1.8471112723290362,Axis Bluechip Fund - Regular - Growth
119092,2026-01-24,1.8471112723290362,Axis Bluechip Fund - Regular - Growth
119092,2026-01-25,1.8358873313159205,Axis Bluechip Fund - Regular - Growth
119092,2026-01-26,2.3182643746563354,Axis Bluechip Fund - Regular - Growth
119092,2026-01-27,2.597570760796513,Axis Bluechip Fund - Regular - Growth
119092,2026-01-28,2.7902099100072655,Axis Bluechip Fund - Regular - Growth
119092,2026-01-29,2.5215602071499603,Axis Bluechip Fund - Regular - Growth
119092,2026-01-30,2.2889929992118754,Axis Bluechip Fund - Regular - Growth
119092,2026-01-31,2.2889929992118754,Axis Bluechip Fund - Regular - Growth
119092,2026-02-01,2.23932249854963,Axis Bluechip Fund - Regular - Growth
119092,2026-02-02,2.303614264419504,Axis Bluechip Fund - Regular - Growth
119092,2026-02-03,1.9013006469093527,Axis Bluechip Fund - Regular - Growth
119092,2026-02-04,1.8629827452153491,Axis Bluechip Fund - Regular - Growth
119092,2026-02-05,2.0611344421870954,Axis Bluechip Fund - Regular - Growth
119092,2026-02-06,1.865986086534005,Axis Bluechip Fund - Regular - Growth
119092,2026-02-07,1.865986086534005,Axis Bluechip Fund - Regular - Growth
119092,2026-02-08,1.8328134608826585,Axis Bluechip Fund - Regular - Growth
119092,2026-02-09,1.328402969243447,Axis Bluechip Fund - Regular - Growth
119092,2026-02-10,1.2334476176282196,Axis Bluechip Fund - Regular - Growth
119092,2026-02-11,1.0150314839587742,Axis Bluechip Fund - Regular - Growth
119092,2026-02-12,0.8755280195035657,Axis Bluechip Fund - Regular - Growth
119092,2026-02-13,1.1364978885116825,Axis Bluechip Fund - Regular - Growth
119092,2026-02-14,1.1364978885116825,Axis Bluechip Fund - Regular - Growth
119092,2026-02-15,1.184408060630043,Axis Bluechip Fund - Regular - Growth
119092,2026-02-16,1.3136869100620683,Axis Bluechip Fund - Regular - Growth
119092,2026-02-17,1.1145783252768338,Axis Bluechip Fund - Regular - Growth
119092,2026-02-18,1.110275937286898,Axis Bluechip Fund - Regular - Growth
119092,2026-02-19,1.230925446387125,Axis Bluechip Fund - Regular - Growth
119092,2026-02-20,1.0604386887727912,Axis Bluechip Fund - Regular - Growth
119092,2026-02-21,1.0604386887727912,Axis Bluechip Fund - Regular - Growth
119092,2026-02-22,1.115091318891685,Axis Bluechip Fund - Regular - Growth
119092,2026-02-23,1.332917949418913,Axis Bluechip Fund - Regular - Growth
119092,2026-02-24,1.1528939153507367,Axis Bluechip Fund - Regular - Growth
119092,2026-02-25,0.8780851267042903,Axis Bluechip Fund - Regular - Growth
119092,2026-02-26,0.9209555767592091,Axis Bluechip Fund - Regular - Growth
119092,2026-02-27,0.9697029752129611,Axis Bluechip Fund - Regular - Growth
119092,2026-02-28,0.9697029752129609,Axis Bluechip Fund - Regular - Growth
119092,2026-03-01,0.9252136592864861,Axis Bluechip Fund - Regular - Growth
119092,2026-03-02,0.6766012701717053,Axis Bluechip Fund - Regular - Growth
119092,2026-03-03,0.3569357877308899,Axis Bluechip Fund - Regular - Growth
119092,2026-03-04,0.3316794550267101,Axis Bluechip Fund - Regular - Growth
119092,2026-03-05,0.2001477536261266,Axis Bluechip Fund - Regular - Growth
119092,2026-03-06,0.13035843078491913,Axis Bluechip Fund - Regular - Growth
119092,2026-03-07,0.13035843078491913,Axis Bluechip Fund - Regular - Growth
119092,2026-03-08,0.009325201430722022,Axis Bluechip Fund - Regular - Growth
119092,2026-03-09,-0.16544802814736392,Axis Bluechip Fund - Regular - Growth
119092,2026-03-10,0.0936009376688388,Axis Bluechip Fund - Regular - Growth
119092,2026-03-11,0.08114255574751866,Axis Bluechip Fund - Regular - Growth
119092,2026-03-12,-0.23286557054954538,Axis Bluechip Fund - Regular - Growth
119092,2026-03-13,-0.4695792888588374,Axis Bluechip Fund - Regular - Growth
119092,2026-03-14,-0.4695792888588374,Axis Bluechip Fund - Regular - Growth
119092,2026-03-15,-0.6353003155867082,Axis Bluechip Fund - Regular - Growth
119092,2026-03-16,-0.7819812191902339,Axis Bluechip Fund - Regular - Growth
119092,2026-03-17,-1.0932589094156604,Axis Bluechip Fund - Regular - Growth
119092,2026-03-18,-1.3145090886415205,Axis Bluechip Fund - Regular - Growth
119092,2026-03-19,-1.5729198927557277,Axis Bluechip Fund - Regular - Growth
119092,2026-03-20,-1.637633765869996,Axis Bluechip Fund - Regular - Growth
119092,2026-03-21,-1.637633765869996,Axis Bluechip Fund - Regular - Growth
119092,2026-03-22,-1.4329635821488913,Axis Bluechip Fund - Regular - Growth
119092,2026-03-23,-1.9064370632782646,Axis Bluechip Fund - Regular - Growth
119092,2026-03-24,-1.5733972676330552,Axis Bluechip Fund - Regular - Growth
119092,2026-03-25,-1.3871877142064086,Axis Bluechip Fund - Regular - Growth
119092,2026-03-26,-1.7627847089122488,Axis Bluechip Fund - Regular - Growth
119092,2026-03-27,-1.8935133917765559,Axis Bluechip Fund - Regular - Growth
119092,2026-03-28,-1.8935133917765559,Axis Bluechip Fund - Regular - Growth
119092,2026-03-29,-2.0378937643231247,Axis Bluechip Fund - Regular - Growth
119092,2026-03-30,-2.0426392207176933,Axis Bluechip Fund - Regular - Growth
119092,2026-03-31,-2.2281991639376892,Axis Bluechip Fund - Regular - Growth
119092,2026-04-01,-2.5390195985756767,Axis Bluechip Fund - Regular - Growth
119092,2026-04-02,-2.717083247065277,Axis Bluechip Fund - Regular - Growth
119092,2026-04-03,-2.2481131710089315,Axis Bluechip Fund - Regular - Growth
119092,2026-04-04,-2.2481131710089315,Axis Bluechip Fund - Regular - Growth
119092,2026-04-05,-2.3611564161773972,Axis Bluechip Fund - Regular - Growth
119092,2026-04-06,-2.0734961701017283,Axis Bluechip Fund - Regular - Growth
119092,2026-04-07,-1.8236577739549975,Axis Bluechip Fund - Regular - Growth
119092,2026-04-08,-1.9366695601644173,Axis Bluechip Fund - Regular - Growth
119092,2026-04-09,-2.0368550789314877,Axis Bluechip Fund - Regular - Growth
119092,2026-04-10,-2.218090550775884,Axis Bluechip Fund - Regular - Growth
119092,2026-04-11,-2.218090550775884,Axis Bluechip Fund - Regular - Growth
119092,2026-04-12,-2.109767326687907,Axis Bluechip Fund - Regular - Growth
119092,2026-04-13,-1.6190242269353963,Axis Bluechip Fund - Regular - Growth
119092,2026-04-14,-1.3821583623872002,Axis Bluechip Fund - Regular - Growth
119092,2026-04-15,-0.9571089632805839,Axis Bluechip Fund - Regular - Growth
119092,2026-04-16,-1.0111715647317001,Axis Bluechip Fund - Regular - Growth
119092,2026-04-17,-1.0642372706120402,Axis Bluechip Fund - Regular - Growth
119092,2026-04-18,-1.0642372706120402,Axis Bluechip Fund - Regular - Growth
119092,2026-04-19,-1.5005879244402607,Axis Bluechip Fund - Regular - Growth
119092,2026-04-20,-0.8585116650556941,Axis Bluechip Fund - Regular - Growth
119092,2026-04-21,-1.2150699778873377,Axis Bluechip Fund - Regular - Growth
119092,2026-04-22,-1.487234552629751,Axis Bluechip Fund - Regular - Growth
119092,2026-04-23,-1.4808395916454118,Axis Bluechip Fund - Regular - Growth
119092,2026-04-24,-1.2463534092055186,Axis Bluechip Fund - Regular - Growth
119092,2026-04-25,-1.2463534092055186,Axis Bluechip Fund - Regular - Growth
119092,2026-04-26,-1.412137613122045,Axis Bluechip Fund - Regular - Growth
119092,2026-04-27,-1.3258688654292115,Axis Bluechip Fund - Regular - Growth
119092,2026-04-28,-1.9422269801576055,Axis Bluechip Fund - Regular - Growth
119092,2026-04-29,-1.394260538679652,Axis Bluechip Fund - Regular - Growth
119092,2026-04-30,-1.0614121528504321,Axis Bluechip Fund - Regular - Growth
119092,2026-05-01,-1.261036849526997,Axis Bluechip Fund - Regular - Growth
119092,2026-05-02,-1.261036849526997,Axis Bluechip Fund - Regular - Growth
119092,2026-05-03,-1.3347342979212555,Axis Bluechip Fund - Regular - Growth
119092,2026-05-04,-1.4296428979280456,Axis Bluechip Fund - Regular - Growth
119092,2026-05-05,-1.6749107227790687,Axis Bluechip Fund - Regular - Growth
119092,2026-05-06,-1.8403405818696954,Axis Bluechip Fund - Regular - Growth
119092,2026-05-07,-1.6191428763126396,Axis Bluechip Fund - Regular - Growth
119092,2026-05-08,-1.6773536509688343,Axis Bluechip Fund - Regular - Growth
119092,2026-05-09,-1.6773536509688343,Axis Bluechip Fund - Regular - Growth
119092,2026-05-10,-1.4178637762647064,Axis Bluechip Fund - Regular - Growth
119092,2026-05-11,-1.4076431226169837,Axis Bluechip Fund - Regular - Growth
119092,2026-05-12,-1.6404858969200247,Axis Bluechip Fund - Regular - Growth
119092,2026-05-13,-1.506605922524025,Axis Bluechip Fund - Regular - Growth
119092,2026-05-14,-2.161216293001241,Axis Bluechip Fund - Regular - Growth
119092,2026-05-15,-2.1419671814772974,Axis Bluechip Fund - Regular - Growth
119092,2026-05-16,-2.1419671814772974,Axis Bluechip Fund - Regular - Growth
119092,2026-05-17,-2.3325169170803446,Axis Bluechip Fund - Regular - Growth
119092,2026-05-18,-2.777397891278968,Axis Bluechip Fund - Regular - Growth
119092,2026-05-19,-2.8156493924998642,Axis Bluechip Fund - Regular - Growth
119092,2026-05-20,-2.7270788323080675,Axis Bluechip Fund - Regular - Growth
119092,2026-05-21,-2.4676801806178945,Axis Bluechip Fund - Regular - Growth
119092,2026-05-22,-2.256503927947458,Axis Bluechip Fund - Regular - Growth
119092,2026-05-23,-2.256503927947458,Axis Bluechip Fund - Regular - Growth
119092,2026-05-24,-2.0391210600283394,Axis Bluechip Fund - Regular - Growth
119092,2026-05-25,-1.6613888680020712,Axis Bluechip Fund - Regular - Growth
119092,2026-05-26,-1.9510960899080798,Axis Bluechip Fund - Regular - Growth
119092,2026-05-27,-1.7425387398228853,Axis Bluechip Fund - Regular - Growth
119092,2026-05-28,-1.3178832856997302,Axis Bluechip Fund - Regular - Growth
119092,2026-05-29,-1.2822761102881373,Axis Bluechip Fund - Regular - Growth
119095,2022-01-03,,Axis Small Cap Fund - Regular - Growth
119095,2022-01-04,,Axis Small Cap Fund - Regular - Growth
119095,2022-01-05,,Axis Small Cap Fund - Regular - Growth
119095,2022-01-06,,Axis Small Cap Fund - Regular - Growth
119095,2022-01-07,,Axis Small Cap Fund - Regular - Growth
119095,2022-01-08,,Axis Small Cap Fund - Regular - Growth
119095,2022-01-09,,Axis Small Cap Fund - Regular - Growth
119095,2022-01-10,,Axis Small Cap Fund - Regular - Growth
119095,2022-01-11,,Axis Small Cap Fund - Regular - Growth
119095,2022-01-12,,Axis Small Cap Fund - Regular - Growth
119095,2022-01-13,,Axis Small Cap Fund - Regular - Growth
119095,2022-01-14,,Axis Small Cap Fund - Regular - Growth
119095,2022-01-15,,Axis Small Cap Fund - Regular - Growth
119095,2022-01-16,,Axis Small Cap Fund - Regular - Growth
119095,2022-01-17,,Axis Small Cap Fund - Regular - Growth
119095,2022-01-18,,Axis Small Cap Fund - Regular - Growth
119095,2022-01-19,,Axis Small Cap Fund - Regular - Growth
119095,2022-01-20,,Axis Small Cap Fund - Regular - Growth
119095,2022-01-21,,Axis Small Cap Fund - Regular - Growth
119095,2022-01-22,,Axis Small Cap Fund - Regular - Growth
119095,2022-01-23,,Axis Small Cap Fund - Regular - Growth
119095,2022-01-24,,Axis Small Cap Fund - Regular - Growth
119095,2022-01-25,,Axis Small Cap Fund - Regular - Growth
119095,2022-01-26,,Axis Small Cap Fund - Regular - Growth
119095,2022-01-27,,Axis Small Cap Fund - Regular - Growth
119095,2022-01-28,,Axis Small Cap Fund - Regular - Growth
119095,2022-01-29,,Axis Small Cap Fund - Regular - Growth
119095,2022-01-30,,Axis Small Cap Fund - Regular - Growth
119095,2022-01-31,,Axis Small Cap Fund - Regular - Growth
119095,2022-02-01,,Axis Small Cap Fund - Regular - Growth
119095,2022-02-02,,Axis Small Cap Fund - Regular - Growth
119095,2022-02-03,,Axis Small Cap Fund - Regular - Growth
119095,2022-02-04,,Axis Small Cap Fund - Regular - Growth
119095,2022-02-05,,Axis Small Cap Fund - Regular - Growth
119095,2022-02-06,,Axis Small Cap Fund - Regular - Growth
119095,2022-02-07,,Axis Small Cap Fund - Regular - Growth
119095,2022-02-08,,Axis Small Cap Fund - Regular - Growth
119095,2022-02-09,,Axis Small Cap Fund - Regular - Growth
119095,2022-02-10,,Axis Small Cap Fund - Regular - Growth
119095,2022-02-11,,Axis Small Cap Fund - Regular - Growth
119095,2022-02-12,,Axis Small Cap Fund - Regular - Growth
119095,2022-02-13,,Axis Small Cap Fund - Regular - Growth
119095,2022-02-14,,Axis Small Cap Fund - Regular - Growth
119095,2022-02-15,,Axis Small Cap Fund - Regular - Growth
119095,2022-02-16,,Axis Small Cap Fund - Regular - Growth
119095,2022-02-17,,Axis Small Cap Fund - Regular - Growth
119095,2022-02-18,,Axis Small Cap Fund - Regular - Growth
119095,2022-02-19,,Axis Small Cap Fund - Regular - Growth
119095,2022-02-20,,Axis Small Cap Fund - Regular - Growth
119095,2022-02-21,,Axis Small Cap Fund - Regular - Growth
119095,2022-02-22,,Axis Small Cap Fund - Regular - Growth
119095,2022-02-23,,Axis Small Cap Fund - Regular - Growth
119095,2022-02-24,,Axis Small Cap Fund - Regular - Growth
119095,2022-02-25,,Axis Small Cap Fund - Regular - Growth
119095,2022-02-26,,Axis Small Cap Fund - Regular - Growth
119095,2022-02-27,,Axis Small Cap Fund - Regular - Growth
119095,2022-02-28,,Axis Small Cap Fund - Regular - Growth
119095,2022-03-01,,Axis Small Cap Fund - Regular - Growth
119095,2022-03-02,,Axis Small Cap Fund - Regular - Growth
119095,2022-03-03,,Axis Small Cap Fund - Regular - Growth
119095,2022-03-04,,Axis Small Cap Fund - Regular - Growth
119095,2022-03-05,,Axis Small Cap Fund - Regular - Growth
119095,2022-03-06,,Axis Small Cap Fund - Regular - Growth
119095,2022-03-07,,Axis Small Cap Fund - Regular - Growth
119095,2022-03-08,,Axis Small Cap Fund - Regular - Growth
119095,2022-03-09,,Axis Small Cap Fund - Regular - Growth
119095,2022-03-10,,Axis Small Cap Fund - Regular - Growth
119095,2022-03-11,,Axis Small Cap Fund - Regular - Growth
119095,2022-03-12,,Axis Small Cap Fund - Regular - Growth
119095,2022-03-13,,Axis Small Cap Fund - Regular - Growth
119095,2022-03-14,,Axis Small Cap Fund - Regular - Growth
119095,2022-03-15,,Axis Small Cap Fund - Regular - Growth
119095,2022-03-16,,Axis Small Cap Fund - Regular - Growth
119095,2022-03-17,,Axis Small Cap Fund - Regular - Growth
119095,2022-03-18,,Axis Small Cap Fund - Regular - Growth
119095,2022-03-19,,Axis Small Cap Fund - Regular - Growth
119095,2022-03-20,,Axis Small Cap Fund - Regular - Growth
119095,2022-03-21,,Axis Small Cap Fund - Regular - Growth
119095,2022-03-22,,Axis Small Cap Fund - Regular - Growth
119095,2022-03-23,,Axis Small Cap Fund - Regular - Growth
119095,2022-03-24,,Axis Small Cap Fund - Regular - Growth
119095,2022-03-25,,Axis Small Cap Fund - Regular - Growth
119095,2022-03-26,,Axis Small Cap Fund - Regular - Growth
119095,2022-03-27,,Axis Small Cap Fund - Regular - Growth
119095,2022-03-28,,Axis Small Cap Fund - Regular - Growth
119095,2022-03-29,,Axis Small Cap Fund - Regular - Growth
119095,2022-03-30,,Axis Small Cap Fund - Regular - Growth
119095,2022-03-31,,Axis Small Cap Fund - Regular - Growth
119095,2022-04-01,,Axis Small Cap Fund - Regular - Growth
119095,2022-04-02,,Axis Small Cap Fund - Regular - Growth
119095,2022-04-03,-0.42498266301742277,Axis Small Cap Fund - Regular - Growth
119095,2022-04-04,-0.6348183946010542,Axis Small Cap Fund - Regular - Growth
119095,2022-04-05,-1.1759152456394624,Axis Small Cap Fund - Regular - Growth
119095,2022-04-06,-1.2564552739968362,Axis Small Cap Fund - Regular - Growth
119095,2022-04-07,-1.6757865469481263,Axis Small Cap Fund - Regular - Growth
119095,2022-04-08,-1.5558407271818526,Axis Small Cap Fund - Regular - Growth
119095,2022-04-09,-1.5558407271818522,Axis Small Cap Fund - Regular - Growth
119095,2022-04-10,-1.9130184968696249,Axis Small Cap Fund - Regular - Growth
119095,2022-04-11,-1.1582157549166765,Axis Small Cap Fund - Regular - Growth
119095,2022-04-12,-0.8015424955771717,Axis Small Cap Fund - Regular - Growth
119095,2022-04-13,-0.28904768227879646,Axis Small Cap Fund - Regular - Growth
119095,2022-04-14,0.03279985575417637,Axis Small Cap Fund - Regular - Growth
119095,2022-04-15,-0.016219346528926024,Axis Small Cap Fund - Regular - Growth
119095,2022-04-16,-0.016219346528926024,Axis Small Cap Fund - Regular - Growth
119095,2022-04-17,0.21213175213980878,Axis Small Cap Fund - Regular - Growth
119095,2022-04-18,0.6782820132465018,Axis Small Cap Fund - Regular - Growth
119095,2022-04-19,0.6837124931880485,Axis Small Cap Fund - Regular - Growth
119095,2022-04-20,0.9556398905879928,Axis Small Cap Fund - Regular - Growth
119095,2022-04-21,1.2869004811452618,Axis Small Cap Fund - Regular - Growth
119095,2022-04-22,1.3837158750709215,Axis Small Cap Fund - Regular - Growth
119095,2022-04-23,1.3837158750709215,Axis Small Cap Fund - Regular - Growth
119095,2022-04-24,1.3487722939756432,Axis Small Cap Fund - Regular - Growth
119095,2022-04-25,1.743614789187607,Axis Small Cap Fund - Regular - Growth
119095,2022-04-26,1.7756307565381533,Axis Small Cap Fund - Regular - Growth
119095,2022-04-27,2.150523000288457,Axis Small Cap Fund - Regular - Growth
119095,2022-04-28,2.1596639875286363,Axis Small Cap Fund - Regular - Growth
119095,2022-04-29,2.098923327778254,Axis Small Cap Fund - Regular - Growth
119095,2022-04-30,2.098923327778254,Axis Small Cap Fund - Regular - Growth
119095,2022-05-01,1.8120302487871252,Axis Small Cap Fund - Regular - Growth
119095,2022-05-02,1.9500077764924348,Axis Small Cap Fund - Regular - Growth
119095,2022-05-03,1.8850874438732501,Axis Small Cap Fund - Regular - Growth
119095,2022-05-04,2.1930488091178795,Axis Small Cap Fund - Regular - Growth
119095,2022-05-05,2.171234660654661,Axis Small Cap Fund - Regular - Growth
119095,2022-05-06,2.2259309001823007,Axis Small Cap Fund - Regular - Growth
119095,2022-05-07,2.2259309001823007,Axis Small Cap Fund - Regular - Growth
119095,2022-05-08,2.4258908229832867,Axis Small Cap Fund - Regular - Growth
119095,2022-05-09,2.237082721683477,Axis Small Cap Fund - Regular - Growth
119095,2022-05-10,2.254559887861569,Axis Small Cap Fund - Regular - Growth
119095,2022-05-11,2.2390065810994937,Axis Small Cap Fund - Regular - Growth
119095,2022-05-12,2.2143681341508836,Axis Small Cap Fund - Regular - Growth
119095,2022-05-13,2.3523868127834473,Axis Small Cap Fund - Regular - Growth
119095,2022-05-14,2.3523868127834473,Axis Small Cap Fund - Regular - Growth
119095,2022-05-15,2.352194762379017,Axis Small Cap Fund - Regular - Growth
119095,2022-05-16,2.2265803577407715,Axis Small Cap Fund - Regular - Growth
119095,2022-05-17,2.1479077730320366,Axis Small Cap Fund - Regular - Growth
119095,2022-05-18,2.109355439442245,Axis Small Cap Fund - Regular - Growth
119095,2022-05-19,2.5341976819472296,Axis Small Cap Fund - Regular - Growth
119095,2022-05-20,2.192715024147663,Axis Small Cap Fund - Regular - Growth
119095,2022-05-21,2.192715024147663,Axis Small Cap Fund - Regular - Growth
119095,2022-05-22,1.869756151556275,Axis Small Cap Fund - Regular - Growth
119095,2022-05-23,1.7792501677939556,Axis Small Cap Fund - Regular - Growth
119095,2022-05-24,1.8766116878840955,Axis Small Cap Fund - Regular - Growth
119095,2022-05-25,2.2847896293130594,Axis Small Cap Fund - Regular - Growth
119095,2022-05-26,2.138744796698625,Axis Small Cap Fund - Regular - Growth
119095,2022-05-27,2.114464996040435,Axis Small Cap Fund - Regular - Growth
119095,2022-05-28,2.114464996040435,Axis Small Cap Fund - Regular - Growth
119095,2022-05-29,1.9616885685025762,Axis Small Cap Fund - Regular - Growth
119095,2022-05-30,2.4519953450721452,Axis Small Cap Fund - Regular - Growth
119095,2022-05-31,2.5157780923334454,Axis Small Cap Fund - Regular - Growth
119095,2022-06-01,2.1512065553189896,Axis Small Cap Fund - Regular - Growth
119095,2022-06-02,2.034893068453633,Axis Small Cap Fund - Regular - Growth
119095,2022-06-03,2.3400496727219444,Axis Small Cap Fund - Regular - Growth
119095,2022-06-04,2.3400496727219444,Axis Small Cap Fund - Regular - Growth
119095,2022-06-05,2.028348598899899,Axis Small Cap Fund - Regular - Growth
119095,2022-06-06,2.1311336657267987,Axis Small Cap Fund - Regular - Growth
119095,2022-06-07,2.1401880244872467,Axis Small Cap Fund - Regular - Growth
119095,2022-06-08,1.856717606619955,Axis Small Cap Fund - Regular - Growth
119095,2022-06-09,1.9267860278472717,Axis Small Cap Fund - Regular - Growth
119095,2022-06-10,2.0717128224494314,Axis Small Cap Fund - Regular - Growth
119095,2022-06-11,2.0717128224494314,Axis Small Cap Fund - Regular - Growth
119095,2022-06-12,2.2550915600709835,Axis Small Cap Fund - Regular - Growth
119095,2022-06-13,2.161844916290448,Axis Small Cap Fund - Regular - Growth
119095,2022-06-14,1.9222621952820897,Axis Small Cap Fund - Regular - Growth
119095,2022-06-15,2.2877412362398206,Axis Small Cap Fund - Regular - Growth
119095,2022-06-16,2.935161320414252,Axis Small Cap Fund - Regular - Growth
119095,2022-06-17,3.2685269864178554,Axis Small Cap Fund - Regular - Growth
119095,2022-06-18,3.2685269864178554,Axis Small Cap Fund - Regular - Growth
119095,2022-06-19,3.0931733555527354,Axis Small Cap Fund - Regular - Growth
119095,2022-06-20,3.3923441073206284,Axis Small Cap Fund - Regular - Growth
119095,2022-06-21,3.9008355558362284,Axis Small Cap Fund - Regular - Growth
119095,2022-06-22,4.131527379576,Axis Small Cap Fund - Regular - Growth
119095,2022-06-23,4.311888063909941,Axis Small Cap Fund - Regular - Growth
119095,2022-06-24,4.307394597340437,Axis Small Cap Fund - Regular - Growth
119095,2022-06-25,4.307394597340437,Axis Small Cap Fund - Regular - Growth
119095,2022-06-26,4.399178597012927,Axis Small Cap Fund - Regular - Growth
119095,2022-06-27,4.57539621175691,Axis Small Cap Fund - Regular - Growth
119095,2022-06-28,4.751922422042795,Axis Small Cap Fund - Regular - Growth
119095,2022-06-29,4.8724378051213915,Axis Small Cap Fund - Regular - Growth
119095,2022-06-30,5.086187232255806,Axis Small Cap Fund - Regular - Growth
119095,2022-07-01,5.030160971175687,Axis Small Cap Fund - Regular - Growth
119095,2022-07-02,5.030160971175687,Axis Small Cap Fund - Regular - Growth
119095,2022-07-03,5.008870242916515,Axis Small Cap Fund - Regular - Growth
119095,2022-07-04,5.653707980845971,Axis Small Cap Fund - Regular - Growth
119095,2022-07-05,5.977567914456804,Axis Small Cap Fund - Regular - Growth
119095,2022-07-06,6.02926988070458,Axis Small Cap Fund - Regular - Growth
119095,2022-07-07,6.016058884395452,Axis Small Cap Fund - Regular - Growth
119095,2022-07-08,6.054861291196337,Axis Small Cap Fund - Regular - Growth
119095,2022-07-09,6.054861291196337,Axis Small Cap Fund - Regular - Growth
119095,2022-07-10,5.763136725489789,Axis Small Cap Fund - Regular - Growth
119095,2022-07-11,5.761739060277301,Axis Small Cap Fund - Regular - Growth
119095,2022-07-12,5.600120048604194,Axis Small Cap Fund - Regular - Growth
119095,2022-07-13,5.2864100250342485,Axis Small Cap Fund - Regular - Growth
119095,2022-07-14,5.369975177314869,Axis Small Cap Fund - Regular - Growth
119095,2022-07-15,5.6058655338823815,Axis Small Cap Fund - Regular - Growth
119095,2022-07-16,5.6058655338823815,Axis Small Cap Fund - Regular - Growth
119095,2022-07-17,5.328348550676181,Axis Small Cap Fund - Regular - Growth
119095,2022-07-18,4.566630304146732,Axis Small Cap Fund - Regular - Growth
119095,2022-07-19,4.435234261918651,Axis Small Cap Fund - Regular - Growth
119095,2022-07-20,4.460009004222718,Axis Small Cap Fund - Regular - Growth
119095,2022-07-21,4.425032292916384,Axis Small Cap Fund - Regular - Growth
119095,2022-07-22,4.338821683707384,Axis Small Cap Fund - Regular - Growth
119095,2022-07-23,4.338821683707384,Axis Small Cap Fund - Regular - Growth
119095,2022-07-24,3.9908848086749247,Axis Small Cap Fund - Regular - Growth
119095,2022-07-25,4.087213952493112,Axis Small Cap Fund - Regular - Growth
119095,2022-07-26,4.02478160675403,Axis Small Cap Fund - Regular - Growth
119095,2022-07-27,3.6049782751072357,Axis Small Cap Fund - Regular - Growth
119095,2022-07-28,3.763879291684367,Axis Small Cap Fund - Regular - Growth
119095,2022-07-29,3.5979842382135323,Axis Small Cap Fund - Regular - Growth
119095,2022-07-30,3.5979842382135323,Axis Small Cap Fund - Regular - Growth
119095,2022-07-31,3.722111109970809,Axis Small Cap Fund - Regular - Growth
119095,2022-08-01,3.506931338436306,Axis Small Cap Fund - Regular - Growth
119095,2022-08-02,3.5845142692740657,Axis Small Cap Fund - Regular - Growth
119095,2022-08-03,4.067511690082388,Axis Small Cap Fund - Regular - Growth
119095,2022-08-04,3.539275632844083,Axis Small Cap Fund - Regular - Growth
119095,2022-08-05,3.5576961280105444,Axis Small Cap Fund - Regular - Growth
119095,2022-08-06,3.5576961280105444,Axis Small Cap Fund - Regular - Growth
119095,2022-08-07,3.5174477235505996,Axis Small Cap Fund - Regular - Growth
119095,2022-08-08,3.7235644006897823,Axis Small Cap Fund - Regular - Growth
119095,2022-08-09,3.301251219513585,Axis Small Cap Fund - Regular - Growth
119095,2022-08-10,2.9293741225941305,Axis Small Cap Fund - Regular - Growth
119095,2022-08-11,2.554275818578405,Axis Small Cap Fund - Regular - Growth
119095,2022-08-12,2.712555762252224,Axis Small Cap Fund - Regular - Growth
119095,2022-08-13,2.712555762252224,Axis Small Cap Fund - Regular - Growth
119095,2022-08-14,2.5861943609590923,Axis Small Cap Fund - Regular - Growth
119095,2022-08-15,2.0403017990683328,Axis Small Cap Fund - Regular - Growth
119095,2022-08-16,2.4886820704885797,Axis Small Cap Fund - Regular - Growth
119095,2022-08-17,2.2021334786646993,Axis Small Cap Fund - Regular - Growth
119095,2022-08-18,2.519685152083314,Axis Small Cap Fund - Regular - Growth
119095,2022-08-19,2.1777981819567755,Axis Small Cap Fund - Regular - Growth
119095,2022-08-20,2.1777981819567755,Axis Small Cap Fund - Regular - Growth
119095,2022-08-21,2.1935193765409995,Axis Small Cap Fund - Regular - Growth
119095,2022-08-22,2.265599530579266,Axis Small Cap Fund - Regular - Growth
119095,2022-08-23,2.3398653957947104,Axis Small Cap Fund - Regular - Growth
119095,2022-08-24,2.548421174784818,Axis Small Cap Fund - Regular - Growth
119095,2022-08-25,2.3502404698472388,Axis Small Cap Fund - Regular - Growth
119095,2022-08-26,2.5763241003122905,Axis Small Cap Fund - Regular - Growth
119095,2022-08-27,2.5763241003122905,Axis Small Cap Fund - Regular - Growth
119095,2022-08-28,2.288476353592718,Axis Small Cap Fund - Regular - Growth
119095,2022-08-29,2.2120380865019933,Axis Small Cap Fund - Regular - Growth
119095,2022-08-30,2.281227322306094,Axis Small Cap Fund - Regular - Growth
119095,2022-08-31,1.9584810862609012,Axis Small Cap Fund - Regular - Growth
119095,2022-09-01,1.5319631303961472,Axis Small Cap Fund - Regular - Growth
119095,2022-09-02,1.8859984806456507,Axis Small Cap Fund - Regular - Growth
119095,2022-09-03,1.8859984806456507,Axis Small Cap Fund - Regular - Growth
119095,2022-09-04,1.6598189993391212,Axis Small Cap Fund - Regular - Growth
119095,2022-09-05,1.7254935603520969,Axis Small Cap Fund - Regular - Growth
119095,2022-09-06,2.3504666218917647,Axis Small Cap Fund - Regular - Growth
119095,2022-09-07,2.3336144571374846,Axis Small Cap Fund - Regular - Growth
119095,2022-09-08,2.0996149331867904,Axis Small Cap Fund - Regular - Growth
119095,2022-09-09,2.229858288197683,Axis Small Cap Fund - Regular - Growth
119095,2022-09-10,2.229858288197683,Axis Small Cap Fund - Regular - Growth
119095,2022-09-11,2.391537250627232,Axis Small Cap Fund - Regular - Growth
119095,2022-09-12,2.752751927701855,Axis Small Cap Fund - Regular - Growth
119095,2022-09-13,2.629150141182799,Axis Small Cap Fund - Regular - Growth
119095,2022-09-14,2.551005652445137,Axis Small Cap Fund - Regular - Growth
119095,2022-09-15,2.2616045681504096,Axis Small Cap Fund - Regular - Growth
119095,2022-09-16,1.9390052891021328,Axis Small Cap Fund - Regular - Growth
119095,2022-09-17,1.9390052891021328,Axis Small Cap Fund - Regular - Growth
119095,2022-09-18,1.7001073426595303,Axis Small Cap Fund - Regular - Growth
119095,2022-09-19,1.3913938535919503,Axis Small Cap Fund - Regular - Growth
119095,2022-09-20,1.0710329842677668,Axis Small Cap Fund - Regular - Growth
119095,2022-09-21,1.0107033922498934,Axis Small Cap Fund - Regular - Growth
119095,2022-09-22,1.2021021868266037,Axis Small Cap Fund - Regular - Growth
119095,2022-09-23,0.8782715778495896,Axis Small Cap Fund - Regular - Growth
119095,2022-09-24,0.8782715778495896,Axis Small Cap Fund - Regular - Growth
119095,2022-09-25,0.45292643697975643,Axis Small Cap Fund - Regular - Growth
119095,2022-09-26,0.7440480485965982,Axis Small Cap Fund - Regular - Growth
119095,2022-09-27,0.5940533587248075,Axis Small Cap Fund - Regular - Growth
119095,2022-09-28,0.41984067910464207,Axis Small Cap Fund - Regular - Growth
119095,2022-09-29,0.6038368556741861,Axis Small Cap Fund - Regular - Growth
119095,2022-09-30,0.9642839866093678,Axis Small Cap Fund - Regular - Growth
119095,2022-10-01,0.9642839866093678,Axis Small Cap Fund - Regular - Growth
119095,2022-10-02,0.839502972829028,Axis Small Cap Fund - Regular - Growth
119095,2022-10-03,0.7104905229805303,Axis Small Cap Fund - Regular - Growth
119095,2022-10-04,0.3764626001498579,Axis Small Cap Fund - Regular - Growth
119095,2022-10-05,0.2415274217805011,Axis Small Cap Fund - Regular - Growth
119095,2022-10-06,0.3935299170328092,Axis Small Cap Fund - Regular - Growth
119095,2022-10-07,0.5829015830073475,Axis Small Cap Fund - Regular - Growth
119095,2022-10-08,0.5829015830073475,Axis Small Cap Fund - Regular - Growth
119095,2022-10-09,0.4111455647587239,Axis Small Cap Fund - Regular - Growth
119095,2022-10-10,0.5920707985054698,Axis Small Cap Fund - Regular - Growth
119095,2022-10-11,0.5514629354950142,Axis Small Cap Fund - Regular - Growth
119095,2022-10-12,0.26941054998579544,Axis Small Cap Fund - Regular - Growth
119095,2022-10-13,0.1500245655545298,Axis Small Cap Fund - Regular - Growth
119095,2022-10-14,-0.08080038593600637,Axis Small Cap Fund - Regular - Growth
119095,2022-10-15,-0.08080038593600637,Axis Small Cap Fund - Regular - Growth
119095,2022-10-16,0.2579834881864541,Axis Small Cap Fund - Regular - Growth
119095,2022-10-17,0.5854937260375721,Axis Small Cap Fund - Regular - Growth
119095,2022-10-18,0.2644175598345544,Axis Small Cap Fund - Regular - Growth
119095,2022-10-19,0.10666622263599619,Axis Small Cap Fund - Regular - Growth
119095,2022-10-20,0.16916738561707773,Axis Small Cap Fund - Regular - Growth
119095,2022-10-21,0.22316463076729498,Axis Small Cap Fund - Regular - Growth
119095,2022-10-22,0.22316463076729498,Axis Small Cap Fund - Regular - Growth
119095,2022-10-23,0.041574634175085896,Axis Small Cap Fund - Regular - Growth
119095,2022-10-24,0.0777158998339173,Axis Small Cap Fund - Regular - Growth
119095,2022-10-25,0.2325993684199575,Axis Small Cap Fund - Regular - Growth
119095,2022-10-26,0.14648670682967904,Axis Small Cap Fund - Regular - Growth
119095,2022-10-27,0.32099234501981017,Axis Small Cap Fund - Regular - Growth
119095,2022-10-28,0.624725268145973,Axis Small Cap Fund - Regular - Growth
119095,2022-10-29,0.624725268145973,Axis Small Cap Fund - Regular - Growth
119095,2022-10-30,0.5909163207284606,Axis Small Cap Fund - Regular - Growth
119095,2022-10-31,0.3504157444107689,Axis Small Cap Fund - Regular - Growth
119095,2022-11-01,0.5462732036563527,Axis Small Cap Fund - Regular - Growth
119095,2022-11-02,0.671828438199797,Axis Small Cap Fund - Regular - Growth
119095,2022-11-03,0.3736939187395373,Axis Small Cap Fund - Regular - Growth
119095,2022-11-04,0.32142968462134197,Axis Small Cap Fund - Regular - Growth
119095,2022-11-05,0.32142968462134197,Axis Small Cap Fund - Regular - Growth
119095,2022-11-06,0.2151694678554641,Axis Small Cap Fund - Regular - Growth
119095,2022-11-07,0.3138295623392905,Axis Small Cap Fund - Regular - Growth
119095,2022-11-08,0.3488256924861335,Axis Small Cap Fund - Regular - Growth
119095,2022-11-09,0.9797770595243007,Axis Small Cap Fund - Regular - Growth
119095,2022-11-10,0.7290261954381003,Axis Small Cap Fund - Regular - Growth
119095,2022-11-11,1.1860943885659123,Axis Small Cap Fund - Regular - Growth
119095,2022-11-12,1.1860943885659123,Axis Small Cap Fund - Regular - Growth
119095,2022-11-13,1.6210918050433234,Axis Small Cap Fund - Regular - Growth
119095,2022-11-14,1.2375698675845133,Axis Small Cap Fund - Regular - Growth
119095,2022-11-15,0.7887323878185855,Axis Small Cap Fund - Regular - Growth
119095,2022-11-16,1.0935218053975646,Axis Small Cap Fund - Regular - Growth
119095,2022-11-17,1.2578177296267115,Axis Small Cap Fund - Regular - Growth
119095,2022-11-18,1.2973256371643085,Axis Small Cap Fund - Regular - Growth
119095,2022-11-19,1.2973256371643085,Axis Small Cap Fund - Regular - Growth
119095,2022-11-20,1.4544173280500812,Axis Small Cap Fund - Regular - Growth
119095,2022-11-21,1.009365424452486,Axis Small Cap Fund - Regular - Growth
119095,2022-11-22,0.7533104187456698,Axis Small Cap Fund - Regular - Growth
119095,2022-11-23,0.6806948154731963,Axis Small Cap Fund - Regular - Growth
119095,2022-11-24,0.43494166233075576,Axis Small Cap Fund - Regular - Growth
119095,2022-11-25,0.34843566804178777,Axis Small Cap Fund - Regular - Growth
119095,2022-11-26,0.34843566804178777,Axis Small Cap Fund - Regular - Growth
119095,2022-11-27,0.19574304589350852,Axis Small Cap Fund - Regular - Growth
119095,2022-11-28,0.24475131383985244,Axis Small Cap Fund - Regular - Growth
119095,2022-11-29,0.5266101983984591,Axis Small Cap Fund - Regular - Growth
119095,2022-11-30,0.6975467017316408,Axis Small Cap Fund - Regular - Growth
119095,2022-12-01,0.41896588472462815,Axis Small Cap Fund - Regular - Growth
119095,2022-12-02,0.4075632844035304,Axis Small Cap Fund - Regular - Growth
119095,2022-12-03,0.4075632844035304,Axis Small Cap Fund - Regular - Growth
119095,2022-12-04,0.35789842266576416,Axis Small Cap Fund - Regular - Growth
119095,2022-12-05,-0.02065522434581301,Axis Small Cap Fund - Regular - Growth
119095,2022-12-06,0.028937884572403306,Axis Small Cap Fund - Regular - Growth
119095,2022-12-07,0.10231803022792764,Axis Small Cap Fund - Regular - Growth
119095,2022-12-08,-0.040318631273036164,Axis Small Cap Fund - Regular - Growth
119095,2022-12-09,0.058021728463345405,Axis Small Cap Fund - Regular - Growth
119095,2022-12-10,0.05802172846334541,Axis Small Cap Fund - Regular - Growth
119095,2022-12-11,-0.4483918411802351,Axis Small Cap Fund - Regular - Growth
119095,2022-12-12,-0.5324129774595078,Axis Small Cap Fund - Regular - Growth
119095,2022-12-13,-0.40926718332606354,Axis Small Cap Fund - Regular - Growth
119095,2022-12-14,-0.507228385964275,Axis Small Cap Fund - Regular - Growth
119095,2022-12-15,-0.16346673811707968,Axis Small Cap Fund - Regular - Growth
119095,2022-12-16,-0.16100503464765156,Axis Small Cap Fund - Regular - Growth
119095,2022-12-17,-0.16100503464765156,Axis Small Cap Fund - Regular - Growth
119095,2022-12-18,0.1583542689600834,Axis Small Cap Fund - Regular - Growth
119095,2022-12-19,0.41196790748159884,Axis Small Cap Fund - Regular - Growth
119095,2022-12-20,0.4100729440034219,Axis Small Cap Fund - Regular - Growth
119095,2022-12-21,0.19711115967134232,Axis Small Cap Fund - Regular - Growth
119095,2022-12-22,0.8963995128119303,Axis Small Cap Fund - Regular - Growth
119095,2022-12-23,0.17020878028786185,Axis Small Cap Fund - Regular - Growth
119095,2022-12-24,0.17020878028786185,Axis Small Cap Fund - Regular - Growth
119095,2022-12-25,0.01887265392716178,Axis Small Cap Fund - Regular - Growth
119095,2022-12-26,0.3080504128290652,Axis Small Cap Fund - Regular - Growth
119095,2022-12-27,0.49905076437795515,Axis Small Cap Fund - Regular - Growth
119095,2022-12-28,-0.003224250326458267,Axis Small Cap Fund - Regular - Growth
119095,2022-12-29,-0.17730716125170828,Axis Small Cap Fund - Regular - Growth
119095,2022-12-30,0.05636391791168375,Axis Small Cap Fund - Regular - Growth
119095,2022-12-31,0.05636391791168375,Axis Small Cap Fund - Regular - Growth
119095,2023-01-01,-0.017983524234843985,Axis Small Cap Fund - Regular - Growth
119095,2023-01-02,0.38015056955115806,Axis Small Cap Fund - Regular - Growth
119095,2023-01-03,0.0957804315313115,Axis Small Cap Fund - Regular - Growth
119095,2023-01-04,0.06067391420346258,Axis Small Cap Fund - Regular - Growth
119095,2023-01-05,0.08601456732930789,Axis Small Cap Fund - Regular - Growth
119095,2023-01-06,-0.019564339527679327,Axis Small Cap Fund - Regular - Growth
119095,2023-01-07,-0.019564339527679327,Axis Small Cap Fund - Regular - Growth
119095,2023-01-08,-0.16880795916681363,Axis Small Cap Fund - Regular - Growth
119095,2023-01-09,0.026854156901385512,Axis Small Cap Fund - Regular - Growth
119095,2023-01-10,0.23570303201308992,Axis Small Cap Fund - Regular - Growth
119095,2023-01-11,0.29696713354412946,Axis Small Cap Fund - Regular - Growth
119095,2023-01-12,0.4865760006433129,Axis Small Cap Fund - Regular - Growth
119095,2023-01-13,0.3762300753003417,Axis Small Cap Fund - Regular - Growth
119095,2023-01-14,0.3762300753003417,Axis Small Cap Fund - Regular - Growth
119095,2023-01-15,0.21982704209907553,Axis Small Cap Fund - Regular - Growth
119095,2023-01-16,0.0654483504187881,Axis Small Cap Fund - Regular - Growth
119095,2023-01-17,-0.11503887433344796,Axis Small Cap Fund - Regular - Growth
119095,2023-01-18,-0.12046227909397178,Axis Small Cap Fund - Regular - Growth
119095,2023-01-19,-0.08614651687837302,Axis Small Cap Fund - Regular - Growth
119095,2023-01-20,0.10722581762694035,Axis Small Cap Fund - Regular - Growth
119095,2023-01-21,0.10722581762694036,Axis Small Cap Fund - Regular - Growth
119095,2023-01-22,0.2229585205458865,Axis Small Cap Fund - Regular - Growth
119095,2023-01-23,0.5658367225989945,Axis Small Cap Fund - Regular - Growth
119095,2023-01-24,0.27205543957506184,Axis Small Cap Fund - Regular - Growth
119095,2023-01-25,0.5337032720043225,Axis Small Cap Fund - Regular - Growth
119095,2023-01-26,0.5484663623385654,Axis Small Cap Fund - Regular - Growth
119095,2023-01-27,0.5826458404829317,Axis Small Cap Fund - Regular - Growth
119095,2023-01-28,0.5826458404829317,Axis Small Cap Fund - Regular - Growth
119095,2023-01-29,0.7328473470255944,Axis Small Cap Fund - Regular - Growth
119095,2023-01-30,0.3613223506620112,Axis Small Cap Fund - Regular - Growth
119095,2023-01-31,0.48991574619193096,Axis Small Cap Fund - Regular - Growth
119095,2023-02-01,0.7331355628256285,Axis Small Cap Fund - Regular - Growth
119095,2023-02-02,0.8547820191392751,Axis Small Cap Fund - Regular - Growth
119095,2023-02-03,0.8020927819014043,Axis Small Cap Fund - Regular - Growth
119095,2023-02-04,0.8020927819014043,Axis Small Cap Fund - Regular - Growth
119095,2023-02-05,0.993244581374872,Axis Small Cap Fund - Regular - Growth
119095,2023-02-06,1.1067814199867778,Axis Small Cap Fund - Regular - Growth
119095,2023-02-07,0.9276335631604328,Axis Small Cap Fund - Regular - Growth
119095,2023-02-08,1.0833671917554513,Axis Small Cap Fund - Regular - Growth
119095,2023-02-09,0.3551617900280284,Axis Small Cap Fund - Regular - Growth
119095,2023-02-10,0.4338399011637096,Axis Small Cap Fund - Regular - Growth
119095,2023-02-11,0.4338399011637096,Axis Small Cap Fund - Regular - Growth
119095,2023-02-12,0.6513771616342278,Axis Small Cap Fund - Regular - Growth
119095,2023-02-13,1.1048506386185752,Axis Small Cap Fund - Regular - Growth
119095,2023-02-14,0.6370199851573121,Axis Small Cap Fund - Regular - Growth
119095,2023-02-15,1.0865611384509548,Axis Small Cap Fund - Regular - Growth
119095,2023-02-16,1.0856377657468008,Axis Small Cap Fund - Regular - Growth
119095,2023-02-17,1.0471656812905779,Axis Small Cap Fund - Regular - Growth
119095,2023-02-18,1.0471656812905779,Axis Small Cap Fund - Regular - Growth
119095,2023-02-19,1.3761495800221122,Axis Small Cap Fund - Regular - Growth
119095,2023-02-20,1.3651556636885989,Axis Small Cap Fund - Regular - Growth
119095,2023-02-21,1.8319275779317266,Axis Small Cap Fund - Regular - Growth
119095,2023-02-22,1.8323549465147824,Axis Small Cap Fund - Regular - Growth
119095,2023-02-23,1.9333957039304692,Axis Small Cap Fund - Regular - Growth
119095,2023-02-24,2.1858832399526156,Axis Small Cap Fund - Regular - Growth
119095,2023-02-25,2.1858832399526156,Axis Small Cap Fund - Regular - Growth
119095,2023-02-26,2.116956405358309,Axis Small Cap Fund - Regular - Growth
119095,2023-02-27,1.5947873265547552,Axis Small Cap Fund - Regular - Growth
119095,2023-02-28,1.222476137569011,Axis Small Cap Fund - Regular - Growth
119095,2023-03-01,1.2946432178958294,Axis Small Cap Fund - Regular - Growth
119095,2023-03-02,1.7940135209512036,Axis Small Cap Fund - Regular - Growth
119095,2023-03-03,1.989440503133346,Axis Small Cap Fund - Regular - Growth
119095,2023-03-04,1.989440503133346,Axis Small Cap Fund - Regular - Growth
119095,2023-03-05,2.0767594194409527,Axis Small Cap Fund - Regular - Growth
119095,2023-03-06,2.3255560673909823,Axis Small Cap Fund - Regular - Growth
119095,2023-03-07,2.252517524033346,Axis Small Cap Fund - Regular - Growth
119095,2023-03-08,2.124322588095996,Axis Small Cap Fund - Regular - Growth
119095,2023-03-09,2.13617122463562,Axis Small Cap Fund - Regular - Growth
119095,2023-03-10,2.3377196902121016,Axis Small Cap Fund - Regular - Growth
119095,2023-03-11,2.3377196902121016,Axis Small Cap Fund - Regular - Growth
119095,2023-03-12,2.568034115411234,Axis Small Cap Fund - Regular - Growth
119095,2023-03-13,1.9818222202124365,Axis Small Cap Fund - Regular - Growth
119095,2023-03-14,1.9898813969732672,Axis Small Cap Fund - Regular - Growth
119095,2023-03-15,1.9574650729214218,Axis Small Cap Fund - Regular - Growth
119095,2023-03-16,1.8147776049678133,Axis Small Cap Fund - Regular - Growth
119095,2023-03-17,1.702391983955142,Axis Small Cap Fund - Regular - Growth
119095,2023-03-18,1.702391983955142,Axis Small Cap Fund - Regular - Growth
119095,2023-03-19,1.5559858715471302,Axis Small Cap Fund - Regular - Growth
119095,2023-03-20,1.6566561770056631,Axis Small Cap Fund - Regular - Growth
119095,2023-03-21,1.7647096433051466,Axis Small Cap Fund - Regular - Growth
119095,2023-03-22,1.643940545214999,Axis Small Cap Fund - Regular - Growth
119095,2023-03-23,2.613426538221551,Axis Small Cap Fund - Regular - Growth
119095,2023-03-24,2.4023546317059297,Axis Small Cap Fund - Regular - Growth
119095,2023-03-25,2.4023546317059297,Axis Small Cap Fund - Regular - Growth
119095,2023-03-26,2.1272258813438616,Axis Small Cap Fund - Regular - Growth
119095,2023-03-27,2.021519471695492,Axis Small Cap Fund - Regular - Growth
119095,2023-03-28,2.285289341764234,Axis Small Cap Fund - Regular - Growth
119095,2023-03-29,1.995456169271357,Axis Small Cap Fund - Regular - Growth
119095,2023-03-30,1.4801305873673138,Axis Small Cap Fund - Regular - Growth
119095,2023-03-31,1.3388109541866444,Axis Small Cap Fund - Regular - Growth
119095,2023-04-01,1.3388109541866444,Axis Small Cap Fund - Regular - Growth
119095,2023-04-02,1.191137575311951,Axis Small Cap Fund - Regular - Growth
119095,2023-04-03,1.6348223729987255,Axis Small Cap Fund - Regular - Growth
119095,2023-04-04,1.350381148633542,Axis Small Cap Fund - Regular - Growth
119095,2023-04-05,0.8745532370146868,Axis Small Cap Fund - Regular - Growth
119095,2023-04-06,1.2952870635654434,Axis Small Cap Fund - Regular - Growth
119095,2023-04-07,1.2790481544044248,Axis Small Cap Fund - Regular - Growth
119095,2023-04-08,1.2790481544044248,Axis Small Cap Fund - Regular - Growth
119095,2023-04-09,1.1566471178845894,Axis Small Cap Fund - Regular - Growth
119095,2023-04-10,1.111138070918069,Axis Small Cap Fund - Regular - Growth
119095,2023-04-11,0.6159766551029552,Axis Small Cap Fund - Regular - Growth
119095,2023-04-12,0.22480043428405097,Axis Small Cap Fund - Regular - Growth
119095,2023-04-13,0.31160386394984835,Axis Small Cap Fund - Regular - Growth
119095,2023-04-14,-0.005154825959062746,Axis Small Cap Fund - Regular - Growth
119095,2023-04-15,-0.005154825959062746,Axis Small Cap Fund - Regular - Growth
119095,2023-04-16,-0.00900587168293009,Axis Small Cap Fund - Regular - Growth
119095,2023-04-17,0.4825177583413259,Axis Small Cap Fund - Regular - Growth
119095,2023-04-18,0.5229491394115393,Axis Small Cap Fund - Regular - Growth
119095,2023-04-19,0.7953011705994961,Axis Small Cap Fund - Regular - Growth
119095,2023-04-20,0.6469689219734809,Axis Small Cap Fund - Regular - Growth
119095,2023-04-21,0.4868579717470573,Axis Small Cap Fund - Regular - Growth
119095,2023-04-22,0.4868579717470573,Axis Small Cap Fund - Regular - Growth
119095,2023-04-23,0.415451991255524,Axis Small Cap Fund - Regular - Growth
119095,2023-04-24,0.3084968064648491,Axis Small Cap Fund - Regular - Growth
119095,2023-04-25,0.18178624286777528,Axis Small Cap Fund - Regular - Growth
119095,2023-04-26,-0.46602140972601885,Axis Small Cap Fund - Regular - Growth
119095,2023-04-27,-0.5887967899268844,Axis Small Cap Fund - Regular - Growth
119095,2023-04-28,-0.16845267350145585,Axis Small Cap Fund - Regular - Growth
119095,2023-04-29,-0.16845267350145593,Axis Small Cap Fund - Regular - Growth
119095,2023-04-30,-0.009478004927430606,Axis Small Cap Fund - Regular - Growth
119095,2023-05-01,0.2538920466517531,Axis Small Cap Fund - Regular - Growth
119095,2023-05-02,0.3901796804853939,Axis Small Cap Fund - Regular - Growth
119095,2023-05-03,0.5402825469087627,Axis Small Cap Fund - Regular - Growth
119095,2023-05-04,0.8119003167551793,Axis Small Cap Fund - Regular - Growth
119095,2023-05-05,1.1595111154122946,Axis Small Cap Fund - Regular - Growth
119095,2023-05-06,1.1595111154122946,Axis Small Cap Fund - Regular - Growth
119095,2023-05-07,1.3446027690418028,Axis Small Cap Fund - Regular - Growth
119095,2023-05-08,0.9877243105560076,Axis Small Cap Fund - Regular - Growth
119095,2023-05-09,0.8453502549570875,Axis Small Cap Fund - Regular - Growth
119095,2023-05-10,0.8759740887656271,Axis Small Cap Fund - Regular - Growth
119095,2023-05-11,0.8037977773453029,Axis Small Cap Fund - Regular - Growth
119095,2023-05-12,0.7864797654102393,Axis Small Cap Fund - Regular - Growth
119095,2023-05-13,0.7864797654102393,Axis Small Cap Fund - Regular - Growth
119095,2023-05-14,0.7378421660563093,Axis Small Cap Fund - Regular - Growth
119095,2023-05-15,0.4984591746888639,Axis Small Cap Fund - Regular - Growth
119095,2023-05-16,0.09121630428327657,Axis Small Cap Fund - Regular - Growth
119095,2023-05-17,0.3771509561972181,Axis Small Cap Fund - Regular - Growth
119095,2023-05-18,0.47741320437251633,Axis Small Cap Fund - Regular - Growth
119095,2023-05-19,0.6431008305560936,Axis Small Cap Fund - Regular - Growth
119095,2023-05-20,0.6431008305560936,Axis Small Cap Fund - Regular - Growth
119095,2023-05-21,0.6491916130146852,Axis Small Cap Fund - Regular - Growth
119095,2023-05-22,0.5274662893536838,Axis Small Cap Fund - Regular - Growth
119095,2023-05-23,0.13560784592396438,Axis Small Cap Fund - Regular - Growth
119095,2023-05-24,0.1254619486069921,Axis Small Cap Fund - Regular - Growth
119095,2023-05-25,0.1203089338068263,Axis Small Cap Fund - Regular - Growth
119095,2023-05-26,-0.11510601061175478,Axis Small Cap Fund - Regular - Growth
119095,2023-05-27,-0.11510601061175478,Axis Small Cap Fund - Regular - Growth
119095,2023-05-28,0.16926476908811827,Axis Small Cap Fund - Regular - Growth
119095,2023-05-29,0.5959884994675098,Axis Small Cap Fund - Regular - Growth
119095,2023-05-30,0.0687577892087444,Axis Small Cap Fund - Regular - Growth
119095,2023-05-31,-0.4693822323103203,Axis Small Cap Fund - Regular - Growth
119095,2023-06-01,-0.5465013041522466,Axis Small Cap Fund - Regular - Growth
119095,2023-06-02,-0.6032777662751789,Axis Small Cap Fund - Regular - Growth
119095,2023-06-03,-0.6032777662751789,Axis Small Cap Fund - Regular - Growth
119095,2023-06-04,-1.0760960486454343,Axis Small Cap Fund - Regular - Growth
119095,2023-06-05,-0.36985685476620295,Axis Small Cap Fund - Regular - Growth
119095,2023-06-06,-0.33923460837763864,Axis Small Cap Fund - Regular - Growth
119095,2023-06-07,-0.5646598337035028,Axis Small Cap Fund - Regular - Growth
119095,2023-06-08,-0.7358086341077914,Axis Small Cap Fund - Regular - Growth
119095,2023-06-09,-0.8853107302286742,Axis Small Cap Fund - Regular - Growth
119095,2023-06-10,-0.8853107302286742,Axis Small Cap Fund - Regular - Growth
119095,2023-06-11,-0.6210054432921278,Axis Small Cap Fund - Regular - Growth
119095,2023-06-12,-0.8763058235413193,Axis Small Cap Fund - Regular - Growth
119095,2023-06-13,-1.0990511866979782,Axis Small Cap Fund - Regular - Growth
119095,2023-06-14,-0.7847659435684383,Axis Small Cap Fund - Regular - Growth
119095,2023-06-15,-0.7306634789301986,Axis Small Cap Fund - Regular - Growth
119095,2023-06-16,-0.33662042726971,Axis Small Cap Fund - Regular - Growth
119095,2023-06-17,-0.33662042726971,Axis Small Cap Fund - Regular - Growth
119095,2023-06-18,-0.5305333210783274,Axis Small Cap Fund - Regular - Growth
119095,2023-06-19,-0.7247256485914582,Axis Small Cap Fund - Regular - Growth
119095,2023-06-20,-0.7445388019448888,Axis Small Cap Fund - Regular - Growth
119095,2023-06-21,-0.706270209970029,Axis Small Cap Fund - Regular - Growth
119095,2023-06-22,-0.6210695903887586,Axis Small Cap Fund - Regular - Growth
119095,2023-06-23,-0.7912335716723271,Axis Small Cap Fund - Regular - Growth
119095,2023-06-24,-0.7912335716723271,Axis Small Cap Fund - Regular - Growth
119095,2023-06-25,-0.8949358199379731,Axis Small Cap Fund - Regular - Growth
119095,2023-06-26,-1.0414231478996543,Axis Small Cap Fund - Regular - Growth
119095,2023-06-27,-0.85740794369328,Axis Small Cap Fund - Regular - Growth
119095,2023-06-28,-0.3881966703420807,Axis Small Cap Fund - Regular - Growth
119095,2023-06-29,-0.579013541946713,Axis Small Cap Fund - Regular - Growth
119095,2023-06-30,-0.6427711037980721,Axis Small Cap Fund - Regular - Growth
119095,2023-07-01,-0.6427711037980721,Axis Small Cap Fund - Regular - Growth
119095,2023-07-02,-0.6727308129303924,Axis Small Cap Fund - Regular - Growth
119095,2023-07-03,-0.7140648985697422,Axis Small Cap Fund - Regular - Growth
119095,2023-07-04,-0.423033628526492,Axis Small Cap Fund - Regular - Growth
119095,2023-07-05,-0.7325677414577179,Axis Small Cap Fund - Regular - Growth
119095,2023-07-06,-0.4252304246511423,Axis Small Cap Fund - Regular - Growth
119095,2023-07-07,-0.49155200321607867,Axis Small Cap Fund - Regular - Growth
119095,2023-07-08,-0.49155200321607867,Axis Small Cap Fund - Regular - Growth
119095,2023-07-09,-0.39655695302133265,Axis Small Cap Fund - Regular - Growth
119095,2023-07-10,-0.42629237781089657,Axis Small Cap Fund - Regular - Growth
119095,2023-07-11,-0.1499756611061602,Axis Small Cap Fund - Regular - Growth
119095,2023-07-12,-0.1781331884693365,Axis Small Cap Fund - Regular - Growth
119095,2023-07-13,0.2169533348574081,Axis Small Cap Fund - Regular - Growth
119095,2023-07-14,0.15028793691488038,Axis Small Cap Fund - Regular - Growth
119095,2023-07-15,0.15028793691488038,Axis Small Cap Fund - Regular - Growth
119095,2023-07-16,-0.01153495658573743,Axis Small Cap Fund - Regular - Growth
119095,2023-07-17,0.07514746211572064,Axis Small Cap Fund - Regular - Growth
119095,2023-07-18,-0.42932449026778113,Axis Small Cap Fund - Regular - Growth
119095,2023-07-19,-0.5402996143646379,Axis Small Cap Fund - Regular - Growth
119095,2023-07-20,-0.5523006128883652,Axis Small Cap Fund - Regular - Growth
119095,2023-07-21,-0.7170634441365091,Axis Small Cap Fund - Regular - Growth
119095,2023-07-22,-0.7170634441365091,Axis Small Cap Fund - Regular - Growth
119095,2023-07-23,-0.34322130606847834,Axis Small Cap Fund - Regular - Growth
119095,2023-07-24,-0.23694624921041854,Axis Small Cap Fund - Regular - Growth
119095,2023-07-25,-0.1134737541008171,Axis Small Cap Fund - Regular - Growth
119095,2023-07-26,-0.10034109137315522,Axis Small Cap Fund - Regular - Growth
119095,2023-07-27,-0.24498403451753772,Axis Small Cap Fund - Regular - Growth
119095,2023-07-28,-0.06454675882380045,Axis Small Cap Fund - Regular - Growth
119095,2023-07-29,-0.06454675882380045,Axis Small Cap Fund - Regular - Growth
119095,2023-07-30,-0.2133433091921299,Axis Small Cap Fund - Regular - Growth
119095,2023-07-31,0.06720495896422847,Axis Small Cap Fund - Regular - Growth
119095,2023-08-01,-0.03413583387653198,Axis Small Cap Fund - Regular - Growth
119095,2023-08-02,-0.3656865903355553,Axis Small Cap Fund - Regular - Growth
119095,2023-08-03,-0.25411969286533764,Axis Small Cap Fund - Regular - Growth
119095,2023-08-04,-0.1155755335389045,Axis Small Cap Fund - Regular - Growth
119095,2023-08-05,-0.1155755335389045,Axis Small Cap Fund - Regular - Growth
119095,2023-08-06,0.0013880893865610307,Axis Small Cap Fund - Regular - Growth
119095,2023-08-07,0.04909144907802821,Axis Small Cap Fund - Regular - Growth
119095,2023-08-08,0.260655667252469,Axis Small Cap Fund - Regular - Growth
119095,2023-08-09,0.3065888336465552,Axis Small Cap Fund - Regular - Growth
119095,2023-08-10,0.283898380797238,Axis Small Cap Fund - Regular - Growth
119095,2023-08-11,0.0006625272145945674,Axis Small Cap Fund - Regular - Growth
119095,2023-08-12,0.0006625272145945674,Axis Small Cap Fund - Regular - Growth
119095,2023-08-13,0.36763767338429454,Axis Small Cap Fund - Regular - Growth
119095,2023-08-14,0.8534260695250605,Axis Small Cap Fund - Regular - Growth
119095,2023-08-15,0.5463605927960293,Axis Small Cap Fund - Regular - Growth
119095,2023-08-16,0.533175865034338,Axis Small Cap Fund - Regular - Growth
119095,2023-08-17,0.8102406920474494,Axis Small Cap Fund - Regular - Growth
119095,2023-08-18,0.675860109636903,Axis Small Cap Fund - Regular - Growth
119095,2023-08-19,0.675860109636903,Axis Small Cap Fund - Regular - Growth
119095,2023-08-20,0.6896149795328891,Axis Small Cap Fund - Regular - Growth
119095,2023-08-21,1.2507051946465981,Axis Small Cap Fund - Regular - Growth
119095,2023-08-22,1.1027437782346372,Axis Small Cap Fund - Regular - Growth
119095,2023-08-23,0.9542163173975992,Axis Small Cap Fund - Regular - Growth
119095,2023-08-24,1.267039958188042,Axis Small Cap Fund - Regular - Growth
119095,2023-08-25,1.445981756510482,Axis Small Cap Fund - Regular - Growth
119095,2023-08-26,1.445981756510482,Axis Small Cap Fund - Regular - Growth
119095,2023-08-27,1.2759519428276769,Axis Small Cap Fund - Regular - Growth
119095,2023-08-28,1.9360743990523046,Axis Small Cap Fund - Regular - Growth
119095,2023-08-29,1.7975086836099858,Axis Small Cap Fund - Regular - Growth
119095,2023-08-30,1.9644544287477252,Axis Small Cap Fund - Regular - Growth
119095,2023-08-31,2.3214962077035413,Axis Small Cap Fund - Regular - Growth
119095,2023-09-01,2.2782890960727564,Axis Small Cap Fund - Regular - Growth
119095,2023-09-02,2.2782890960727564,Axis Small Cap Fund - Regular - Growth
119095,2023-09-03,1.8208339271609297,Axis Small Cap Fund - Regular - Growth
119095,2023-09-04,1.935319257745051,Axis Small Cap Fund - Regular - Growth
119095,2023-09-05,1.955954787836803,Axis Small Cap Fund - Regular - Growth
119095,2023-09-06,1.8388842790231412,Axis Small Cap Fund - Regular - Growth
119095,2023-09-07,1.724696341636929,Axis Small Cap Fund - Regular - Growth
119095,2023-09-08,1.9034158966823063,Axis Small Cap Fund - Regular - Growth
119095,2023-09-09,1.9034158966823063,Axis Small Cap Fund - Regular - Growth
119095,2023-09-10,2.254024853187939,Axis Small Cap Fund - Regular - Growth
119095,2023-09-11,1.987205807462301,Axis Small Cap Fund - Regular - Growth
119095,2023-09-12,1.6639975109098206,Axis Small Cap Fund - Regular - Growth
119095,2023-09-13,1.722891515051547,Axis Small Cap Fund - Regular - Growth
119095,2023-09-14,1.6495380946935165,Axis Small Cap Fund - Regular - Growth
119095,2023-09-15,1.5356291538021858,Axis Small Cap Fund - Regular - Growth
119095,2023-09-16,1.5356291538021858,Axis Small Cap Fund - Regular - Growth
119095,2023-09-17,1.6247681342614297,Axis Small Cap Fund - Regular - Growth
119095,2023-09-18,1.5652212969934147,Axis Small Cap Fund - Regular - Growth
119095,2023-09-19,1.43465199578444,Axis Small Cap Fund - Regular - Growth
119095,2023-09-20,1.741810772892581,Axis Small Cap Fund - Regular - Growth
119095,2023-09-21,2.0352513368181993,Axis Small Cap Fund - Regular - Growth
119095,2023-09-22,2.2240046392870694,Axis Small Cap Fund - Regular - Growth
119095,2023-09-23,2.2240046392870694,Axis Small Cap Fund - Regular - Growth
119095,2023-09-24,2.6722048604773283,Axis Small Cap Fund - Regular - Growth
119095,2023-09-25,2.4138134708337984,Axis Small Cap Fund - Regular - Growth
119095,2023-09-26,1.9067258429974414,Axis Small Cap Fund - Regular - Growth
119095,2023-09-27,2.41454175903191,Axis Small Cap Fund - Regular - Growth
119095,2023-09-28,2.384181891840868,Axis Small Cap Fund - Regular - Growth
119095,2023-09-29,2.4047889172193417,Axis Small Cap Fund - Regular - Growth
119095,2023-09-30,2.4047889172193417,Axis Small Cap Fund - Regular - Growth
119095,2023-10-01,2.56215843109436,Axis Small Cap Fund - Regular - Growth
119095,2023-10-02,2.5105461230848785,Axis Small Cap Fund - Regular - Growth
119095,2023-10-03,2.851818904662697,Axis Small Cap Fund - Regular - Growth
119095,2023-10-04,2.753218651523145,Axis Small Cap Fund - Regular - Growth
119095,2023-10-05,2.673469096521131,Axis Small Cap Fund - Regular - Growth
119095,2023-10-06,2.38304484122911,Axis Small Cap Fund - Regular - Growth
119095,2023-10-07,2.38304484122911,Axis Small Cap Fund - Regular - Growth
119095,2023-10-08,2.7009152006174064,Axis Small Cap Fund - Regular - Growth
119095,2023-10-09,3.1470820074750265,Axis Small Cap Fund - Regular - Growth
119095,2023-10-10,2.7990162900052966,Axis Small Cap Fund - Regular - Growth
119095,2023-10-11,2.575245082390089,Axis Small Cap Fund - Regular - Growth
119095,2023-10-12,2.8033140761741655,Axis Small Cap Fund - Regular - Growth
119095,2023-10-13,3.1219331461172466,Axis Small Cap Fund - Regular - Growth
119095,2023-10-14,3.1219331461172466,Axis Small Cap Fund - Regular - Growth
119095,2023-10-15,3.0144119148531088,Axis Small Cap Fund - Regular - Growth
119095,2023-10-16,3.166183593612953,Axis Small Cap Fund - Regular - Growth
119095,2023-10-17,3.2422867654308547,Axis Small Cap Fund - Regular - Growth
119095,2023-10-18,3.217666607762723,Axis Small Cap Fund - Regular - Growth
119095,2023-10-19,3.4616209049981785,Axis Small Cap Fund - Regular - Growth
119095,2023-10-20,3.173794341897263,Axis Small Cap Fund - Regular - Growth
119095,2023-10-21,3.173794341897263,Axis Small Cap Fund - Regular - Growth
119095,2023-10-22,2.912376389215273,Axis Small Cap Fund - Regular - Growth
119095,2023-10-23,2.9030826908361296,Axis Small Cap Fund - Regular - Growth
119095,2023-10-24,3.145855187992257,Axis Small Cap Fund - Regular - Growth
119095,2023-10-25,2.830029450212721,Axis Small Cap Fund - Regular - Growth
119095,2023-10-26,2.8615022515406032,Axis Small Cap Fund - Regular - Growth
119095,2023-10-27,2.838554752869537,Axis Small Cap Fund - Regular - Growth
119095,2023-10-28,2.838554752869537,Axis Small Cap Fund - Regular - Growth
119095,2023-10-29,2.510632765473125,Axis Small Cap Fund - Regular - Growth
119095,2023-10-30,2.0529559132002513,Axis Small Cap Fund - Regular - Growth
119095,2023-10-31,2.4357628976931105,Axis Small Cap Fund - Regular - Growth
119095,2023-11-01,1.7120365691740973,Axis Small Cap Fund - Regular - Growth
119095,2023-11-02,1.4397865779062136,Axis Small Cap Fund - Regular - Growth
119095,2023-11-03,1.4062534453818094,Axis Small Cap Fund - Regular - Growth
119095,2023-11-04,1.4062534453818094,Axis Small Cap Fund - Regular - Growth
119095,2023-11-05,1.4292535251017489,Axis Small Cap Fund - Regular - Growth
119095,2023-11-06,1.6331088107329819,Axis Small Cap Fund - Regular - Growth
119095,2023-11-07,1.4696688885953793,Axis Small Cap Fund - Regular - Growth
119095,2023-11-08,1.3052045460645207,Axis Small Cap Fund - Regular - Growth
119095,2023-11-09,1.67659263676743,Axis Small Cap Fund - Regular - Growth
119095,2023-11-10,1.639639618532209,Axis Small Cap Fund - Regular - Growth
119095,2023-11-11,1.639639618532209,Axis Small Cap Fund - Regular - Growth
119095,2023-11-12,1.2830287709220052,Axis Small Cap Fund - Regular - Growth
119095,2023-11-13,1.1763920050351275,Axis Small Cap Fund - Regular - Growth
119095,2023-11-14,1.1839755200124356,Axis Small Cap Fund - Regular - Growth
119095,2023-11-15,0.42423712503062766,Axis Small Cap Fund - Regular - Growth
119095,2023-11-16,0.1737653362446533,Axis Small Cap Fund - Regular - Growth
119095,2023-11-17,0.6679049546927193,Axis Small Cap Fund - Regular - Growth
119095,2023-11-18,0.6679049546927193,Axis Small Cap Fund - Regular - Growth
119095,2023-11-19,0.5093164872819812,Axis Small Cap Fund - Regular - Growth
119095,2023-11-20,0.7145980490478797,Axis Small Cap Fund - Regular - Growth
119095,2023-11-21,0.6816195503536153,Axis Small Cap Fund - Regular - Growth
119095,2023-11-22,0.4568057651666322,Axis Small Cap Fund - Regular - Growth
119095,2023-11-23,0.4805214621972941,Axis Small Cap Fund - Regular - Growth
119095,2023-11-24,0.3721705921165862,Axis Small Cap Fund - Regular - Growth
119095,2023-11-25,0.3721705921165862,Axis Small Cap Fund - Regular - Growth
119095,2023-11-26,0.0859695222224457,Axis Small Cap Fund - Regular - Growth
119095,2023-11-27,-0.3818510059994856,Axis Small Cap Fund - Regular - Growth
119095,2023-11-28,-0.8264112039584971,Axis Small Cap Fund - Regular - Growth
119095,2023-11-29,-1.245916096646876,Axis Small Cap Fund - Regular - Growth
119095,2023-11-30,-1.2282087404420483,Axis Small Cap Fund - Regular - Growth
119095,2023-12-01,-1.2603213592691875,Axis Small Cap Fund - Regular - Growth
119095,2023-12-02,-1.2603213592691875,Axis Small Cap Fund - Regular - Growth
119095,2023-12-03,-1.271378283879536,Axis Small Cap Fund - Regular - Growth
119095,2023-12-04,-1.3032648470785173,Axis Small Cap Fund - Regular - Growth
119095,2023-12-05,-1.395788979967596,Axis Small Cap Fund - Regular - Growth
119095,2023-12-06,-1.2081863257890315,Axis Small Cap Fund - Regular - Growth
119095,2023-12-07,-1.7288562853149416,Axis Small Cap Fund - Regular - Growth
119095,2023-12-08,-2.0878841787368225,Axis Small Cap Fund - Regular - Growth
119095,2023-12-09,-2.0878841787368225,Axis Small Cap Fund - Regular - Growth
119095,2023-12-10,-1.7139114354513751,Axis Small Cap Fund - Regular - Growth
119095,2023-12-11,-1.5406783941963516,Axis Small Cap Fund - Regular - Growth
119095,2023-12-12,-1.5039160971570662,Axis Small Cap Fund - Regular - Growth
119095,2023-12-13,-1.6150695754993474,Axis Small Cap Fund - Regular - Growth
119095,2023-12-14,-1.552225075426523,Axis Small Cap Fund - Regular - Growth
119095,2023-12-15,-1.7894092761614389,Axis Small Cap Fund - Regular - Growth
119095,2023-12-16,-1.7894092761614389,Axis Small Cap Fund - Regular - Growth
119095,2023-12-17,-1.9035915016296039,Axis Small Cap Fund - Regular - Growth
119095,2023-12-18,-2.252703584835425,Axis Small Cap Fund - Regular - Growth
119095,2023-12-19,-2.6724634769556967,Axis Small Cap Fund - Regular - Growth
119095,2023-12-20,-2.6607534757792104,Axis Small Cap Fund - Regular - Growth
119095,2023-12-21,-2.4879495743383893,Axis Small Cap Fund - Regular - Growth
119095,2023-12-22,-2.4633667288134924,Axis Small Cap Fund - Regular - Growth
119095,2023-12-23,-2.4633667288134924,Axis Small Cap Fund - Regular - Growth
119095,2023-12-24,-2.358903587337871,Axis Small Cap Fund - Regular - Growth
119095,2023-12-25,-2.3940881632417224,Axis Small Cap Fund - Regular - Growth
119095,2023-12-26,-2.659130670491598,Axis Small Cap Fund - Regular - Growth
119095,2023-12-27,-2.7286108185269935,Axis Small Cap Fund - Regular - Growth
119095,2023-12-28,-2.822607253104246,Axis Small Cap Fund - Regular - Growth
119095,2023-12-29,-2.530312037794923,Axis Small Cap Fund - Regular - Growth
119095,2023-12-30,-2.530312037794923,Axis Small Cap Fund - Regular - Growth
119095,2023-12-31,-2.6147762856773333,Axis Small Cap Fund - Regular - Growth
119095,2024-01-01,-2.6267914929232417,Axis Small Cap Fund - Regular - Growth
119095,2024-01-02,-2.855095502519865,Axis Small Cap Fund - Regular - Growth
119095,2024-01-03,-2.6720642634598204,Axis Small Cap Fund - Regular - Growth
119095,2024-01-04,-2.6100295840688585,Axis Small Cap Fund - Regular - Growth
119095,2024-01-05,-2.9091044894890605,Axis Small Cap Fund - Regular - Growth
119095,2024-01-06,-2.9091044894890605,Axis Small Cap Fund - Regular - Growth
119095,2024-01-07,-3.3932931377549194,Axis Small Cap Fund - Regular - Growth
119095,2024-01-08,-2.6038896579013784,Axis Small Cap Fund - Regular - Growth
119095,2024-01-09,-2.8956931493099347,Axis Small Cap Fund - Regular - Growth
119095,2024-01-10,-3.3602142102587353,Axis Small Cap Fund - Regular - Growth
119095,2024-01-11,-3.311042058452384,Axis Small Cap Fund - Regular - Growth
119095,2024-01-12,-3.295600764711045,Axis Small Cap Fund - Regular - Growth
119095,2024-01-13,-3.295600764711045,Axis Small Cap Fund - Regular - Growth
119095,2024-01-14,-3.267572297555119,Axis Small Cap Fund - Regular - Growth
119095,2024-01-15,-3.4822921821827015,Axis Small Cap Fund - Regular - Growth
119095,2024-01-16,-3.1565881431451843,Axis Small Cap Fund - Regular - Growth
119095,2024-01-17,-3.005682065447313,Axis Small Cap Fund - Regular - Growth
119095,2024-01-18,-3.0336555130873064,Axis Small Cap Fund - Regular - Growth
119095,2024-01-19,-3.1273050379676226,Axis Small Cap Fund - Regular - Growth
119095,2024-01-20,-3.1273050379676226,Axis Small Cap Fund - Regular - Growth
119095,2024-01-21,-2.9944749869134615,Axis Small Cap Fund - Regular - Growth
119095,2024-01-22,-2.966557665683773,Axis Small Cap Fund - Regular - Growth
119095,2024-01-23,-3.035810960211346,Axis Small Cap Fund - Regular - Growth
119095,2024-01-24,-3.1882744522853854,Axis Small Cap Fund - Regular - Growth
119095,2024-01-25,-2.811530300740715,Axis Small Cap Fund - Regular - Growth
119095,2024-01-26,-3.165680720452377,Axis Small Cap Fund - Regular - Growth
119095,2024-01-27,-3.165680720452377,Axis Small Cap Fund - Regular - Growth
119095,2024-01-28,-2.941251667179958,Axis Small Cap Fund - Regular - Growth
119095,2024-01-29,-3.2781695398847788,Axis Small Cap Fund - Regular - Growth
119095,2024-01-30,-2.99108421654787,Axis Small Cap Fund - Regular - Growth
119095,2024-01-31,-3.1718933679053856,Axis Small Cap Fund - Regular - Growth
119095,2024-02-01,-3.233632077876612,Axis Small Cap Fund - Regular - Growth
119095,2024-02-02,-2.9863732029405266,Axis Small Cap Fund - Regular - Growth
119095,2024-02-03,-2.9863732029405266,Axis Small Cap Fund - Regular - Growth
119095,2024-02-04,-3.223837763927351,Axis Small Cap Fund - Regular - Growth
119095,2024-02-05,-3.2550299238217026,Axis Small Cap Fund - Regular - Growth
119095,2024-02-06,-3.3375037433407804,Axis Small Cap Fund - Regular - Growth
119095,2024-02-07,-3.113758178647478,Axis Small Cap Fund - Regular - Growth
119095,2024-02-08,-2.9796718771943826,Axis Small Cap Fund - Regular - Growth
119095,2024-02-09,-2.98229260524947,Axis Small Cap Fund - Regular - Growth
119095,2024-02-10,-2.98229260524947,Axis Small Cap Fund - Regular - Growth
119095,2024-02-11,-2.905178599893934,Axis Small Cap Fund - Regular - Growth
119095,2024-02-12,-2.9682803880088793,Axis Small Cap Fund - Regular - Growth
119095,2024-02-13,-2.5358956568699114,Axis Small Cap Fund - Regular - Growth
119095,2024-02-14,-2.188430899503363,Axis Small Cap Fund - Regular - Growth
119095,2024-02-15,-2.5643838642048933,Axis Small Cap Fund - Regular - Growth
119095,2024-02-16,-2.685524243548602,Axis Small Cap Fund - Regular - Growth
119095,2024-02-17,-2.685524243548602,Axis Small Cap Fund - Regular - Growth
119095,2024-02-18,-2.7184492436071417,Axis Small Cap Fund - Regular - Growth
119095,2024-02-19,-3.069511261628953,Axis Small Cap Fund - Regular - Growth
119095,2024-02-20,-2.7898224385542014,Axis Small Cap Fund - Regular - Growth
119095,2024-02-21,-2.740564411901473,Axis Small Cap Fund - Regular - Growth
119095,2024-02-22,-2.683240057506065,Axis Small Cap Fund - Regular - Growth
119095,2024-02-23,-2.4804928270003357,Axis Small Cap Fund - Regular - Growth
119095,2024-02-24,-2.4804928270003357,Axis Small Cap Fund - Regular - Growth
119095,2024-02-25,-2.05920201803891,Axis Small Cap Fund - Regular - Growth
119095,2024-02-26,-2.0150388065821767,Axis Small Cap Fund - Regular - Growth
119095,2024-02-27,-1.9770818336198772,Axis Small Cap Fund - Regular - Growth
119095,2024-02-28,-1.5461394145058875,Axis Small Cap Fund - Regular - Growth
119095,2024-02-29,-1.5639010155978108,Axis Small Cap Fund - Regular - Growth
119095,2024-03-01,-1.6209034213546858,Axis Small Cap Fund - Regular - Growth
119095,2024-03-02,-1.6209034213546858,Axis Small Cap Fund - Regular - Growth
119095,2024-03-03,-1.509093024691802,Axis Small Cap Fund - Regular - Growth
119095,2024-03-04,-1.69572880050541,Axis Small Cap Fund - Regular - Growth
119095,2024-03-05,-1.498639718680251,Axis Small Cap Fund - Regular - Growth
119095,2024-03-06,-1.3399120106852664,Axis Small Cap Fund - Regular - Growth
119095,2024-03-07,-0.9592814995250193,Axis Small Cap Fund - Regular - Growth
119095,2024-03-08,-1.0102174036850469,Axis Small Cap Fund - Regular - Growth
119095,2024-03-09,-1.0102174036850469,Axis Small Cap Fund - Regular - Growth
119095,2024-03-10,-1.0408850402675092,Axis Small Cap Fund - Regular - Growth
119095,2024-03-11,-1.1510554594176998,Axis Small Cap Fund - Regular - Growth
119095,2024-03-12,-1.3593033460888035,Axis Small Cap Fund - Regular - Growth
119095,2024-03-13,-1.316707541642158,Axis Small Cap Fund - Regular - Growth
119095,2024-03-14,-0.8412818236395836,Axis Small Cap Fund - Regular - Growth
119095,2024-03-15,-0.5153298181310068,Axis Small Cap Fund - Regular - Growth
119095,2024-03-16,-0.5153298181310068,Axis Small Cap Fund - Regular - Growth
119095,2024-03-17,-0.1577257301464585,Axis Small Cap Fund - Regular - Growth
119095,2024-03-18,0.14920683773966276,Axis Small Cap Fund - Regular - Growth
119095,2024-03-19,0.3175162296367923,Axis Small Cap Fund - Regular - Growth
119095,2024-03-20,0.20144736622316112,Axis Small Cap Fund - Regular - Growth
119095,2024-03-21,0.2891480049137057,Axis Small Cap Fund - Regular - Growth
119095,2024-03-22,0.5839387562764985,Axis Small Cap Fund - Regular - Growth
119095,2024-03-23,0.5839387562764985,Axis Small Cap Fund - Regular - Growth
119095,2024-03-24,0.8166731046904265,Axis Small Cap Fund - Regular - Growth
119095,2024-03-25,0.7286540299592513,Axis Small Cap Fund - Regular - Growth
119095,2024-03-26,0.7618784863372218,Axis Small Cap Fund - Regular - Growth
119095,2024-03-27,0.6785916972872882,Axis Small Cap Fund - Regular - Growth
119095,2024-03-28,0.40104619468689434,Axis Small Cap Fund - Regular - Growth
119095,2024-03-29,0.5466435737290147,Axis Small Cap Fund - Regular - Growth
119095,2024-03-30,0.5466435737290147,Axis Small Cap Fund - Regular - Growth
119095,2024-03-31,0.3001036347107045,Axis Small Cap Fund - Regular - Growth
119095,2024-04-01,0.11296690560670695,Axis Small Cap Fund - Regular - Growth
119095,2024-04-02,0.1762844034809701,Axis Small Cap Fund - Regular - Growth
119095,2024-04-03,0.2178447647920248,Axis Small Cap Fund - Regular - Growth
119095,2024-04-04,0.4926074156564633,Axis Small Cap Fund - Regular - Growth
119095,2024-04-05,0.5441001774825942,Axis Small Cap Fund - Regular - Growth
119095,2024-04-06,0.5441001774825941,Axis Small Cap Fund - Regular - Growth
119095,2024-04-07,0.17142001182913724,Axis Small Cap Fund - Regular - Growth
119095,2024-04-08,1.0127287129459202,Axis Small Cap Fund - Regular - Growth
119095,2024-04-09,1.2730964737531059,Axis Small Cap Fund - Regular - Growth
119095,2024-04-10,0.8886036584638717,Axis Small Cap Fund - Regular - Growth
119095,2024-04-11,0.6418516750318413,Axis Small Cap Fund - Regular - Growth
119095,2024-04-12,0.49447770377872907,Axis Small Cap Fund - Regular - Growth
119095,2024-04-13,0.49447770377872907,Axis Small Cap Fund - Regular - Growth
119095,2024-04-14,0.7337517065351244,Axis Small Cap Fund - Regular - Growth
119095,2024-04-15,0.34247740360874745,Axis Small Cap Fund - Regular - Growth
119095,2024-04-16,0.22667158891781491,Axis Small Cap Fund - Regular - Growth
119095,2024-04-17,0.6198903904136458,Axis Small Cap Fund - Regular - Growth
119095,2024-04-18,0.8910606369236361,Axis Small Cap Fund - Regular - Growth
119095,2024-04-19,0.7327401336998663,Axis Small Cap Fund - Regular - Growth
119095,2024-04-20,0.7327401336998663,Axis Small Cap Fund - Regular - Growth
119095,2024-04-21,0.528398608187288,Axis Small Cap Fund - Regular - Growth
119095,2024-04-22,0.8265644754331145,Axis Small Cap Fund - Regular - Growth
119095,2024-04-23,0.7890474497331728,Axis Small Cap Fund - Regular - Growth
119095,2024-04-24,0.461678174432296,Axis Small Cap Fund - Regular - Growth
119095,2024-04-25,0.7462963692149237,Axis Small Cap Fund - Regular - Growth
119095,2024-04-26,0.7957949223838907,Axis Small Cap Fund - Regular - Growth
119095,2024-04-27,0.7957949223838907,Axis Small Cap Fund - Regular - Growth
119095,2024-04-28,0.8645181258152437,Axis Small Cap Fund - Regular - Growth
119095,2024-04-29,0.8465025880912518,Axis Small Cap Fund - Regular - Growth
119095,2024-04-30,1.3350047525867796,Axis Small Cap Fund - Regular - Growth
119095,2024-05-01,1.5661034937236726,Axis Small Cap Fund - Regular - Growth
119095,2024-05-02,1.4886298861349954,Axis Small Cap Fund - Regular - Growth
119095,2024-05-03,1.2159757165668452,Axis Small Cap Fund - Regular - Growth
119095,2024-05-04,1.2159757165668452,Axis Small Cap Fund - Regular - Growth
119095,2024-05-05,1.3814731259107835,Axis Small Cap Fund - Regular - Growth
119095,2024-05-06,1.7308319243682206,Axis Small Cap Fund - Regular - Growth
119095,2024-05-07,1.5922128831366926,Axis Small Cap Fund - Regular - Growth
119095,2024-05-08,1.4117438733907317,Axis Small Cap Fund - Regular - Growth
119095,2024-05-09,1.6589556694283514,Axis Small Cap Fund - Regular - Growth
119095,2024-05-10,1.6958133702381193,Axis Small Cap Fund - Regular - Growth
119095,2024-05-11,1.6958133702381193,Axis Small Cap Fund - Regular - Growth
119095,2024-05-12,1.7068312142614597,Axis Small Cap Fund - Regular - Growth
119095,2024-05-13,0.9291445756559191,Axis Small Cap Fund - Regular - Growth
119095,2024-05-14,1.0568960118254866,Axis Small Cap Fund - Regular - Growth
119095,2024-05-15,0.874030367094694,Axis Small Cap Fund - Regular - Growth
119095,2024-05-16,0.5988967593528172,Axis Small Cap Fund - Regular - Growth
119095,2024-05-17,0.5517428255802813,Axis Small Cap Fund - Regular - Growth
119095,2024-05-18,0.5517428255802813,Axis Small Cap Fund - Regular - Growth
119095,2024-05-19,1.0265787832499194,Axis Small Cap Fund - Regular - Growth
119095,2024-05-20,0.5541449731199353,Axis Small Cap Fund - Regular - Growth
119095,2024-05-21,0.47129397637997233,Axis Small Cap Fund - Regular - Growth
119095,2024-05-22,0.5179211132006705,Axis Small Cap Fund - Regular - Growth
119095,2024-05-23,0.07153018667003834,Axis Small Cap Fund - Regular - Growth
119095,2024-05-24,0.2843175590960454,Axis Small Cap Fund - Regular - Growth
119095,2024-05-25,0.2843175590960454,Axis Small Cap Fund - Regular - Growth
119095,2024-05-26,0.35292678541681227,Axis Small Cap Fund - Regular - Growth
119095,2024-05-27,0.4866240372813201,Axis Small Cap Fund - Regular - Growth
119095,2024-05-28,-0.00535275802070577,Axis Small Cap Fund - Regular - Growth
119095,2024-05-29,-0.2406644772116512,Axis Small Cap Fund - Regular - Growth
119095,2024-05-30,-0.3603090286657299,Axis Small Cap Fund - Regular - Growth
119095,2024-05-31,-0.5543302044367225,Axis Small Cap Fund - Regular - Growth
119095,2024-06-01,-0.5543302044367225,Axis Small Cap Fund - Regular - Growth
119095,2024-06-02,-0.11759783392976364,Axis Small Cap Fund - Regular - Growth
119095,2024-06-03,-0.10290753502960691,Axis Small Cap Fund - Regular - Growth
119095,2024-06-04,-0.33790577054442456,Axis Small Cap Fund - Regular - Growth
119095,2024-06-05,-0.3866018779441443,Axis Small Cap Fund - Regular - Growth
119095,2024-06-06,-0.3706456029903964,Axis Small Cap Fund - Regular - Growth
119095,2024-06-07,-0.09512367410107238,Axis Small Cap Fund - Regular - Growth
119095,2024-06-08,-0.09512367410107238,Axis Small Cap Fund - Regular - Growth
119095,2024-06-09,0.0005361442059460464,Axis Small Cap Fund - Regular - Growth
119095,2024-06-10,0.08692709880769066,Axis Small Cap Fund - Regular - Growth
119095,2024-06-11,0.22845754920666217,Axis Small Cap Fund - Regular - Growth
119095,2024-06-12,-0.1938643368518613,Axis Small Cap Fund - Regular - Growth
119095,2024-06-13,-0.8935546729203847,Axis Small Cap Fund - Regular - Growth
119095,2024-06-14,-0.9610237043971395,Axis Small Cap Fund - Regular - Growth
119095,2024-06-15,-0.9610237043971395,Axis Small Cap Fund - Regular - Growth
119095,2024-06-16,-1.1477182482860064,Axis Small Cap Fund - Regular - Growth
119095,2024-06-17,-1.2928536688406183,Axis Small Cap Fund - Regular - Growth
119095,2024-06-18,-1.315885929917243,Axis Small Cap Fund - Regular - Growth
119095,2024-06-19,-1.5600735565863648,Axis Small Cap Fund - Regular - Growth
119095,2024-06-20,-2.2189320795396816,Axis Small Cap Fund - Regular - Growth
119095,2024-06-21,-2.458024572349287,Axis Small Cap Fund - Regular - Growth
119095,2024-06-22,-2.458024572349287,Axis Small Cap Fund - Regular - Growth
119095,2024-06-23,-2.1672929200975903,Axis Small Cap Fund - Regular - Growth
119095,2024-06-24,-2.029350975830288,Axis Small Cap Fund - Regular - Growth
119095,2024-06-25,-1.7827748422376852,Axis Small Cap Fund - Regular - Growth
119095,2024-06-26,-1.2578561136916857,Axis Small Cap Fund - Regular - Growth
119095,2024-06-27,-1.4160515920813408,Axis Small Cap Fund - Regular - Growth
119095,2024-06-28,-1.2310917402509205,Axis Small Cap Fund - Regular - Growth
119095,2024-06-29,-1.2310917402509205,Axis Small Cap Fund - Regular - Growth
119095,2024-06-30,-0.9687186452228809,Axis Small Cap Fund - Regular - Growth
119095,2024-07-01,-1.3062903050719186,Axis Small Cap Fund - Regular - Growth
119095,2024-07-02,-1.1437444406511426,Axis Small Cap Fund - Regular - Growth
119095,2024-07-03,-1.0148220355006357,Axis Small Cap Fund - Regular - Growth
119095,2024-07-04,-1.1065192326376898,Axis Small Cap Fund - Regular - Growth
119095,2024-07-05,-1.0975392425353911,Axis Small Cap Fund - Regular - Growth
119095,2024-07-06,-1.0975392425353911,Axis Small Cap Fund - Regular - Growth
119095,2024-07-07,-1.6343134383845508,Axis Small Cap Fund - Regular - Growth
119095,2024-07-08,-1.4085796582410393,Axis Small Cap Fund - Regular - Growth
119095,2024-07-09,-1.2458112351182382,Axis Small Cap Fund - Regular - Growth
119095,2024-07-10,-0.6170652523783393,Axis Small Cap Fund - Regular - Growth
119095,2024-07-11,-0.9769951170759906,Axis Small Cap Fund - Regular - Growth
119095,2024-07-12,-0.6585444774162041,Axis Small Cap Fund - Regular - Growth
119095,2024-07-13,-0.6585444774162041,Axis Small Cap Fund - Regular - Growth
119095,2024-07-14,-0.40192725293334103,Axis Small Cap Fund - Regular - Growth
119095,2024-07-15,-0.8762128271041656,Axis Small Cap Fund - Regular - Growth
119095,2024-07-16,-0.9068068465419148,Axis Small Cap Fund - Regular - Growth
119095,2024-07-17,-0.4490477461903199,Axis Small Cap Fund - Regular - Growth
119095,2024-07-18,-0.2829337258805693,Axis Small Cap Fund - Regular - Growth
119095,2024-07-19,-0.22668498497209125,Axis Small Cap Fund - Regular - Growth
119095,2024-07-20,-0.2266849849720913,Axis Small Cap Fund - Regular - Growth
119095,2024-07-21,-0.3624362053991336,Axis Small Cap Fund - Regular - Growth
119095,2024-07-22,-0.46325196512862826,Axis Small Cap Fund - Regular - Growth
119095,2024-07-23,-0.2877394594149789,Axis Small Cap Fund - Regular - Growth
119095,2024-07-24,0.0913198286871582,Axis Small Cap Fund - Regular - Growth
119095,2024-07-25,-0.10671359958169091,Axis Small Cap Fund - Regular - Growth
119095,2024-07-26,-0.12080267244083143,Axis Small Cap Fund - Regular - Growth
119095,2024-07-27,-0.12080267244083143,Axis Small Cap Fund - Regular - Growth
119095,2024-07-28,-0.17852130815314796,Axis Small Cap Fund - Regular - Growth
119095,2024-07-29,-0.4634745737374656,Axis Small Cap Fund - Regular - Growth
119095,2024-07-30,-0.588113617124866,Axis Small Cap Fund - Regular - Growth
119095,2024-07-31,-0.8577923302974951,Axis Small Cap Fund - Regular - Growth
119095,2024-08-01,-0.5708117450220855,Axis Small Cap Fund - Regular - Growth
119095,2024-08-02,-0.7247665790043503,Axis Small Cap Fund - Regular - Growth
119095,2024-08-03,-0.7247665790043503,Axis Small Cap Fund - Regular - Growth
119095,2024-08-04,-0.6862311174945452,Axis Small Cap Fund - Regular - Growth
119095,2024-08-05,-0.8652970107311001,Axis Small Cap Fund - Regular - Growth
119095,2024-08-06,-0.7987621955953432,Axis Small Cap Fund - Regular - Growth
119095,2024-08-07,-1.0249179106619701,Axis Small Cap Fund - Regular - Growth
119095,2024-08-08,-0.9787628939865993,Axis Small Cap Fund - Regular - Growth
119095,2024-08-09,-1.0076019030769852,Axis Small Cap Fund - Regular - Growth
119095,2024-08-10,-1.0076019030769852,Axis Small Cap Fund - Regular - Growth
119095,2024-08-11,-0.5729475301141078,Axis Small Cap Fund - Regular - Growth
119095,2024-08-12,-0.9891034751625156,Axis Small Cap Fund - Regular - Growth
119095,2024-08-13,-0.9381610144763335,Axis Small Cap Fund - Regular - Growth
119095,2024-08-14,-0.558186918547874,Axis Small Cap Fund - Regular - Growth
119095,2024-08-15,-0.21758149067255997,Axis Small Cap Fund - Regular - Growth
119095,2024-08-16,0.09561188233028085,Axis Small Cap Fund - Regular - Growth
119095,2024-08-17,0.09561188233028085,Axis Small Cap Fund - Regular - Growth
119095,2024-08-18,0.4079017324528368,Axis Small Cap Fund - Regular - Growth
119095,2024-08-19,-0.13762304970138048,Axis Small Cap Fund - Regular - Growth
119095,2024-08-20,0.02984803918825768,Axis Small Cap Fund - Regular - Growth
119095,2024-08-21,0.47212480344163255,Axis Small Cap Fund - Regular - Growth
119095,2024-08-22,-0.0730141377521248,Axis Small Cap Fund - Regular - Growth
119095,2024-08-23,0.0869440785918964,Axis Small Cap Fund - Regular - Growth
119095,2024-08-24,0.0869440785918964,Axis Small Cap Fund - Regular - Growth
119095,2024-08-25,-0.042266235691253866,Axis Small Cap Fund - Regular - Growth
119095,2024-08-26,0.24102223913332455,Axis Small Cap Fund - Regular - Growth
119095,2024-08-27,0.31548497486452537,Axis Small Cap Fund - Regular - Growth
119095,2024-08-28,0.46916632048721685,Axis Small Cap Fund - Regular - Growth
119095,2024-08-29,0.7362295540025688,Axis Small Cap Fund - Regular - Growth
119095,2024-08-30,0.8921666818042626,Axis Small Cap Fund - Regular - Growth
119095,2024-08-31,0.8921666818042626,Axis Small Cap Fund - Regular - Growth
119095,2024-09-01,0.6930385830680101,Axis Small Cap Fund - Regular - Growth
119095,2024-09-02,0.8841300051202537,Axis Small Cap Fund - Regular - Growth
119095,2024-09-03,1.1802157317379025,Axis Small Cap Fund - Regular - Growth
119095,2024-09-04,0.7018327901587829,Axis Small Cap Fund - Regular - Growth
119095,2024-09-05,0.7678222136741439,Axis Small Cap Fund - Regular - Growth
119095,2024-09-06,0.9124013754399856,Axis Small Cap Fund - Regular - Growth
119095,2024-09-07,0.9124013754399856,Axis Small Cap Fund - Regular - Growth
119095,2024-09-08,0.8430615470713428,Axis Small Cap Fund - Regular - Growth
119095,2024-09-09,0.5627325140974155,Axis Small Cap Fund - Regular - Growth
119095,2024-09-10,0.8950189834262027,Axis Small Cap Fund - Regular - Growth
119095,2024-09-11,0.9423106727714272,Axis Small Cap Fund - Regular - Growth
119095,2024-09-12,1.0495358221898583,Axis Small Cap Fund - Regular - Growth
119095,2024-09-13,1.120100571853493,Axis Small Cap Fund - Regular - Growth
119095,2024-09-14,1.120100571853493,Axis Small Cap Fund - Regular - Growth
119095,2024-09-15,0.9236887167717663,Axis Small Cap Fund - Regular - Growth
119095,2024-09-16,0.7963267718499101,Axis Small Cap Fund - Regular - Growth
119095,2024-09-17,0.6934270771161062,Axis Small Cap Fund - Regular - Growth
119095,2024-09-18,0.7852969942784397,Axis Small Cap Fund - Regular - Growth
119095,2024-09-19,1.085413264996089,Axis Small Cap Fund - Regular - Growth
119095,2024-09-20,0.9150187679360724,Axis Small Cap Fund - Regular - Growth
119095,2024-09-21,0.9150187679360724,Axis Small Cap Fund - Regular - Growth
119095,2024-09-22,0.9351366812282147,Axis Small Cap Fund - Regular - Growth
119095,2024-09-23,0.967861526519175,Axis Small Cap Fund - Regular - Growth
119095,2024-09-24,0.4603085418251894,Axis Small Cap Fund - Regular - Growth
119095,2024-09-25,0.6748215234039626,Axis Small Cap Fund - Regular - Growth
119095,2024-09-26,0.8935244051983806,Axis Small Cap Fund - Regular - Growth
119095,2024-09-27,0.8342244775716643,Axis Small Cap Fund - Regular - Growth
119095,2024-09-28,0.8342244775716643,Axis Small Cap Fund - Regular - Growth
119095,2024-09-29,1.0152959351629034,Axis Small Cap Fund - Regular - Growth
119095,2024-09-30,1.220159638533128,Axis Small Cap Fund - Regular - Growth
119095,2024-10-01,1.1346544000006575,Axis Small Cap Fund - Regular - Growth
119095,2024-10-02,0.9355779811102474,Axis Small Cap Fund - Regular - Growth
119095,2024-10-03,0.8376188657540782,Axis Small Cap Fund - Regular - Growth
119095,2024-10-04,0.8713046610828227,Axis Small Cap Fund - Regular - Growth
119095,2024-10-05,0.8713046610828227,Axis Small Cap Fund - Regular - Growth
119095,2024-10-06,0.8279628299376327,Axis Small Cap Fund - Regular - Growth
119095,2024-10-07,0.28265400450036704,Axis Small Cap Fund - Regular - Growth
119095,2024-10-08,0.15590399449732353,Axis Small Cap Fund - Regular - Growth
119095,2024-10-09,0.7359066092261936,Axis Small Cap Fund - Regular - Growth
119095,2024-10-10,0.709411238598467,Axis Small Cap Fund - Regular - Growth
119095,2024-10-11,0.870926385652961,Axis Small Cap Fund - Regular - Growth
119095,2024-10-12,0.870926385652961,Axis Small Cap Fund - Regular - Growth
119095,2024-10-13,1.315797218793923,Axis Small Cap Fund - Regular - Growth
119095,2024-10-14,1.268697166021527,Axis Small Cap Fund - Regular - Growth
119095,2024-10-15,0.6076979896042958,Axis Small Cap Fund - Regular - Growth
119095,2024-10-16,1.009428258406878,Axis Small Cap Fund - Regular - Growth
119095,2024-10-17,1.4605149969660653,Axis Small Cap Fund - Regular - Growth
119095,2024-10-18,1.3877701903949273,Axis Small Cap Fund - Regular - Growth
119095,2024-10-19,1.3877701903949273,Axis Small Cap Fund - Regular - Growth
119095,2024-10-20,1.452989950793597,Axis Small Cap Fund - Regular - Growth
119095,2024-10-21,1.537041631367435,Axis Small Cap Fund - Regular - Growth
119095,2024-10-22,1.266404550755454,Axis Small Cap Fund - Regular - Growth
119095,2024-10-23,1.2896587773369237,Axis Small Cap Fund - Regular - Growth
119095,2024-10-24,1.2206226137987273,Axis Small Cap Fund - Regular - Growth
119095,2024-10-25,1.3977090104129177,Axis Small Cap Fund - Regular - Growth
119095,2024-10-26,1.3977090104129177,Axis Small Cap Fund - Regular - Growth
119095,2024-10-27,1.680607163875645,Axis Small Cap Fund - Regular - Growth
119095,2024-10-28,1.4255365431031706,Axis Small Cap Fund - Regular - Growth
119095,2024-10-29,1.8709848567575587,Axis Small Cap Fund - Regular - Growth
119095,2024-10-30,2.0482631041981176,Axis Small Cap Fund - Regular - Growth
119095,2024-10-31,2.380413859876554,Axis Small Cap Fund - Regular - Growth
119095,2024-11-01,2.320879702625617,Axis Small Cap Fund - Regular - Growth
119095,2024-11-02,2.320879702625617,Axis Small Cap Fund - Regular - Growth
119095,2024-11-03,2.360285766592148,Axis Small Cap Fund - Regular - Growth
119095,2024-11-04,2.542258193217807,Axis Small Cap Fund - Regular - Growth
119095,2024-11-05,1.7050199559742727,Axis Small Cap Fund - Regular - Growth
119095,2024-11-06,1.7401851225106206,Axis Small Cap Fund - Regular - Growth
119095,2024-11-07,1.8139777147700742,Axis Small Cap Fund - Regular - Growth
119095,2024-11-08,1.3762548729624353,Axis Small Cap Fund - Regular - Growth
119095,2024-11-09,1.3762548729624353,Axis Small Cap Fund - Regular - Growth
119095,2024-11-10,1.5391129861353603,Axis Small Cap Fund - Regular - Growth
119095,2024-11-11,1.6069334292865616,Axis Small Cap Fund - Regular - Growth
119095,2024-11-12,1.7682064639958583,Axis Small Cap Fund - Regular - Growth
119095,2024-11-13,1.1355874462676014,Axis Small Cap Fund - Regular - Growth
119095,2024-11-14,0.6462462166075887,Axis Small Cap Fund - Regular - Growth
119095,2024-11-15,1.060596794080179,Axis Small Cap Fund - Regular - Growth
119095,2024-11-16,1.060596794080179,Axis Small Cap Fund - Regular - Growth
119095,2024-11-17,1.342786790766222,Axis Small Cap Fund - Regular - Growth
119095,2024-11-18,1.1802426796426997,Axis Small Cap Fund - Regular - Growth
119095,2024-11-19,1.21055282048497,Axis Small Cap Fund - Regular - Growth
119095,2024-11-20,1.7253043915026771,Axis Small Cap Fund - Regular - Growth
119095,2024-11-21,1.6889259751172727,Axis Small Cap Fund - Regular - Growth
119095,2024-11-22,1.8981953414970216,Axis Small Cap Fund - Regular - Growth
119095,2024-11-23,1.8981953414970216,Axis Small Cap Fund - Regular - Growth
119095,2024-11-24,1.7113556944893817,Axis Small Cap Fund - Regular - Growth
119095,2024-11-25,1.4390795861965706,Axis Small Cap Fund - Regular - Growth
119095,2024-11-26,1.440267171412858,Axis Small Cap Fund - Regular - Growth
119095,2024-11-27,0.7508418634738361,Axis Small Cap Fund - Regular - Growth
119095,2024-11-28,0.3124609731869873,Axis Small Cap Fund - Regular - Growth
119095,2024-11-29,0.22138009334309264,Axis Small Cap Fund - Regular - Growth
119095,2024-11-30,0.22138009334309264,Axis Small Cap Fund - Regular - Growth
119095,2024-12-01,0.39522466256762945,Axis Small Cap Fund - Regular - Growth
119095,2024-12-02,0.05432088225108372,Axis Small Cap Fund - Regular - Growth
119095,2024-12-03,0.44828138691488595,Axis Small Cap Fund - Regular - Growth
119095,2024-12-04,0.18912144307096931,Axis Small Cap Fund - Regular - Growth
119095,2024-12-05,0.10769222822632395,Axis Small Cap Fund - Regular - Growth
119095,2024-12-06,0.15265964704105753,Axis Small Cap Fund - Regular - Growth
119095,2024-12-07,0.15265964704105753,Axis Small Cap Fund - Regular - Growth
119095,2024-12-08,0.2633554486371331,Axis Small Cap Fund - Regular - Growth
119095,2024-12-09,0.1590226217711678,Axis Small Cap Fund - Regular - Growth
119095,2024-12-10,0.17643298343354732,Axis Small Cap Fund - Regular - Growth
119095,2024-12-11,0.011740249207516523,Axis Small Cap Fund - Regular - Growth
119095,2024-12-12,-0.042487202147725084,Axis Small Cap Fund - Regular - Growth
119095,2024-12-13,-0.0357839151209909,Axis Small Cap Fund - Regular - Growth
119095,2024-12-14,-0.0357839151209909,Axis Small Cap Fund - Regular - Growth
119095,2024-12-15,-0.09323007444224705,Axis Small Cap Fund - Regular - Growth
119095,2024-12-16,-0.1397474930059104,Axis Small Cap Fund - Regular - Growth
119095,2024-12-17,0.1697708235027767,Axis Small Cap Fund - Regular - Growth
119095,2024-12-18,0.28582879630098296,Axis Small Cap Fund - Regular - Growth
119095,2024-12-19,0.2600313421768866,Axis Small Cap Fund - Regular - Growth
119095,2024-12-20,0.23045405490561086,Axis Small Cap Fund - Regular - Growth
119095,2024-12-21,0.23045405490561086,Axis Small Cap Fund - Regular - Growth
119095,2024-12-22,0.16718170785762215,Axis Small Cap Fund - Regular - Growth
119095,2024-12-23,0.6634548506777992,Axis Small Cap Fund - Regular - Growth
119095,2024-12-24,0.506940058842836,Axis Small Cap Fund - Regular - Growth
119095,2024-12-25,0.28638485791914553,Axis Small Cap Fund - Regular - Growth
119095,2024-12-26,0.2262978814180036,Axis Small Cap Fund - Regular - Growth
119095,2024-12-27,0.17670317543126993,Axis Small Cap Fund - Regular - Growth
119095,2024-12-28,0.17670317543126993,Axis Small Cap Fund - Regular - Growth
119095,2024-12-29,-0.012587733858128862,Axis Small Cap Fund - Regular - Growth
119095,2024-12-30,0.31970032368793366,Axis Small Cap Fund - Regular - Growth
119095,2024-12-31,0.5212960763009739,Axis Small Cap Fund - Regular - Growth
119095,2025-01-01,0.5896405963000232,Axis Small Cap Fund - Regular - Growth
119095,2025-01-02,0.5747128200869905,Axis Small Cap Fund - Regular - Growth
119095,2025-01-03,1.0379542478237156,Axis Small Cap Fund - Regular - Growth
119095,2025-01-04,1.0379542478237156,Axis Small Cap Fund - Regular - Growth
119095,2025-01-05,1.3784573328078071,Axis Small Cap Fund - Regular - Growth
119095,2025-01-06,1.2710245713656916,Axis Small Cap Fund - Regular - Growth
119095,2025-01-07,1.095044514861249,Axis Small Cap Fund - Regular - Growth
119095,2025-01-08,0.7873883382243942,Axis Small Cap Fund - Regular - Growth
119095,2025-01-09,0.8188795058653887,Axis Small Cap Fund - Regular - Growth
119095,2025-01-10,0.5576178103368877,Axis Small Cap Fund - Regular - Growth
119095,2025-01-11,0.5576178103368877,Axis Small Cap Fund - Regular - Growth
119095,2025-01-12,0.5251780356575879,Axis Small Cap Fund - Regular - Growth
119095,2025-01-13,0.6741814803644531,Axis Small Cap Fund - Regular - Growth
119095,2025-01-14,0.2589262387523018,Axis Small Cap Fund - Regular - Growth
119095,2025-01-15,-0.5044556622233782,Axis Small Cap Fund - Regular - Growth
119095,2025-01-16,-0.621956727100175,Axis Small Cap Fund - Regular - Growth
119095,2025-01-17,-0.6062389346247503,Axis Small Cap Fund - Regular - Growth
119095,2025-01-18,-0.6062389346247503,Axis Small Cap Fund - Regular - Growth
119095,2025-01-19,-0.8222666997928771,Axis Small Cap Fund - Regular - Growth
119095,2025-01-20,-0.414441271085745,Axis Small Cap Fund - Regular - Growth
119095,2025-01-21,-0.13054781243360328,Axis Small Cap Fund - Regular - Growth
119095,2025-01-22,-0.11333253228813263,Axis Small Cap Fund - Regular - Growth
119095,2025-01-23,-0.058538763003419564,Axis Small Cap Fund - Regular - Growth
119095,2025-01-24,-0.11459904024441485,Axis Small Cap Fund - Regular - Growth
119095,2025-01-25,-0.11459904024441485,Axis Small Cap Fund - Regular - Growth
119095,2025-01-26,0.07456088874674749,Axis Small Cap Fund - Regular - Growth
119095,2025-01-27,-0.4952088749337685,Axis Small Cap Fund - Regular - Growth
119095,2025-01-28,-0.6742876349481719,Axis Small Cap Fund - Regular - Growth
119095,2025-01-29,-1.0745843912001782,Axis Small Cap Fund - Regular - Growth
119095,2025-01-30,-0.8647453185654124,Axis Small Cap Fund - Regular - Growth
119095,2025-01-31,-0.6985152633426376,Axis Small Cap Fund - Regular - Growth
119095,2025-02-01,-0.6985152633426374,Axis Small Cap Fund - Regular - Growth
119095,2025-02-02,-0.8694723695810019,Axis Small Cap Fund - Regular - Growth
119095,2025-02-03,-0.5221410032204605,Axis Small Cap Fund - Regular - Growth
119095,2025-02-04,-0.5813765378333948,Axis Small Cap Fund - Regular - Growth
119095,2025-02-05,-0.5861785683820091,Axis Small Cap Fund - Regular - Growth
119095,2025-02-06,-0.04808783566536441,Axis Small Cap Fund - Regular - Growth
119095,2025-02-07,-0.2810035613286422,Axis Small Cap Fund - Regular - Growth
119095,2025-02-08,-0.2810035613286422,Axis Small Cap Fund - Regular - Growth
119095,2025-02-09,-0.3733669262962227,Axis Small Cap Fund - Regular - Growth
119095,2025-02-10,-0.37162965137820664,Axis Small Cap Fund - Regular - Growth
119095,2025-02-11,-0.27068636122690826,Axis Small Cap Fund - Regular - Growth
119095,2025-02-12,0.12281799153002236,Axis Small Cap Fund - Regular - Growth
119095,2025-02-13,-0.08626313684093358,Axis Small Cap Fund - Regular - Growth
119095,2025-02-14,-0.21189105436285785,Axis Small Cap Fund - Regular - Growth
119095,2025-02-15,-0.21189105436285785,Axis Small Cap Fund - Regular - Growth
119095,2025-02-16,-0.18497059711035643,Axis Small Cap Fund - Regular - Growth
119095,2025-02-17,-0.1333194077914629,Axis Small Cap Fund - Regular - Growth
119095,2025-02-18,-0.6820996387519476,Axis Small Cap Fund - Regular - Growth
119095,2025-02-19,-0.5315444853692308,Axis Small Cap Fund - Regular - Growth
119095,2025-02-20,-0.44096854299669724,Axis Small Cap Fund - Regular - Growth
119095,2025-02-21,-0.35980017815498416,Axis Small Cap Fund - Regular - Growth
119095,2025-02-22,-0.35980017815498416,Axis Small Cap Fund - Regular - Growth
119095,2025-02-23,0.04694051735049421,Axis Small Cap Fund - Regular - Growth
119095,2025-02-24,0.05415195930518554,Axis Small Cap Fund - Regular - Growth
119095,2025-02-25,0.7953972293930942,Axis Small Cap Fund - Regular - Growth
119095,2025-02-26,1.0692801088451778,Axis Small Cap Fund - Regular - Growth
119095,2025-02-27,1.6976672186319475,Axis Small Cap Fund - Regular - Growth
119095,2025-02-28,1.5796834861039886,Axis Small Cap Fund - Regular - Growth
119095,2025-03-01,1.5796834861039886,Axis Small Cap Fund - Regular - Growth
119095,2025-03-02,1.715850446197326,Axis Small Cap Fund - Regular - Growth
119095,2025-03-03,1.9653199976710063,Axis Small Cap Fund - Regular - Growth
119095,2025-03-04,1.8050694856983494,Axis Small Cap Fund - Regular - Growth
119095,2025-03-05,2.076787047737951,Axis Small Cap Fund - Regular - Growth
119095,2025-03-06,2.3919679996987853,Axis Small Cap Fund - Regular - Growth
119095,2025-03-07,2.4793294598172304,Axis Small Cap Fund - Regular - Growth
119095,2025-03-08,2.4793294598172304,Axis Small Cap Fund - Regular - Growth
119095,2025-03-09,2.4021502676098816,Axis Small Cap Fund - Regular - Growth
119095,2025-03-10,2.670599284739879,Axis Small Cap Fund - Regular - Growth
119095,2025-03-11,2.616252251044771,Axis Small Cap Fund - Regular - Growth
119095,2025-03-12,2.3862137666745866,Axis Small Cap Fund - Regular - Growth
119095,2025-03-13,2.4493567171370905,Axis Small Cap Fund - Regular - Growth
119095,2025-03-14,2.717697218512948,Axis Small Cap Fund - Regular - Growth
119095,2025-03-15,2.717697218512948,Axis Small Cap Fund - Regular - Growth
119095,2025-03-16,2.945923960056767,Axis Small Cap Fund - Regular - Growth
119095,2025-03-17,2.631477750388944,Axis Small Cap Fund - Regular - Growth
119095,2025-03-18,2.8491932597786134,Axis Small Cap Fund - Regular - Growth
119095,2025-03-19,2.905115013360754,Axis Small Cap Fund - Regular - Growth
119095,2025-03-20,2.9919564525975986,Axis Small Cap Fund - Regular - Growth
119095,2025-03-21,3.0482185460671563,Axis Small Cap Fund - Regular - Growth
119095,2025-03-22,3.0482185460671563,Axis Small Cap Fund - Regular - Growth
119095,2025-03-23,2.7102723510608913,Axis Small Cap Fund - Regular - Growth
119095,2025-03-24,2.657341642579698,Axis Small Cap Fund - Regular - Growth
119095,2025-03-25,2.1133582626611207,Axis Small Cap Fund - Regular - Growth
119095,2025-03-26,2.111218626009604,Axis Small Cap Fund - Regular - Growth
119095,2025-03-27,2.21227896299923,Axis Small Cap Fund - Regular - Growth
119095,2025-03-28,2.204251996940425,Axis Small Cap Fund - Regular - Growth
119095,2025-03-29,2.204251996940425,Axis Small Cap Fund - Regular - Growth
119095,2025-03-30,1.9253997850550295,Axis Small Cap Fund - Regular - Growth
119095,2025-03-31,2.0240280377051962,Axis Small Cap Fund - Regular - Growth
119095,2025-04-01,2.180156184027438,Axis Small Cap Fund - Regular - Growth
119095,2025-04-02,2.130507218206763,Axis Small Cap Fund - Regular - Growth
119095,2025-04-03,1.4944308914482884,Axis Small Cap Fund - Regular - Growth
119095,2025-04-04,1.793160696785416,Axis Small Cap Fund - Regular - Growth
119095,2025-04-05,1.793160696785416,Axis Small Cap Fund - Regular - Growth
119095,2025-04-06,1.7740131426312653,Axis Small Cap Fund - Regular - Growth
119095,2025-04-07,1.657076136266055,Axis Small Cap Fund - Regular - Growth
119095,2025-04-08,1.6697921746565763,Axis Small Cap Fund - Regular - Growth
119095,2025-04-09,1.3449628736343524,Axis Small Cap Fund - Regular - Growth
119095,2025-04-10,1.79315234732869,Axis Small Cap Fund - Regular - Growth
119095,2025-04-11,2.046690448194581,Axis Small Cap Fund - Regular - Growth
119095,2025-04-12,2.046690448194581,Axis Small Cap Fund - Regular - Growth
119095,2025-04-13,1.948254606979507,Axis Small Cap Fund - Regular - Growth
119095,2025-04-14,2.064501128031225,Axis Small Cap Fund - Regular - Growth
119095,2025-04-15,2.5405584687947873,Axis Small Cap Fund - Regular - Growth
119095,2025-04-16,2.8487505742094816,Axis Small Cap Fund - Regular - Growth
119095,2025-04-17,3.1491501643550763,Axis Small Cap Fund - Regular - Growth
119095,2025-04-18,2.74057834804746,Axis Small Cap Fund - Regular - Growth
119095,2025-04-19,2.74057834804746,Axis Small Cap Fund - Regular - Growth
119095,2025-04-20,2.482595748731928,Axis Small Cap Fund - Regular - Growth
119095,2025-04-21,2.4530480765990617,Axis Small Cap Fund - Regular - Growth
119095,2025-04-22,2.587658278126325,Axis Small Cap Fund - Regular - Growth
119095,2025-04-23,2.328938800871669,Axis Small Cap Fund - Regular - Growth
119095,2025-04-24,2.4678054681650674,Axis Small Cap Fund - Regular - Growth
119095,2025-04-25,2.620261117458651,Axis Small Cap Fund - Regular - Growth
119095,2025-04-26,2.620261117458651,Axis Small Cap Fund - Regular - Growth
119095,2025-04-27,2.9494238352508755,Axis Small Cap Fund - Regular - Growth
119095,2025-04-28,3.059152256761087,Axis Small Cap Fund - Regular - Growth
119095,2025-04-29,3.7610495737780405,Axis Small Cap Fund - Regular - Growth
119095,2025-04-30,3.638074464528594,Axis Small Cap Fund - Regular - Growth
119095,2025-05-01,3.491576184981162,Axis Small Cap Fund - Regular - Growth
119095,2025-05-02,3.4646049105625067,Axis Small Cap Fund - Regular - Growth
119095,2025-05-03,3.4646049105625067,Axis Small Cap Fund - Regular - Growth
119095,2025-05-04,3.6562409073515685,Axis Small Cap Fund - Regular - Growth
119095,2025-05-05,3.734766125982463,Axis Small Cap Fund - Regular - Growth
119095,2025-05-06,3.6997645110338024,Axis Small Cap Fund - Regular - Growth
119095,2025-05-07,3.5382404456305228,Axis Small Cap Fund - Regular - Growth
119095,2025-05-08,3.847361540700323,Axis Small Cap Fund - Regular - Growth
119095,2025-05-09,3.8298841083419766,Axis Small Cap Fund - Regular - Growth
119095,2025-05-10,3.8298841083419766,Axis Small Cap Fund - Regular - Growth
119095,2025-05-11,3.6988663202692598,Axis Small Cap Fund - Regular - Growth
119095,2025-05-12,3.8893806425980677,Axis Small Cap Fund - Regular - Growth
119095,2025-05-13,3.8234658500316416,Axis Small Cap Fund - Regular - Growth
119095,2025-05-14,3.5586245218470114,Axis Small Cap Fund - Regular - Growth
119095,2025-05-15,3.842074961519707,Axis Small Cap Fund - Regular - Growth
119095,2025-05-16,3.878498885726916,Axis Small Cap Fund - Regular - Growth
119095,2025-05-17,3.878498885726916,Axis Small Cap Fund - Regular - Growth
119095,2025-05-18,3.6402646445004514,Axis Small Cap Fund - Regular - Growth
119095,2025-05-19,3.9760928379299614,Axis Small Cap Fund - Regular - Growth
119095,2025-05-20,4.04045554992754,Axis Small Cap Fund - Regular - Growth
119095,2025-05-21,3.7567323256348684,Axis Small Cap Fund - Regular - Growth
119095,2025-05-22,3.811499517298291,Axis Small Cap Fund - Regular - Growth
119095,2025-05-23,3.650575647771699,Axis Small Cap Fund - Regular - Growth
119095,2025-05-24,3.650575647771699,Axis Small Cap Fund - Regular - Growth
119095,2025-05-25,3.6832908907894897,Axis Small Cap Fund - Regular - Growth
119095,2025-05-26,3.066431423752799,Axis Small Cap Fund - Regular - Growth
119095,2025-05-27,3.0753083742573453,Axis Small Cap Fund - Regular - Growth
119095,2025-05-28,2.104229031107655,Axis Small Cap Fund - Regular - Growth
119095,2025-05-29,2.1842441111489044,Axis Small Cap Fund - Regular - Growth
119095,2025-05-30,2.4736353986382853,Axis Small Cap Fund - Regular - Growth
119095,2025-05-31,2.4736353986382853,Axis Small Cap Fund - Regular - Growth
119095,2025-06-01,2.2097236138585377,Axis Small Cap Fund - Regular - Growth
119095,2025-06-02,2.1701091775920145,Axis Small Cap Fund - Regular - Growth
119095,2025-06-03,1.363238144347845,Axis Small Cap Fund - Regular - Growth
119095,2025-06-04,1.2718246408693241,Axis Small Cap Fund - Regular - Growth
119095,2025-06-05,1.087950972991513,Axis Small Cap Fund - Regular - Growth
119095,2025-06-06,1.0964070796880687,Axis Small Cap Fund - Regular - Growth
119095,2025-06-07,1.0964070796880687,Axis Small Cap Fund - Regular - Growth
119095,2025-06-08,1.0242114180540451,Axis Small Cap Fund - Regular - Growth
119095,2025-06-09,1.398348824774567,Axis Small Cap Fund - Regular - Growth
119095,2025-06-10,1.7514879973270878,Axis Small Cap Fund - Regular - Growth
119095,2025-06-11,1.8427144666246156,Axis Small Cap Fund - Regular - Growth
119095,2025-06-12,1.7400410464222613,Axis Small Cap Fund - Regular - Growth
119095,2025-06-13,1.3449274548502435,Axis Small Cap Fund - Regular - Growth
119095,2025-06-14,1.3449274548502435,Axis Small Cap Fund - Regular - Growth
119095,2025-06-15,1.4521173795383155,Axis Small Cap Fund - Regular - Growth
119095,2025-06-16,0.69820093668564,Axis Small Cap Fund - Regular - Growth
119095,2025-06-17,1.0770388806327837,Axis Small Cap Fund - Regular - Growth
119095,2025-06-18,0.8565061127443684,Axis Small Cap Fund - Regular - Growth
119095,2025-06-19,0.6613747995114563,Axis Small Cap Fund - Regular - Growth
119095,2025-06-20,0.4012169218982666,Axis Small Cap Fund - Regular - Growth
119095,2025-06-21,0.4012169218982666,Axis Small Cap Fund - Regular - Growth
119095,2025-06-22,0.4109403291872994,Axis Small Cap Fund - Regular - Growth
119095,2025-06-23,0.7742296932677869,Axis Small Cap Fund - Regular - Growth
119095,2025-06-24,0.8343369777230409,Axis Small Cap Fund - Regular - Growth
119095,2025-06-25,0.5836675828028813,Axis Small Cap Fund - Regular - Growth
119095,2025-06-26,0.37480296031169374,Axis Small Cap Fund - Regular - Growth
119095,2025-06-27,0.45491198094634216,Axis Small Cap Fund - Regular - Growth
119095,2025-06-28,0.45491198094634216,Axis Small Cap Fund - Regular - Growth
119095,2025-06-29,0.30688827054493806,Axis Small Cap Fund - Regular - Growth
119095,2025-06-30,-0.03022264147799937,Axis Small Cap Fund - Regular - Growth
119095,2025-07-01,-0.10847436428817926,Axis Small Cap Fund - Regular - Growth
119095,2025-07-02,-0.3550412568852443,Axis Small Cap Fund - Regular - Growth
119095,2025-07-03,-0.26813621808825244,Axis Small Cap Fund - Regular - Growth
119095,2025-07-04,-0.060073059541344405,Axis Small Cap Fund - Regular - Growth
119095,2025-07-05,-0.060073059541344405,Axis Small Cap Fund - Regular - Growth
119095,2025-07-06,0.2062446097425871,Axis Small Cap Fund - Regular - Growth
119095,2025-07-07,0.22712212600253845,Axis Small Cap Fund - Regular - Growth
119095,2025-07-08,0.21691129665520614,Axis Small Cap Fund - Regular - Growth
119095,2025-07-09,0.06349009106203783,Axis Small Cap Fund - Regular - Growth
119095,2025-07-10,-0.22122239385428602,Axis Small Cap Fund - Regular - Growth
119095,2025-07-11,-0.4719493933054952,Axis Small Cap Fund - Regular - Growth
119095,2025-07-12,-0.4719493933054952,Axis Small Cap Fund - Regular - Growth
119095,2025-07-13,-0.44723461441537293,Axis Small Cap Fund - Regular - Growth
119095,2025-07-14,-0.9765890094666204,Axis Small Cap Fund - Regular - Growth
119095,2025-07-15,-1.1692809723408355,Axis Small Cap Fund - Regular - Growth
119095,2025-07-16,-1.8736515223686547,Axis Small Cap Fund - Regular - Growth
119095,2025-07-17,-1.5103511440293642,Axis Small Cap Fund - Regular - Growth
119095,2025-07-18,-1.4607388202766796,Axis Small Cap Fund - Regular - Growth
119095,2025-07-19,-1.4607388202766796,Axis Small Cap Fund - Regular - Growth
119095,2025-07-20,-1.637587425717657,Axis Small Cap Fund - Regular - Growth
119095,2025-07-21,-1.9123457148171359,Axis Small Cap Fund - Regular - Growth
119095,2025-07-22,-1.9447443009581304,Axis Small Cap Fund - Regular - Growth
119095,2025-07-23,-1.597354455620911,Axis Small Cap Fund - Regular - Growth
119095,2025-07-24,-1.589579206630251,Axis Small Cap Fund - Regular - Growth
119095,2025-07-25,-1.66854626113394,Axis Small Cap Fund - Regular - Growth
119095,2025-07-26,-1.66854626113394,Axis Small Cap Fund - Regular - Growth
119095,2025-07-27,-1.805416303852533,Axis Small Cap Fund - Regular - Growth
119095,2025-07-28,-1.7685636187546447,Axis Small Cap Fund - Regular - Growth
119095,2025-07-29,-2.0196046059064794,Axis Small Cap Fund - Regular - Growth
119095,2025-07-30,-2.1813107290454887,Axis Small Cap Fund - Regular - Growth
119095,2025-07-31,-2.1670926976844496,Axis Small Cap Fund - Regular - Growth
119095,2025-08-01,-2.428236532237251,Axis Small Cap Fund - Regular - Growth
119095,2025-08-02,-2.428236532237251,Axis Small Cap Fund - Regular - Growth
119095,2025-08-03,-2.5588118059576503,Axis Small Cap Fund - Regular - Growth
119095,2025-08-04,-2.1324374365656813,Axis Small Cap Fund - Regular - Growth
119095,2025-08-05,-2.098267025937752,Axis Small Cap Fund - Regular - Growth
119095,2025-08-06,-2.248235646305349,Axis Small Cap Fund - Regular - Growth
119095,2025-08-07,-2.1302074123194275,Axis Small Cap Fund - Regular - Growth
119095,2025-08-08,-2.09025545199131,Axis Small Cap Fund - Regular - Growth
119095,2025-08-09,-2.09025545199131,Axis Small Cap Fund - Regular - Growth
119095,2025-08-10,-1.9869541457950302,Axis Small Cap Fund - Regular - Growth
119095,2025-08-11,-2.130670137941174,Axis Small Cap Fund - Regular - Growth
119095,2025-08-12,-2.290838822944692,Axis Small Cap Fund - Regular - Growth
119095,2025-08-13,-2.665856084311132,Axis Small Cap Fund - Regular - Growth
119095,2025-08-14,-2.182876989225334,Axis Small Cap Fund - Regular - Growth
119095,2025-08-15,-2.3994613494712427,Axis Small Cap Fund - Regular - Growth
119095,2025-08-16,-2.3994613494712427,Axis Small Cap Fund - Regular - Growth
119095,2025-08-17,-2.339597357005874,Axis Small Cap Fund - Regular - Growth
119095,2025-08-18,-2.3077811795940097,Axis Small Cap Fund - Regular - Growth
119095,2025-08-19,-2.4357364536327912,Axis Small Cap Fund - Regular - Growth
119095,2025-08-20,-2.4007488826877053,Axis Small Cap Fund - Regular - Growth
119095,2025-08-21,-2.1880884399420357,Axis Small Cap Fund - Regular - Growth
119095,2025-08-22,-2.048789099907576,Axis Small Cap Fund - Regular - Growth
119095,2025-08-23,-2.048789099907576,Axis Small Cap Fund - Regular - Growth
119095,2025-08-24,-1.7342421065624476,Axis Small Cap Fund - Regular - Growth
119095,2025-08-25,-1.490217602782234,Axis Small Cap Fund - Regular - Growth
119095,2025-08-26,-1.4118450733059844,Axis Small Cap Fund - Regular - Growth
119095,2025-08-27,-1.4898739270919692,Axis Small Cap Fund - Regular - Growth
119095,2025-08-28,-2.029075097732087,Axis Small Cap Fund - Regular - Growth
119095,2025-08-29,-1.9821156727071787,Axis Small Cap Fund - Regular - Growth
119095,2025-08-30,-1.9821156727071787,Axis Small Cap Fund - Regular - Growth
119095,2025-08-31,-1.831511005800941,Axis Small Cap Fund - Regular - Growth
119095,2025-09-01,-1.7148794766631565,Axis Small Cap Fund - Regular - Growth
119095,2025-09-02,-2.365992783263677,Axis Small Cap Fund - Regular - Growth
119095,2025-09-03,-2.3225225540495757,Axis Small Cap Fund - Regular - Growth
119095,2025-09-04,-2.664357228348136,Axis Small Cap Fund - Regular - Growth
119095,2025-09-05,-2.603223690488897,Axis Small Cap Fund - Regular - Growth
119095,2025-09-06,-2.603223690488897,Axis Small Cap Fund - Regular - Growth
119095,2025-09-07,-2.776299895850712,Axis Small Cap Fund - Regular - Growth
119095,2025-09-08,-3.0953984068315332,Axis Small Cap Fund - Regular - Growth
119095,2025-09-09,-3.402989037724697,Axis Small Cap Fund - Regular - Growth
119095,2025-09-10,-3.9269998726416255,Axis Small Cap Fund - Regular - Growth
119095,2025-09-11,-3.273869685521452,Axis Small Cap Fund - Regular - Growth
119095,2025-09-12,-3.4974794910823,Axis Small Cap Fund - Regular - Growth
119095,2025-09-13,-3.4974794910823,Axis Small Cap Fund - Regular - Growth
119095,2025-09-14,-3.2803219569107824,Axis Small Cap Fund - Regular - Growth
119095,2025-09-15,-3.6040327789804003,Axis Small Cap Fund - Regular - Growth
119095,2025-09-16,-3.740951787171498,Axis Small Cap Fund - Regular - Growth
119095,2025-09-17,-3.766756172040794,Axis Small Cap Fund - Regular - Growth
119095,2025-09-18,-3.1605162496943295,Axis Small Cap Fund - Regular - Growth
119095,2025-09-19,-3.0932025807190313,Axis Small Cap Fund - Regular - Growth
119095,2025-09-20,-3.093202580719031,Axis Small Cap Fund - Regular - Growth
119095,2025-09-21,-3.0313353198376047,Axis Small Cap Fund - Regular - Growth
119095,2025-09-22,-3.0933355372286444,Axis Small Cap Fund - Regular - Growth
119095,2025-09-23,-2.941924161946753,Axis Small Cap Fund - Regular - Growth
119095,2025-09-24,-2.8646714546055914,Axis Small Cap Fund - Regular - Growth
119095,2025-09-25,-2.9427368209110782,Axis Small Cap Fund - Regular - Growth
119095,2025-09-26,-2.7847769140654286,Axis Small Cap Fund - Regular - Growth
119095,2025-09-27,-2.7847769140654286,Axis Small Cap Fund - Regular - Growth
119095,2025-09-28,-2.65700413223198,Axis Small Cap Fund - Regular - Growth
119095,2025-09-29,-2.610514997581093,Axis Small Cap Fund - Regular - Growth
119095,2025-09-30,-2.2360292296248323,Axis Small Cap Fund - Regular - Growth
119095,2025-10-01,-2.6211914919383497,Axis Small Cap Fund - Regular - Growth
119095,2025-10-02,-2.883230448855058,Axis Small Cap Fund - Regular - Growth
119095,2025-10-03,-3.006110724730678,Axis Small Cap Fund - Regular - Growth
119095,2025-10-04,-3.006110724730678,Axis Small Cap Fund - Regular - Growth
119095,2025-10-05,-2.924692528517107,Axis Small Cap Fund - Regular - Growth
119095,2025-10-06,-2.8617584528367637,Axis Small Cap Fund - Regular - Growth
119095,2025-10-07,-2.7176464982812982,Axis Small Cap Fund - Regular - Growth
119095,2025-10-08,-2.5516709102639514,Axis Small Cap Fund - Regular - Growth
119095,2025-10-09,-2.530685753498815,Axis Small Cap Fund - Regular - Growth
119095,2025-10-10,-2.569249764159253,Axis Small Cap Fund - Regular - Growth
119095,2025-10-11,-2.569249764159253,Axis Small Cap Fund - Regular - Growth
119095,2025-10-12,-2.1873913415068693,Axis Small Cap Fund - Regular - Growth
119095,2025-10-13,-2.227689620907721,Axis Small Cap Fund - Regular - Growth
119095,2025-10-14,-1.786167913626633,Axis Small Cap Fund - Regular - Growth
119095,2025-10-15,-1.9106950419176651,Axis Small Cap Fund - Regular - Growth
119095,2025-10-16,-1.4563994693358617,Axis Small Cap Fund - Regular - Growth
119095,2025-10-17,-1.404163828775521,Axis Small Cap Fund - Regular - Growth
119095,2025-10-18,-1.404163828775521,Axis Small Cap Fund - Regular - Growth
119095,2025-10-19,-1.2394677636053812,Axis Small Cap Fund - Regular - Growth
119095,2025-10-20,-0.9068535595094832,Axis Small Cap Fund - Regular - Growth
119095,2025-10-21,-1.4523453775789643,Axis Small Cap Fund - Regular - Growth
119095,2025-10-22,-1.606350010651366,Axis Small Cap Fund - Regular - Growth
119095,2025-10-23,-1.398375658039487,Axis Small Cap Fund - Regular - Growth
119095,2025-10-24,-1.5743809280443892,Axis Small Cap Fund - Regular - Growth
119095,2025-10-25,-1.5743809280443892,Axis Small Cap Fund - Regular - Growth
119095,2025-10-26,-2.1113724140280454,Axis Small Cap Fund - Regular - Growth
119095,2025-10-27,-1.8873614459639128,Axis Small Cap Fund - Regular - Growth
119095,2025-10-28,-1.5062042605474826,Axis Small Cap Fund - Regular - Growth
119095,2025-10-29,-1.5483701119590763,Axis Small Cap Fund - Regular - Growth
119095,2025-10-30,-1.4312069634546751,Axis Small Cap Fund - Regular - Growth
119095,2025-10-31,-1.0294897458755528,Axis Small Cap Fund - Regular - Growth
119095,2025-11-01,-1.0294897458755528,Axis Small Cap Fund - Regular - Growth
119095,2025-11-02,-1.4281181948448094,Axis Small Cap Fund - Regular - Growth
119095,2025-11-03,-1.6838689657773858,Axis Small Cap Fund - Regular - Growth
119095,2025-11-04,-1.5016347673799852,Axis Small Cap Fund - Regular - Growth
119095,2025-11-05,-1.7301885499983034,Axis Small Cap Fund - Regular - Growth
119095,2025-11-06,-1.9360930407510473,Axis Small Cap Fund - Regular - Growth
119095,2025-11-07,-1.7681977277976002,Axis Small Cap Fund - Regular - Growth
119095,2025-11-08,-1.7681977277976002,Axis Small Cap Fund - Regular - Growth
119095,2025-11-09,-1.7196760274320737,Axis Small Cap Fund - Regular - Growth
119095,2025-11-10,-1.5370955464600304,Axis Small Cap Fund - Regular - Growth
119095,2025-11-11,-1.1878657294174573,Axis Small Cap Fund - Regular - Growth
119095,2025-11-12,-2.09330400478947,Axis Small Cap Fund - Regular - Growth
119095,2025-11-13,-1.7342222625234844,Axis Small Cap Fund - Regular - Growth
119095,2025-11-14,-1.8639970454011099,Axis Small Cap Fund - Regular - Growth
119095,2025-11-15,-1.8639970454011099,Axis Small Cap Fund - Regular - Growth
119095,2025-11-16,-2.283996084090385,Axis Small Cap Fund - Regular - Growth
119095,2025-11-17,-2.4497587374337786,Axis Small Cap Fund - Regular - Growth
119095,2025-11-18,-2.166355876186897,Axis Small Cap Fund - Regular - Growth
119095,2025-11-19,-2.136204194130097,Axis Small Cap Fund - Regular - Growth
119095,2025-11-20,-2.2326755079525773,Axis Small Cap Fund - Regular - Growth
119095,2025-11-21,-1.9415979794111273,Axis Small Cap Fund - Regular - Growth
119095,2025-11-22,-1.9415979794111273,Axis Small Cap Fund - Regular - Growth
119095,2025-11-23,-2.1091858137290864,Axis Small Cap Fund - Regular - Growth
119095,2025-11-24,-1.7689546381907562,Axis Small Cap Fund - Regular - Growth
119095,2025-11-25,-1.7913542456248492,Axis Small Cap Fund - Regular - Growth
119095,2025-11-26,-1.5719917326771249,Axis Small Cap Fund - Regular - Growth
119095,2025-11-27,-1.7447379451088687,Axis Small Cap Fund - Regular - Growth
119095,2025-11-28,-1.8327833816946133,Axis Small Cap Fund - Regular - Growth
119095,2025-11-29,-1.8327833816946133,Axis Small Cap Fund - Regular - Growth
119095,2025-11-30,-1.595309420453966,Axis Small Cap Fund - Regular - Growth
119095,2025-12-01,-1.4744643719108448,Axis Small Cap Fund - Regular - Growth
119095,2025-12-02,-1.6164276265821143,Axis Small Cap Fund - Regular - Growth
119095,2025-12-03,-1.0077575518507738,Axis Small Cap Fund - Regular - Growth
119095,2025-12-04,-0.9917097402146716,Axis Small Cap Fund - Regular - Growth
119095,2025-12-05,-1.0844940371657394,Axis Small Cap Fund - Regular - Growth
119095,2025-12-06,-1.0844940371657394,Axis Small Cap Fund - Regular - Growth
119095,2025-12-07,-0.8423861952843171,Axis Small Cap Fund - Regular - Growth
119095,2025-12-08,-0.8795370654477497,Axis Small Cap Fund - Regular - Growth
119095,2025-12-09,-0.5083709138595226,Axis Small Cap Fund - Regular - Growth
119095,2025-12-10,-1.2524205223816878,Axis Small Cap Fund - Regular - Growth
119095,2025-12-11,-0.9170937852441988,Axis Small Cap Fund - Regular - Growth
119095,2025-12-12,-0.6826664866473937,Axis Small Cap Fund - Regular - Growth
119095,2025-12-13,-0.6826664866473937,Axis Small Cap Fund - Regular - Growth
119095,2025-12-14,-0.6143357948874769,Axis Small Cap Fund - Regular - Growth
119095,2025-12-15,0.3113554693228802,Axis Small Cap Fund - Regular - Growth
119095,2025-12-16,0.2530085205889663,Axis Small Cap Fund - Regular - Growth
119095,2025-12-17,0.06685313412018544,Axis Small Cap Fund - Regular - Growth
119095,2025-12-18,-0.15418938764120926,Axis Small Cap Fund - Regular - Growth
119095,2025-12-19,-0.3849429603298658,Axis Small Cap Fund - Regular - Growth
119095,2025-12-20,-0.3849429603298658,Axis Small Cap Fund - Regular - Growth
119095,2025-12-21,-0.24073393728209885,Axis Small Cap Fund - Regular - Growth
119095,2025-12-22,-0.4740900210866339,Axis Small Cap Fund - Regular - Growth
119095,2025-12-23,-0.32278665686012187,Axis Small Cap Fund - Regular - Growth
119095,2025-12-24,-0.5006331230611287,Axis Small Cap Fund - Regular - Growth
119095,2025-12-25,-0.7959245520225767,Axis Small Cap Fund - Regular - Growth
119095,2025-12-26,-0.8782864206434063,Axis Small Cap Fund - Regular - Growth
119095,2025-12-27,-0.8782864206434063,Axis Small Cap Fund - Regular - Growth
119095,2025-12-28,-0.8190734196187872,Axis Small Cap Fund - Regular - Growth
119095,2025-12-29,-1.023864305364313,Axis Small Cap Fund - Regular - Growth
119095,2025-12-30,-1.2460297976221375,Axis Small Cap Fund - Regular - Growth
119095,2025-12-31,-1.622687605574974,Axis Small Cap Fund - Regular - Growth
119095,2026-01-01,-1.4565357183985015,Axis Small Cap Fund - Regular - Growth
119095,2026-01-02,-1.430588265702988,Axis Small Cap Fund - Regular - Growth
119095,2026-01-03,-1.430588265702988,Axis Small Cap Fund - Regular - Growth
119095,2026-01-04,-1.335096923814601,Axis Small Cap Fund - Regular - Growth
119095,2026-01-05,-1.6493054518593504,Axis Small Cap Fund - Regular - Growth
119095,2026-01-06,-1.7463813931575483,Axis Small Cap Fund - Regular - Growth
119095,2026-01-07,-1.2016539125157362,Axis Small Cap Fund - Regular - Growth
119095,2026-01-08,-1.1428683268181823,Axis Small Cap Fund - Regular - Growth
119095,2026-01-09,-0.8395993138756743,Axis Small Cap Fund - Regular - Growth
119095,2026-01-10,-0.8395993138756743,Axis Small Cap Fund - Regular - Growth
119095,2026-01-11,-0.7006747071767168,Axis Small Cap Fund - Regular - Growth
119095,2026-01-12,-0.38604545193294937,Axis Small Cap Fund - Regular - Growth
119095,2026-01-13,0.2062806779953294,Axis Small Cap Fund - Regular - Growth
119095,2026-01-14,-0.44955707298471076,Axis Small Cap Fund - Regular - Growth
119095,2026-01-15,-0.7135106718888529,Axis Small Cap Fund - Regular - Growth
119095,2026-01-16,-0.7873724432679674,Axis Small Cap Fund - Regular - Growth
119095,2026-01-17,-0.7873724432679674,Axis Small Cap Fund - Regular - Growth
119095,2026-01-18,-1.0388804879521025,Axis Small Cap Fund - Regular - Growth
119095,2026-01-19,-0.8225531023513603,Axis Small Cap Fund - Regular - Growth
119095,2026-01-20,-0.5013389376080655,Axis Small Cap Fund - Regular - Growth
119095,2026-01-21,-0.49914103819878275,Axis Small Cap Fund - Regular - Growth
119095,2026-01-22,-0.529922759254313,Axis Small Cap Fund - Regular - Growth
119095,2026-01-23,-0.6344890981717612,Axis Small Cap Fund - Regular - Growth
119095,2026-01-24,-0.6344890981717612,Axis Small Cap Fund - Regular - Growth
119095,2026-01-25,-0.64897564265083,Axis Small Cap Fund - Regular - Growth
119095,2026-01-26,-0.866939814655659,Axis Small Cap Fund - Regular - Growth
119095,2026-01-27,-1.0744003804611983,Axis Small Cap Fund - Regular - Growth
119095,2026-01-28,-0.9140706681259596,Axis Small Cap Fund - Regular - Growth
119095,2026-01-29,-1.5148172225921566,Axis Small Cap Fund - Regular - Growth
119095,2026-01-30,-1.7941835225452991,Axis Small Cap Fund - Regular - Growth
119095,2026-01-31,-1.7941835225452991,Axis Small Cap Fund - Regular - Growth
119095,2026-02-01,-1.593156987132734,Axis Small Cap Fund - Regular - Growth
119095,2026-02-02,-1.7981050867730295,Axis Small Cap Fund - Regular - Growth
119095,2026-02-03,-1.5834630537054861,Axis Small Cap Fund - Regular - Growth
119095,2026-02-04,-1.329918048985552,Axis Small Cap Fund - Regular - Growth
119095,2026-02-05,-1.4619713975072377,Axis Small Cap Fund - Regular - Growth
119095,2026-02-06,-1.2472501533502676,Axis Small Cap Fund - Regular - Growth
119095,2026-02-07,-1.2472501533502676,Axis Small Cap Fund - Regular - Growth
119095,2026-02-08,-1.2185368507821,Axis Small Cap Fund - Regular - Growth
119095,2026-02-09,-1.120057623865611,Axis Small Cap Fund - Regular - Growth
119095,2026-02-10,-0.677902491478627,Axis Small Cap Fund - Regular - Growth
119095,2026-02-11,-0.7659000232840041,Axis Small Cap Fund - Regular - Growth
119095,2026-02-12,-0.6006412469879316,Axis Small Cap Fund - Regular - Growth
119095,2026-02-13,-0.6188047242586532,Axis Small Cap Fund - Regular - Growth
119095,2026-02-14,-0.6188047242586532,Axis Small Cap Fund - Regular - Growth
119095,2026-02-15,-0.2702680991029061,Axis Small Cap Fund - Regular - Growth
119095,2026-02-16,-1.086984113532824,Axis Small Cap Fund - Regular - Growth
119095,2026-02-17,-0.970092961731246,Axis Small Cap Fund - Regular - Growth
119095,2026-02-18,-0.9348733847810687,Axis Small Cap Fund - Regular - Growth
119095,2026-02-19,-1.4357034707965075,Axis Small Cap Fund - Regular - Growth
119095,2026-02-20,-1.1144532429464977,Axis Small Cap Fund - Regular - Growth
119095,2026-02-21,-1.1144532429464977,Axis Small Cap Fund - Regular - Growth
119095,2026-02-22,-1.175477675772515,Axis Small Cap Fund - Regular - Growth
119095,2026-02-23,-1.1365959118292162,Axis Small Cap Fund - Regular - Growth
119095,2026-02-24,-1.123331663375834,Axis Small Cap Fund - Regular - Growth
119095,2026-02-25,-0.7799867917399381,Axis Small Cap Fund - Regular - Growth
119095,2026-02-26,-0.6389048544141538,Axis Small Cap Fund - Regular - Growth
119095,2026-02-27,-0.3574148421084758,Axis Small Cap Fund - Regular - Growth
119095,2026-02-28,-0.35741484210847574,Axis Small Cap Fund - Regular - Growth
119095,2026-03-01,-0.1278163666190597,Axis Small Cap Fund - Regular - Growth
119095,2026-03-02,-0.008120071466081145,Axis Small Cap Fund - Regular - Growth
119095,2026-03-03,0.14960069566398077,Axis Small Cap Fund - Regular - Growth
119095,2026-03-04,-0.06463524064073371,Axis Small Cap Fund - Regular - Growth
119095,2026-03-05,0.2864090441782838,Axis Small Cap Fund - Regular - Growth
119095,2026-03-06,-0.12456031246725868,Axis Small Cap Fund - Regular - Growth
119095,2026-03-07,-0.12456031246725868,Axis Small Cap Fund - Regular - Growth
119095,2026-03-08,0.0546165309390621,Axis Small Cap Fund - Regular - Growth
119095,2026-03-09,-0.07304577497949072,Axis Small Cap Fund - Regular - Growth
119095,2026-03-10,0.29509330131645617,Axis Small Cap Fund - Regular - Growth
119095,2026-03-11,0.195888350503027,Axis Small Cap Fund - Regular - Growth
119095,2026-03-12,0.0025315229497670723,Axis Small Cap Fund - Regular - Growth
119095,2026-03-13,0.020927272028638005,Axis Small Cap Fund - Regular - Growth
119095,2026-03-14,0.020927272028638005,Axis Small Cap Fund - Regular - Growth
119095,2026-03-15,-0.4654144197455928,Axis Small Cap Fund - Regular - Growth
119095,2026-03-16,-0.48180879345303607,Axis Small Cap Fund - Regular - Growth
119095,2026-03-17,-0.8794355101080225,Axis Small Cap Fund - Regular - Growth
119095,2026-03-18,-0.6961170579536745,Axis Small Cap Fund - Regular - Growth
119095,2026-03-19,-0.609213152134401,Axis Small Cap Fund - Regular - Growth
119095,2026-03-20,-0.32433416012323807,Axis Small Cap Fund - Regular - Growth
119095,2026-03-21,-0.324334160123238,Axis Small Cap Fund - Regular - Growth
119095,2026-03-22,-0.11706210453767558,Axis Small Cap Fund - Regular - Growth
119095,2026-03-23,-0.1826925497132087,Axis Small Cap Fund - Regular - Growth
119095,2026-03-24,0.14234501000690408,Axis Small Cap Fund - Regular - Growth
119095,2026-03-25,0.34959193169827807,Axis Small Cap Fund - Regular - Growth
119095,2026-03-26,0.3177450179977442,Axis Small Cap Fund - Regular - Growth
119095,2026-03-27,-0.054798401947462244,Axis Small Cap Fund - Regular - Growth
119095,2026-03-28,-0.05479840194746225,Axis Small Cap Fund - Regular - Growth
119095,2026-03-29,0.07642203200152997,Axis Small Cap Fund - Regular - Growth
119095,2026-03-30,0.46046635746718434,Axis Small Cap Fund - Regular - Growth
119095,2026-03-31,0.755346303501303,Axis Small Cap Fund - Regular - Growth
119095,2026-04-01,0.6576811124285307,Axis Small Cap Fund - Regular - Growth
119095,2026-04-02,0.6143987263666176,Axis Small Cap Fund - Regular - Growth
119095,2026-04-03,0.6152800276829453,Axis Small Cap Fund - Regular - Growth
119095,2026-04-04,0.6152800276829453,Axis Small Cap Fund - Regular - Growth
119095,2026-04-05,0.7644537942047354,Axis Small Cap Fund - Regular - Growth
119095,2026-04-06,0.8801739476787245,Axis Small Cap Fund - Regular - Growth
119095,2026-04-07,0.610942935415831,Axis Small Cap Fund - Regular - Growth
119095,2026-04-08,0.5806632608991908,Axis Small Cap Fund - Regular - Growth
119095,2026-04-09,0.5198675784822995,Axis Small Cap Fund - Regular - Growth
119095,2026-04-10,0.6508882572206824,Axis Small Cap Fund - Regular - Growth
119095,2026-04-11,0.6508882572206824,Axis Small Cap Fund - Regular - Growth
119095,2026-04-12,0.189092463245231,Axis Small Cap Fund - Regular - Growth
119095,2026-04-13,-0.533255028066537,Axis Small Cap Fund - Regular - Growth
119095,2026-04-14,-0.5247473178677908,Axis Small Cap Fund - Regular - Growth
119095,2026-04-15,-0.4489991343000496,Axis Small Cap Fund - Regular - Growth
119095,2026-04-16,-0.3617590894244464,Axis Small Cap Fund - Regular - Growth
119095,2026-04-17,-0.6172011156592264,Axis Small Cap Fund - Regular - Growth
119095,2026-04-18,-0.6172011156592264,Axis Small Cap Fund - Regular - Growth
119095,2026-04-19,-0.6580818544166214,Axis Small Cap Fund - Regular - Growth
119095,2026-04-20,-1.0181932453796134,Axis Small Cap Fund - Regular - Growth
119095,2026-04-21,-1.1960379283754994,Axis Small Cap Fund - Regular - Growth
119095,2026-04-22,-1.4330272908655384,Axis Small Cap Fund - Regular - Growth
119095,2026-04-23,-1.5854234367083688,Axis Small Cap Fund - Regular - Growth
119095,2026-04-24,-2.0625671208019485,Axis Small Cap Fund - Regular - Growth
119095,2026-04-25,-2.0625671208019485,Axis Small Cap Fund - Regular - Growth
119095,2026-04-26,-2.065340078282799,Axis Small Cap Fund - Regular - Growth
119095,2026-04-27,-1.8587084515105763,Axis Small Cap Fund - Regular - Growth
119095,2026-04-28,-1.619115002735461,Axis Small Cap Fund - Regular - Growth
119095,2026-04-29,-1.7347232057879558,Axis Small Cap Fund - Regular - Growth
119095,2026-04-30,-1.6805443670597713,Axis Small Cap Fund - Regular - Growth
119095,2026-05-01,-1.7025658084253876,Axis Small Cap Fund - Regular - Growth
119095,2026-05-02,-1.7025658084253876,Axis Small Cap Fund - Regular - Growth
119095,2026-05-03,-1.530344957320983,Axis Small Cap Fund - Regular - Growth
119095,2026-05-04,-1.8222836199589751,Axis Small Cap Fund - Regular - Growth
119095,2026-05-05,-2.1120943799147147,Axis Small Cap Fund - Regular - Growth
119095,2026-05-06,-2.0151867898937104,Axis Small Cap Fund - Regular - Growth
119095,2026-05-07,-2.3380223583867767,Axis Small Cap Fund - Regular - Growth
119095,2026-05-08,-2.5946037688836263,Axis Small Cap Fund - Regular - Growth
119095,2026-05-09,-2.5946037688836263,Axis Small Cap Fund - Regular - Growth
119095,2026-05-10,-2.809342091768781,Axis Small Cap Fund - Regular - Growth
119095,2026-05-11,-3.1930113945277125,Axis Small Cap Fund - Regular - Growth
119095,2026-05-12,-2.6499735778573674,Axis Small Cap Fund - Regular - Growth
119095,2026-05-13,-2.4313319202729975,Axis Small Cap Fund - Regular - Growth
119095,2026-05-14,-2.487311954971415,Axis Small Cap Fund - Regular - Growth
119095,2026-05-15,-2.4593811170055226,Axis Small Cap Fund - Regular - Growth
119095,2026-05-16,-2.4593811170055226,Axis Small Cap Fund - Regular - Growth
119095,2026-05-17,-2.119619771643329,Axis Small Cap Fund - Regular - Growth
119095,2026-05-18,-2.462257163905407,Axis Small Cap Fund - Regular - Growth
119095,2026-05-19,-2.4375865725500407,Axis Small Cap Fund - Regular - Growth
119095,2026-05-20,-2.37788772111739,Axis Small Cap Fund - Regular - Growth
119095,2026-05-21,-2.817008027291759,Axis Small Cap Fund - Regular - Growth
119095,2026-05-22,-2.7067876483729525,Axis Small Cap Fund - Regular - Growth
119095,2026-05-23,-2.7067876483729525,Axis Small Cap Fund - Regular - Growth
119095,2026-05-24,-2.603479923504177,Axis Small Cap Fund - Regular - Growth
119095,2026-05-25,-2.2460514653303214,Axis Small Cap Fund - Regular - Growth
119095,2026-05-26,-2.311615619774048,Axis Small Cap Fund - Regular - Growth
119095,2026-05-27,-2.0839578683932065,Axis Small Cap Fund - Regular - Growth
119095,2026-05-28,-2.4438806049502078,Axis Small Cap Fund - Regular - Growth
119095,2026-05-29,-2.551939809621587,Axis Small Cap Fund - Regular - Growth
